"p_val","avg_log2FC","pct.1","pct.2","p_val_adj","gene","significant"
2.87173504223542e-303,-2.26989326143781,0.151,0.581,5.12920595893668e-299,"RNASEK",TRUE
5.69528131822782e-267,-1.78879264406178,0.19,0.612,1.01723419624867e-262,"RPL17",TRUE
2.39237738890054e-265,-12.7755457875611,0,0.309,4.27302525431526e-261,"TOMM6",TRUE
9.91582583709935e-228,-12.3086358868867,0,0.271,1.77106565276432e-223,"SEPTIN7",TRUE
3.12206385211526e-206,-12.1500665506878,0,0.249,5.57631824626307e-202,"MICOS10",TRUE
1.48545974307209e-204,-1.83566235445155,0.321,0.639,2.65317964710106e-200,"ARPC1B",TRUE
3.87434817539213e-192,-4.10508462320029,0.012,0.26,6.91997327606789e-188,"PSMA2",TRUE
9.00057297338445e-186,-2.16025701351129,0.226,0.559,1.6075923387762e-181,"CTSD",TRUE
2.73325394297923e-179,-11.9062284712923,0,0.22,4.88186486755521e-175,"RBIS",TRUE
2.84274537081031e-177,-2.17864865523196,0.082,0.366,5.0774275068043e-173,"EEF1G",TRUE
3.99119752954655e-172,-1.8039650790463,0.053,0.326,7.1286779075231e-168,"NDUFB8",TRUE
2.83194991388091e-165,-12.548212793641,0,0.204,5.0581457411827e-161,"SNHG29",TRUE
1.4167547061393e-145,-11.411139359787,0,0.182,2.53046558063541e-141,"SEPTIN9",TRUE
3.18076004622799e-131,-11.5380409868302,0,0.165,5.68115551856782e-127,"SEPTIN2",TRUE
1.77934423546098e-130,-11.3345313496211,0,0.165,3.17808673895685e-126,"CIAO2B",TRUE
3.89184285312172e-128,-3.34465685101028,0.015,0.197,6.95122051996071e-124,"TIMM10B",TRUE
2.23518235929846e-126,-10.8818744202058,0,0.16,3.99225921194298e-122,"CIAO2A",TRUE
2.42986973772499e-124,-2.76168749570398,0.026,0.212,4.33999033855061e-120,"DDX39B",TRUE
2.59253322439009e-115,-10.8369042430702,0,0.147,4.63052359208314e-111,"TLE5",TRUE
9.48690220798762e-113,-3.54990676521618,0.009,0.165,1.69445560336867e-108,"ARPC1A",TRUE
4.46984021235563e-111,-2.19204088041184,0.022,0.192,7.98358160328838e-107,"TRAPPC5",TRUE
1.24630675951879e-110,-9.93984243431367,0.002,0.146,2.22602850317651e-106,"S100A8",TRUE
2.05279287158264e-104,-12.4921032304945,0,0.134,3.66649334793376e-100,"PPIAL4H",TRUE
1.02824553918991e-101,-2.42013837821378,0.018,0.172,1.83654935754709e-97,"SQOR",TRUE
2.70271323101238e-100,-0.901039740967654,0.102,0.319,4.8273161019112e-96,"RAB5C",TRUE
7.61757737482746e-98,-1.03929230515825,0.412,0.641,1.36057549491793e-93,"MTRNR2L12",TRUE
1.90732539953522e-95,-1.26075697130612,0.034,0.2,3.40667389610985e-91,"NDUFA7",TRUE
1.94204182181941e-89,-0.567409676519943,0.125,0.355,3.46868089795164e-85,"NDUFC2",TRUE
1.94867592109674e-88,2.51365504297755,0.179,0.044,3.48053006267089e-84,"AC243756.1",TRUE
1.14932759422113e-87,-9.84556371740023,0,0.113,2.05281401603836e-83,"GET3",TRUE
2.83651624861138e-87,-1.22645416448995,0.196,0.402,5.06630167164479e-83,"RPS17",TRUE
3.26399691925617e-87,-1.75659794526335,0.17,0.361,5.82982489748345e-83,"ARPC4",TRUE
1.55725987156586e-86,-8.68521375181118,0.002,0.116,2.78142185660378e-82,"S100A9",TRUE
3.65947572492616e-85,-0.866719331991825,0.049,0.214,6.53618959229062e-81,"IER3IP1",TRUE
4.97487129419619e-85,-11.0501222331447,0,0.11,8.88561761856381e-81,"Z95331.1",TRUE
1.17176016489379e-80,-10.8504309315575,0,0.104,2.09288083051679e-76,"MICOS13",TRUE
1.12368862055698e-79,-1.52622593078975,0.02,0.15,2.00702024517683e-75,"IL10RB",TRUE
7.12392499573119e-78,-10.0257720214153,0,0.101,1.27240424348755e-73,"AL135905.2",TRUE
2.41834136611014e-76,-8.20656398059966,0.001,0.102,4.31939951400932e-72,"HLA-DRA",TRUE
7.16097124250493e-75,1.50406777125615,0.377,0.206,1.27902107362381e-70,"SEPT7",TRUE
1.34345374837062e-74,-1.28587204248821,0.048,0.196,2.39954273996477e-70,"LY6E",TRUE
2.63647309757285e-74,-3.13205506309886,0.008,0.115,4.70900459957487e-70,"TMED7",TRUE
8.61557733416578e-74,-3.10000679872114,0.007,0.112,1.53882826765535e-69,"PARL",TRUE
4.04372055809463e-73,-1.5817632309857,0.019,0.138,7.22248928881281e-69,"VKORC1",TRUE
6.46953856225695e-73,-0.862434888376063,0.208,0.411,1.15552428260471e-68,"CSNK2B",TRUE
1.1772887682049e-72,-1.08673401516692,0.06,0.214,2.10275546889077e-68,"CRIP1",TRUE
4.53748892810843e-71,-0.328015100888912,0.092,0.272,8.10440897449446e-67,"CHURC1",FALSE
1.95546483644732e-69,-1.6704576345585,0.017,0.129,3.49265574437856e-65,"SDHAF2",TRUE
5.91851330171089e-69,-1.01999366562333,0.049,0.188,1.05710566081858e-64,"HNRNPH2",TRUE
1.80424627807806e-68,-2.89520803245455,0.026,0.144,3.22256427727522e-64,"LST1",TRUE
3.50030151993232e-68,-1.44567141960728,0.125,0.284,6.25188854475112e-64,"EIF4A1",TRUE
4.71783608138548e-68,-0.840246821828788,0.095,0.265,8.42652702496261e-64,"ATP5PO",TRUE
2.4424351712962e-67,-1.77679069740395,0.022,0.137,4.36243345945215e-63,"IL2RG",TRUE
2.8843229910163e-67,-0.729852151158032,0.385,0.594,5.15168929425422e-63,"RPS16",TRUE
4.55794037385685e-67,-1.2373810653348,0.1,0.257,8.14093730174572e-63,"UBE2V1",TRUE
5.37262004159775e-67,-0.508266550390398,0.601,0.782,9.59603665629774e-63,"RPL26",TRUE
5.56721256986207e-67,-1.14920528614876,0.341,0.527,9.94359837103065e-63,"FOS",TRUE
2.22304814305447e-66,-1.33275523107154,0.164,0.346,3.97058628830959e-62,"HLA-B",TRUE
1.72723422649189e-64,2.0528586156054,0.156,0.045,3.08501305193716e-60,"FAM220A",TRUE
4.67232871657904e-64,-0.972514074250705,0.178,0.36,8.34524632068182e-60,"HLA-A",TRUE
3.89468601983817e-63,-3.74477647202064,0.018,0.121,6.95629870003296e-59,"HLA-DRB5",TRUE
1.62863834547614e-62,-1.87094630332833,0.037,0.156,2.90891094885493e-58,"HNRNPUL2",TRUE
4.74817244260073e-62,-1.16572268296389,0.044,0.171,8.48071079972916e-58,"TMBIM4",TRUE
2.55551122458246e-61,-2.00342700728503,0.061,0.19,4.56439859822674e-57,"AIF1",TRUE
5.803317112152e-61,2.36608287298758,0.126,0.03,1.03653046940147e-56,"SEPT5",TRUE
1.10843537569579e-59,-0.836737365860467,0.121,0.28,1.97977642453024e-55,"STXBP2",TRUE
9.63125377576428e-59,-0.633627113347116,0.086,0.238,1.72023823688926e-54,"ZFAS1",TRUE
6.12740746278062e-58,-0.982363251634617,0.163,0.332,1.09441624692725e-53,"JUNB",TRUE
1.61553939650468e-57,-0.490208724797828,0.663,0.822,2.88551491609701e-53,"RPS27",FALSE
3.69015901725618e-57,-0.440848752752135,0.884,0.922,6.59099302072126e-53,"RPLP1",FALSE
5.36832839776453e-57,-0.688050721901969,0.123,0.282,9.58837135124722e-53,"AKAP13",TRUE
7.08330420374772e-57,-0.553256817782852,0.485,0.685,1.26514896383138e-52,"RPS18",TRUE
9.49648150676193e-57,-0.815058053519734,0.096,0.241,1.69616656192275e-52,"DDX17",TRUE
1.00197133672511e-56,-1.08727123679458,0.073,0.208,1.78962100452472e-52,"SLC44A1",TRUE
3.24735813247013e-56,-1.27052645779212,0.041,0.154,5.8001063604049e-52,"MAN2B1",TRUE
6.58118912553874e-56,-2.5265122981531,0.062,0.185,1.17546618971247e-51,"IFI30",TRUE
2.74610342145822e-55,-1.72114566734745,0.018,0.113,4.90481532106653e-51,"SPN",TRUE
6.17166771319874e-55,-1.20424938119646,0.237,0.411,1.10232157025443e-50,"DUSP1",TRUE
7.95814511694298e-55,-0.492214133107814,0.099,0.248,1.42140429933719e-50,"VAMP2",FALSE
2.43242641270009e-54,-1.37929896635175,0.018,0.112,4.34455681572364e-50,"EGLN2",TRUE
2.97354375595455e-54,-1.08540254240372,0.018,0.112,5.31104650251042e-50,"PAGR1",TRUE
4.71121231323208e-54,-0.810961501574855,0.073,0.205,8.41469631266382e-50,"MCL1",TRUE
5.73154358885971e-54,-0.572725643070762,0.098,0.244,1.02371100040623e-49,"CCDC85B",TRUE
3.44950999789098e-53,-1.04798061749733,0.05,0.167,6.16116980723308e-49,"FYB1",TRUE
5.35029007619189e-53,-1.74547628489479,0.015,0.104,9.55615310508633e-49,"TSNAX",TRUE
7.33584059023762e-53,-0.828818128700202,0.06,0.185,1.31025448782234e-48,"XIST",TRUE
2.5815590010827e-52,-0.570393052736235,0.129,0.286,4.6109225318338e-48,"LRRFIP1",TRUE
7.78617709270615e-52,-0.487926826542028,0.332,0.544,1.39068909052825e-47,"NEAT1",FALSE
1.31886205718745e-51,-0.385750216324822,0.179,0.368,2.35561952034251e-47,"SLC25A6",FALSE
1.88057378823789e-51,-0.47711364343907,0.103,0.25,3.35889284317169e-47,"FOSB",FALSE
3.53548707222621e-51,-0.364533398285923,0.584,0.716,6.31473345970324e-47,"MT-CO3",FALSE
4.10053796567199e-51,-0.704402850991256,0.086,0.218,7.32397086048674e-47,"CCDC88A",TRUE
6.72565904671557e-51,-1.53398096277596,0.016,0.103,1.20126996233387e-46,"AC004687.1",TRUE
8.76177803543851e-51,-0.56180764050129,0.073,0.199,1.56494117490967e-46,"COPB1",TRUE
1.45718459997234e-50,-1.01233364649075,0.098,0.233,2.6026774140106e-46,"GRN",TRUE
1.48223961920322e-50,-2.65922462480533,0.02,0.109,2.64742818385887e-46,"HLA-DPA1",TRUE
1.8710374645894e-50,-0.6924378947907,0.036,0.14,3.34186001550312e-46,"RPP21",TRUE
4.16890214823283e-49,-0.367036157011059,0.212,0.4,7.44607612695865e-45,"AHNAK",FALSE
9.42690981308182e-49,-0.592797513086805,0.125,0.267,1.68374036171454e-44,"PRRC2C",TRUE
1.21665947912911e-48,-0.863881702529699,0.023,0.113,2.17307549567251e-44,"ARF3",TRUE
1.60926383641061e-48,-0.36522984634105,0.172,0.337,2.87430613821299e-44,"TCF25",FALSE
3.47647998191199e-48,-0.569701997227537,0.447,0.642,6.20934089569301e-44,"RPS6",TRUE
4.25473926936451e-48,-0.473014331754785,0.133,0.28,7.59938980901195e-44,"PSMA1",FALSE
4.84593150818659e-48,-0.377241580774105,0.541,0.728,8.65531826677206e-44,"RPS25",FALSE
5.12380902022532e-48,-0.487508611818195,0.411,0.603,9.15163529102445e-44,"RPL23A",FALSE
1.36139844864314e-47,-0.843717247027968,0.03,0.126,2.43159376912151e-43,"SELPLG",TRUE
2.02679145074614e-47,-0.574089275163541,0.204,0.371,3.62005221017769e-43,"HNRNPA1",TRUE
2.38985956022882e-47,-0.525397383823006,0.615,0.726,4.26852816052469e-43,"MT-ATP6",TRUE
2.43047580140655e-47,-0.37870520866827,0.185,0.353,4.34107282889224e-43,"HLA-E",FALSE
4.89308220406298e-47,-0.849636152890323,0.059,0.17,8.73953412467689e-43,"SYK",TRUE
8.99882345881199e-47,-0.43242658378277,0.161,0.323,1.60727985797841e-42,"ZEB2",FALSE
1.23114020798771e-46,-2.26468824991415,0.019,0.102,2.19893952548684e-42,"HLA-DMA",TRUE
1.71044393597985e-45,-1.69845596884051,0.057,0.162,3.05502391405362e-41,"RAB4B",TRUE
1.84868353907848e-45,-0.389020266852809,0.096,0.23,3.30193366914808e-41,"LAT2",FALSE
4.57284662532706e-45,-0.672157872308006,0.033,0.126,8.16756135749666e-41,"BORCS8",TRUE
4.81973282501081e-45,-0.621097927282755,0.107,0.239,8.6085247987518e-41,"JUND",TRUE
8.30489511469193e-45,-0.500145193151894,0.074,0.196,1.48333731643513e-40,"CD84",TRUE
1.01781789484979e-44,-0.818649700689855,0.033,0.126,1.81792454199121e-40,"CD4",TRUE
2.21136449809278e-44,-1.04568533031771,0.022,0.105,3.94971813004352e-40,"PRKCSH",TRUE
1.00541951016331e-43,-0.368439839245418,0.888,0.942,1.79577978710268e-39,"EEF1A1",FALSE
1.3320281781209e-43,-0.7800724920235,0.097,0.222,2.37913552894174e-39,"CD68",TRUE
4.43513820557812e-43,-0.735122079410145,0.046,0.146,7.92160034898308e-39,"P2RX1",TRUE
4.72526997679593e-43,-0.572393880147239,0.229,0.392,8.43980470555522e-39,"JUN",TRUE
7.414940861615e-43,-0.576783616681154,0.038,0.133,1.32438258729306e-38,"RNF213",TRUE
7.61172976363428e-43,-0.864806118687573,0.083,0.197,1.35953105308272e-38,"MACF1",TRUE
1.35454444924362e-42,-0.65267034701418,0.039,0.134,2.41935184079402e-38,"AAK1",TRUE
1.47708613537495e-42,-0.449827663288921,0.105,0.234,2.63822354639321e-38,"USP48",FALSE
1.71644831707653e-42,-0.302879084693182,0.218,0.383,3.06574833913039e-38,"KMT2E",FALSE
1.83149616533168e-42,-0.322245540857747,0.094,0.224,3.2712353008989e-38,"BST2",FALSE
2.4954903269149e-42,-0.492033830782465,0.448,0.632,4.45719527290271e-38,"MT-ND1",FALSE
4.82859110541881e-42,-0.358061964613548,0.089,0.212,8.62434657338854e-38,"HNRNPA0",FALSE
5.04087786555986e-42,-0.366036886538603,0.068,0.182,9.00351195567647e-38,"DPP7",FALSE
1.11320794428671e-41,-0.47999049708582,0.099,0.221,1.98830070929049e-37,"ARGLU1",FALSE
2.30490451825273e-41,-0.874561869473202,0.028,0.113,4.11678996005121e-37,"ADGRE5",TRUE
2.60286543248447e-41,-0.665106570107274,0.035,0.126,4.64897794896051e-37,"STX10",TRUE
2.83581697832028e-41,-0.620284592341934,0.057,0.162,5.06505270497785e-37,"PPP1R15A",TRUE
3.51923649341304e-41,-0.477430236625382,0.053,0.156,6.28570830088504e-37,"SIVA1",FALSE
3.93711760177788e-41,1.86132237321069,0.15,0.059,7.03208574853547e-37,"RAMMET",TRUE
5.66100272716722e-41,-0.667728704575953,0.044,0.141,1.01111169709934e-36,"CD302",TRUE
5.70778558623867e-41,-0.439252468723224,0.787,0.854,1.01946758355809e-36,"RPL41",FALSE
7.98491382150836e-41,-0.726983575246768,0.118,0.244,1.42618545765961e-36,"DDX3X",TRUE
8.26999729397415e-41,-1.29326916882514,0.065,0.164,1.47710421667672e-36,"APLP2",TRUE
1.0601654994675e-40,-0.590625349201996,0.137,0.268,1.8935615985989e-36,"TGFB1",TRUE
1.81079992588306e-40,-0.458817313474834,0.543,0.708,3.23426974761972e-36,"RPS19",FALSE
2.11421689649536e-40,-0.752658433836811,0.04,0.132,3.77620279883037e-36,"TYMP",TRUE
2.1230964528346e-40,-0.796577451876995,0.103,0.22,3.79206257440789e-36,"GRK2",TRUE
2.31430366244137e-40,-0.68767140262819,0.115,0.239,4.13357777148652e-36,"FOXP1",TRUE
2.4912099578168e-40,-0.883169425204215,0.04,0.131,4.44955010565659e-36,"ADAR",TRUE
2.75245463389757e-40,-1.17888133867578,0.023,0.101,4.91615922160445e-36,"HSPA1A",TRUE
3.62262139597094e-40,-0.555937592689518,0.202,0.345,6.4703640753437e-36,"MBNL1",TRUE
4.02865878418995e-40,-0.603044842588886,0.078,0.186,7.19558745444168e-36,"SOD2",TRUE
5.1418397547106e-40,-0.346984645573577,0.379,0.559,9.18383998588859e-36,"EEF2",FALSE
6.74585443965306e-40,0.51250700140158,0.781,0.666,1.20487706146643e-35,"HPGD",TRUE
8.65606606233048e-40,-1.42730846250167,0.025,0.102,1.54605995939285e-35,"TARDBP",TRUE
8.70553895763489e-40,-0.476584169415369,0.058,0.16,1.55489631322317e-35,"CFDP1",FALSE
1.23269971984754e-39,-0.74183570203517,0.044,0.136,2.20172496961969e-35,"SMCHD1",TRUE
1.50989181856644e-39,-0.707925380385981,0.07,0.175,2.69681777714152e-35,"LENG8",TRUE
1.70741055158742e-39,-0.266772727572893,0.064,0.166,3.04960598619029e-35,"HLA-DRB1",FALSE
2.20609332887529e-39,-0.951807945570284,0.045,0.138,3.94030329470416e-35,"GALNT6",TRUE
2.71922653189295e-39,-0.361509763294117,0.068,0.176,4.85681050861399e-35,"TGOLN2",FALSE
3.60646456019089e-39,-0.81826336057967,0.074,0.18,6.44150635095695e-35,"ZNF106",TRUE
3.67284058750257e-39,-1.02573153533824,0.023,0.1,6.56006057333834e-35,"GOSR2",TRUE
3.86836175002668e-39,-1.06752041364173,0.029,0.11,6.90928092172265e-35,"DCAF8",TRUE
5.48043198417197e-39,-0.254093575500834,0.221,0.385,9.78859956692956e-35,"SSR2",FALSE
7.04590622881918e-39,-0.676564353984712,0.065,0.166,1.25846931152939e-34,"IRF2BP2",TRUE
7.5792532254335e-39,-0.86690093500521,0.045,0.137,1.35373041859468e-34,"CD69",TRUE
7.76963152488986e-39,-0.768646914089605,0.126,0.247,1.38773388666058e-34,"EIF3A",TRUE
8.13139593961945e-39,-0.350290999337593,0.14,0.273,1.45234862877543e-34,"POLD4",FALSE
8.86277258704876e-39,-0.445325643233637,0.15,0.283,1.58297981177278e-34,"PNISR",FALSE
9.04110333606466e-39,-0.31098582903679,0.476,0.668,1.61483146685451e-34,"RPL36A",FALSE
1.12954355062042e-38,-0.663043026040993,0.035,0.121,2.01747773576313e-34,"PRKDC",TRUE
1.16504754856195e-38,-0.645218687670045,0.061,0.161,2.0808914264865e-34,"GTF2I",TRUE
1.34676006334159e-38,-0.326766950001915,0.066,0.173,2.40544814913441e-34,"N4BP2L2",FALSE
1.7537143741769e-38,-0.818654944711542,0.06,0.158,3.13230924371737e-34,"SMG1",TRUE
2.16832396922078e-38,-0.670344608582331,0.03,0.113,3.87284344142524e-34,"RBM4",TRUE
3.06524730528781e-38,1.53993709037005,0.123,0.044,5.47483821197455e-34,"PLA2G16",TRUE
5.85854505749523e-38,-0.400327039909132,0.21,0.363,1.04639473271922e-33,"CELF2",FALSE
6.72033255380304e-38,-0.382578158372963,0.276,0.447,1.20031859743476e-33,"NPM1",FALSE
6.82130623474945e-38,-0.332622248292533,0.131,0.269,1.2183535065886e-33,"NUTM2A-AS1",FALSE
7.28635746405187e-38,-0.496253349304131,0.038,0.126,1.30141630665431e-33,"SP100",FALSE
7.41494390045881e-38,-0.532027752689614,0.046,0.138,1.32438313006095e-33,"NORAD",TRUE
1.53752842767865e-37,-0.257619329048426,0.122,0.253,2.74617952467684e-33,"LAMP1",FALSE
1.9605753741201e-37,-0.275301648006327,0.057,0.157,3.50178367571591e-33,"LAIR1",FALSE
2.40893427833956e-37,-0.52293685284909,0.131,0.255,4.30259751454229e-33,"DOCK8",TRUE
2.65532577505368e-37,-0.510875006398299,0.596,0.693,4.74267736682338e-33,"MT-ND3",TRUE
2.95141933706402e-37,-0.672121758519204,0.07,0.171,5.27153007793004e-33,"CNPY2",TRUE
3.80416691959938e-37,-0.378875641061093,0.032,0.113,6.79462253509646e-33,"FAAP20",FALSE
3.98515933367714e-37,-0.478899935220393,0.143,0.268,7.11789308588073e-33,"HNRNPC",FALSE
4.12853079333708e-37,-0.334429522083298,0.136,0.263,7.37396884997936e-33,"SCAF11",FALSE
4.72967458451007e-37,-0.537798610720333,0.027,0.105,8.44767177539344e-33,"TMEM173",TRUE
7.72742681613555e-37,-0.761632018909499,0.027,0.104,1.38019570362997e-32,"CPNE1",TRUE
8.97711641861158e-37,-0.779282582949904,0.067,0.165,1.60340276352821e-32,"DYNC1H1",TRUE
1.00465445798141e-36,-0.285621071707138,0.459,0.633,1.7944133274006e-32,"EEF1D",FALSE
1.12756390985172e-36,-0.780082084215754,0.083,0.186,2.01394189938615e-32,"NOP53",TRUE
1.20190132023089e-36,-0.524243201765266,0.077,0.18,2.14671594806439e-32,"PRPF8",TRUE
1.39976667418708e-36,-0.414356770147432,0.107,0.223,2.50012325676554e-32,"MRPS24",FALSE
1.49286592822239e-36,-0.839626243517506,0.05,0.14,2.66640783439802e-32,"EVI2B",TRUE
1.83948501662986e-36,-0.329614846443744,0.196,0.34,3.28550418820259e-32,"ZFP36L2",FALSE
1.87676560304162e-36,-0.44879573162389,0.065,0.164,3.35209104359263e-32,"YME1L1",FALSE
1.97601756598118e-36,-0.807384637436235,0.041,0.124,3.52936497459898e-32,"MYCBP",TRUE
2.86283847174354e-36,-0.537340999929279,0.04,0.124,5.11331579438113e-32,"OXA1L",TRUE
3.93223769420993e-36,-1.0796262193034,0.033,0.111,7.02336974562835e-32,"CEP350",TRUE
4.83815266992133e-36,-0.554066596475528,0.054,0.146,8.6414244837465e-32,"JARID2",TRUE
5.79415721744446e-36,-0.316973400886357,0.19,0.332,1.03489442060776e-31,"HP1BP3",FALSE
6.49962391389901e-36,-0.33597178277365,0.763,0.852,1.1608978272615e-31,"RPS28",FALSE
8.22772908224026e-36,-0.536712530349348,0.084,0.189,1.46955469137893e-31,"BPTF",TRUE
9.70190224906955e-36,-0.343514460103268,0.201,0.344,1.73285676070631e-31,"CANX",FALSE
1.11505377746704e-35,-0.653989848172047,0.14,0.259,1.99159755193387e-31,"CLTC",TRUE
1.34228121488472e-35,-0.628080501685551,0.055,0.148,2.3974484779056e-31,"IDS",TRUE
1.36400227894474e-35,-0.382500727635278,0.305,0.468,2.4362444704232e-31,"RPL4",FALSE
1.53879689117905e-35,-1.082670328992,0.028,0.103,2.7484451273349e-31,"CHD3",TRUE
1.54713532382317e-35,-0.392396519372811,0.385,0.557,2.76333840188057e-31,"RPL3",FALSE
1.58660813548099e-35,-0.292580309428121,0.139,0.266,2.8338407907826e-31,"ENSA",FALSE
1.62009872082753e-35,0.502410067311145,0.9,0.856,2.89365832527004e-31,"LGALS3",TRUE
2.05731817477602e-35,-0.534740685004731,0.153,0.279,3.67457599196744e-31,"RRBP1",TRUE
2.36985917004618e-35,-0.78857933355768,0.034,0.113,4.23280546361949e-31,"CCPG1",TRUE
2.70899981353399e-35,-0.802352807595956,0.049,0.137,4.83854456695306e-31,"DMXL2",TRUE
3.10800141580725e-35,-0.750252386606468,0.056,0.146,5.55120132877333e-31,"PABPN1",TRUE
3.58598435574257e-35,-0.294032083454894,0.147,0.276,6.4049266577918e-31,"HIF1A",FALSE
3.87462369701224e-35,-0.650420394126459,0.085,0.187,6.92046538523357e-31,"ARID1A",TRUE
4.69736512236022e-35,-0.291934338429344,0.057,0.152,8.38996384504759e-31,"RSL1D1",FALSE
5.37595442724677e-35,-0.900418720564034,0.029,0.103,9.60199220250546e-31,"UBE2W",TRUE
5.71608134237521e-35,-0.279675401549253,0.164,0.311,1.02094928856164e-30,"IGFLR1",FALSE
5.950133458334e-35,1.78690373903739,0.168,0.081,1.06275333699303e-30,"FAM96A",TRUE
6.88941961317883e-35,-0.362689680658318,0.17,0.304,1.23051923710987e-30,"NCOR1",FALSE
9.737372820716e-35,1.50118905427557,0.165,0.078,1.73919215950808e-30,"PTP4A1",TRUE
1.09469422660108e-34,-0.403951921496089,0.095,0.202,1.95523335813219e-30,"PTP4A2",FALSE
1.21505958118187e-34,-0.382677085252563,0.085,0.188,2.17021791794894e-30,"MYDGF",FALSE
1.35632508364393e-34,-0.303175583557297,0.165,0.296,2.42253223189642e-30,"EIF4B",FALSE
1.36669369735426e-34,-0.38126849361495,0.089,0.195,2.44105161284445e-30,"FNBP1",FALSE
1.86495801810339e-34,-0.606292659092595,0.071,0.168,3.33100151613447e-30,"LRPAP1",TRUE
1.87947913306816e-34,-0.692914181945696,0.027,0.1,3.35693767957305e-30,"MIS18BP1",TRUE
2.21276898937592e-34,-0.786957882513147,0.052,0.138,3.95222669192434e-30,"FAM120A",TRUE
2.78449673825637e-34,-0.418642769409122,0.144,0.266,4.9733896241997e-30,"HDLBP",FALSE
5.08931143373614e-34,-0.291647619545233,0.623,0.77,9.09001915179613e-30,"RPL13",FALSE
5.17276918350996e-34,-0.414907067021962,0.252,0.403,9.23908303866713e-30,"GNAI2",FALSE
5.97893002138481e-34,-0.985686644267701,0.065,0.157,1.06789669111954e-29,"PICALM",TRUE
6.79703758960244e-34,-0.91204623965126,0.028,0.1,1.21401888387889e-29,"GOLGB1",TRUE
6.95561658337099e-34,-0.675231445084919,0.032,0.108,1.24234267795589e-29,"CISD3",TRUE
6.9873218105105e-34,-0.502235810641538,0.038,0.118,1.24800554857528e-29,"MANBA",TRUE
9.03773059857032e-34,-0.322280288939543,0.115,0.229,1.61422906221064e-29,"ATRX",FALSE
1.09962714599482e-33,-0.484530402937731,0.127,0.243,1.96404404546135e-29,"NUCKS1",FALSE
1.20089077536452e-33,-0.27485226663984,0.153,0.281,2.14491101387857e-29,"PAK1",FALSE
1.28172818342975e-33,-0.401740610973253,0.381,0.553,2.28929470842388e-29,"RPL13A",FALSE
1.50281738663944e-33,-0.595465448826515,0.104,0.216,2.68418213427671e-29,"SLC2A3",TRUE
1.55447603298063e-33,-0.290353742067692,0.078,0.18,2.7764496425067e-29,"RSRP1",FALSE
2.09374517007143e-33,-0.277621259377627,0.068,0.165,3.73963824826457e-29,"AKAP9",FALSE
3.64254602413749e-33,-0.285903725000716,0.65,0.793,6.50595145371198e-29,"RPL18A",FALSE
4.50589623811243e-33,-0.29869582231452,0.035,0.112,8.04798127089261e-29,"TMEM123",FALSE
4.59280184787358e-33,-0.54440089404711,0.076,0.172,8.20320338048699e-29,"GNB1",TRUE
5.36125465773943e-33,-0.723011778069549,0.106,0.216,9.57573694418839e-29,"AC020916.1",TRUE
6.06716219580383e-33,1.70223496003625,0.134,0.057,1.08365583979252e-28,"SEPT1",TRUE
6.85207307863938e-33,-0.306674872234108,0.762,0.87,1.22384877257578e-28,"RPS14",FALSE
7.49065903927391e-33,-0.552040186648215,0.191,0.319,1.33790661100471e-28,"FLNA",TRUE
8.70571425001386e-33,-0.626320153669215,0.045,0.126,1.55492762219498e-28,"PFKL",TRUE
9.67248179551672e-33,-0.439138068966829,0.033,0.108,1.72760197349724e-28,"CFLAR",FALSE
1.03703630595367e-32,-0.379062236084758,0.194,0.324,1.85225054606385e-28,"WASF2",FALSE
1.10974191679283e-32,-1.19951765646404,0.029,0.101,1.98211003758368e-28,"KLF2",TRUE
1.24810754945122e-32,-0.397122412309378,0.567,0.666,2.22924489407482e-28,"RPS15A",FALSE
1.42675221520508e-32,-0.729676896979615,0.03,0.103,2.5483221315778e-28,"PLAUR",TRUE
1.57308081010197e-32,-0.575512112319286,0.052,0.138,2.80967963492312e-28,"BASP1",TRUE
1.71172475798577e-32,-0.78013401615057,0.058,0.145,3.05731159023839e-28,"GNAQ",TRUE
2.0612370158037e-32,-0.669465283235462,0.039,0.115,3.68157543392699e-28,"PPP3R1",TRUE
2.15822265941781e-32,-0.982435553143756,0.041,0.118,3.85480149198614e-28,"KIAA0100",TRUE
2.40113930646187e-32,-0.276364739804614,0.134,0.252,4.28867491527154e-28,"CLINT1",FALSE
2.42866233765628e-32,-0.34549098711848,0.084,0.185,4.33783380128788e-28,"PARP1",FALSE
2.55698993555774e-32,-0.347086268770229,0.312,0.47,4.56703972389967e-28,"KLF6",FALSE
2.62952012756778e-32,-0.578332609575865,0.088,0.192,4.69658589984881e-28,"CTTNBP2",TRUE
2.80996110281531e-32,-0.908009227186793,0.041,0.118,5.01887152573843e-28,"CHD1",TRUE
2.88864842559503e-32,-0.491786868533693,0.068,0.16,5.15941495295528e-28,"ILF3",FALSE
4.6079173470572e-32,-0.336241686304751,0.091,0.193,8.23020117357887e-28,"UBR4",FALSE
5.5748002187627e-32,-0.902952021350719,0.062,0.148,9.95715067073205e-28,"SARNP",TRUE
6.17821900800303e-32,-0.27657189803025,0.148,0.268,1.10349169701942e-27,"PRPF40A",FALSE
6.70601632244785e-32,-0.442464465005412,0.173,0.299,1.19776157535241e-27,"ERP29",FALSE
7.33769739481267e-32,-0.930526373646274,0.048,0.128,1.31058613168749e-27,"MYO9B",TRUE
7.84926924799988e-32,-0.311421824397888,0.824,0.892,1.40195798038526e-27,"RPS12",FALSE
8.39835296751086e-32,-0.255568463292439,0.18,0.308,1.50002982352711e-27,"CDC37",FALSE
8.87014165946198e-32,-0.333208168637733,0.108,0.215,1.5842960017965e-27,"SLTM",FALSE
1.03064808139152e-31,-0.61556647004903,0.121,0.23,1.84084053817339e-27,"ETFB",TRUE
1.04195136331308e-31,-0.517537894646108,0.111,0.217,1.86102933001349e-27,"LUC7L3",TRUE
1.13827790119549e-31,-0.314658303363665,0.094,0.196,2.03307815932527e-27,"VPS13C",FALSE
1.16079738614148e-31,-0.611474682557502,0.095,0.195,2.0733002113873e-27,"MAZ",TRUE
1.22290808071852e-31,-0.760923823634352,0.044,0.122,2.18423612297135e-27,"ZC3H13",TRUE
1.27032770012209e-31,-0.751563588827628,0.039,0.114,2.26893230518807e-27,"HUWE1",TRUE
1.3801032140967e-31,-0.617297518842923,0.054,0.139,2.46500235069812e-27,"RARA",TRUE
1.39873486244563e-31,-0.256489974657204,0.08,0.178,2.49828033781414e-27,"XRCC6",FALSE
1.54783763458044e-31,-0.261231276505979,0.155,0.276,2.76459279912413e-27,"CSNK1A1",FALSE
1.6129865243848e-31,-0.305741887989438,0.792,0.861,2.8809552312037e-27,"MT-CO1",FALSE
1.69344489092079e-31,-0.443729858722073,0.131,0.243,3.02466191967363e-27,"CHD4",FALSE
1.84461021232113e-31,-0.36491748024723,0.099,0.201,3.29465830022677e-27,"BRD2",FALSE
2.07940973774976e-31,1.60801485460033,0.154,0.075,3.71403373259485e-27,"AES",TRUE
2.19861168056627e-31,-0.408012969839698,0.037,0.113,3.92694032265941e-27,"MYADM",FALSE
2.29346840380797e-31,-0.446633318095737,0.107,0.211,4.09636391604141e-27,"KPNB1",FALSE
2.39922024903631e-31,-0.430075281353024,0.124,0.234,4.28524728680375e-27,"RSBN1L",FALSE
2.42394999752488e-31,-0.753527255556103,0.061,0.146,4.32941709057919e-27,"PCF11",TRUE
2.46505634505212e-31,-0.562240621608412,0.135,0.249,4.4028371378976e-27,"PLEK",TRUE
2.51255822473416e-31,-0.516213984610004,0.35,0.503,4.48768024519768e-27,"CYBA",TRUE
3.15682683270894e-31,-0.410958789694073,0.063,0.153,5.63840840590144e-27,"ARMH1",FALSE
3.17883767101404e-31,-0.363050836820684,0.376,0.543,5.67772196419817e-27,"PSAP",FALSE
3.25337283548555e-31,-0.445868635282896,0.592,0.686,5.81084922146074e-27,"MT-ND4L",FALSE
3.76019098924968e-31,-0.587918674264887,0.08,0.174,6.71607712589885e-27,"TRIP12",TRUE
3.88655989108235e-31,-1.28492218749139,0.034,0.105,6.94178462146218e-27,"DOK2",TRUE
4.47751182460982e-31,-0.871471938536438,0.053,0.134,7.9972838699356e-27,"SNRNP200",TRUE
5.19725004944208e-31,-0.61348152838893,0.064,0.151,9.2828083133085e-27,"TMEM165",TRUE
6.79898835412487e-31,-0.323478757396187,0.142,0.257,1.21436730993024e-26,"EIF3L",FALSE
7.38015529925335e-31,-0.267561740843793,0.44,0.62,1.31816953799964e-26,"PFDN5",FALSE
7.38247817037677e-31,-0.356256260134786,0.093,0.195,1.31858442601099e-26,"MBP",FALSE
8.21024446551387e-31,-0.406680360495262,0.111,0.217,1.46643176398543e-26,"WIPF1",FALSE
8.42419002064429e-31,-0.417163653481204,0.104,0.209,1.50464457958728e-26,"RNF145",FALSE
8.59016786034092e-31,-0.696177449432106,0.064,0.15,1.53428988153549e-26,"EML4",TRUE
8.74369752414602e-31,-0.282736745712018,0.872,0.902,1.56171181478772e-26,"RPL28",FALSE
9.4361536362485e-31,-0.316667021548242,0.696,0.814,1.68539140097034e-26,"RPS23",FALSE
9.49824494317459e-31,-0.345527866746267,0.149,0.266,1.69648152930041e-26,"ROCK1",FALSE
1.05911037624847e-30,-0.314950147884817,0.085,0.183,1.89167704301739e-26,"CHD9",FALSE
1.55640795299586e-30,-0.358144080231247,0.574,0.721,2.77990024484591e-26,"RPS29",FALSE
1.80429008100084e-30,-0.366809313083566,0.264,0.412,3.2226425136756e-26,"TLN1",FALSE
1.94398065317577e-30,-0.403152272383019,0.066,0.154,3.47214384463724e-26,"MTCH1",FALSE
2.14365134742767e-30,-0.613857051170512,0.092,0.188,3.82877567164055e-26,"MYCBP2",TRUE
2.1916796267892e-30,-0.742592577082201,0.08,0.17,3.91455898140819e-26,"MAT2A",TRUE
2.26920754084121e-30,-0.511439430701346,0.082,0.175,4.05303158869649e-26,"USP34",TRUE
2.35095073214211e-30,-0.59622915203796,0.047,0.124,4.19903310267903e-26,"CNTRL",TRUE
2.54117220857236e-30,-0.464986979670409,0.034,0.105,4.53878768173109e-26,"NDUFA9",FALSE
2.91689668704483e-30,-0.298184502249263,0.701,0.824,5.20986917273078e-26,"RPLP0",FALSE
2.99289238257364e-30,-0.358818943865953,0.078,0.171,5.34560508451478e-26,"PCM1",FALSE
3.18713849207293e-30,-0.900220227372878,0.044,0.119,5.69254806069146e-26,"NUFIP2",TRUE
3.20520422013164e-30,-0.413695539698129,0.043,0.121,5.72481525757713e-26,"ABHD14B",FALSE
3.33223140079254e-30,-1.12301928014852,0.07,0.155,5.95169850495555e-26,"RAB31",TRUE
3.46752527497361e-30,-0.565034940607609,0.049,0.128,6.19334689363036e-26,"SENP6",TRUE
3.75702058452903e-30,-0.284181712259983,0.137,0.251,6.71041446602729e-26,"C17orf49",FALSE
4.29714972201933e-30,-0.303960089089808,0.05,0.132,7.67513911849872e-26,"CD83",FALSE
4.50204934195904e-30,-0.359723806645359,0.033,0.105,8.04111032967304e-26,"MKKS",FALSE
6.76276047135677e-30,-0.318167521852321,0.154,0.272,1.20789664778903e-25,"RBM25",FALSE
9.27348487378174e-30,-0.973762747465749,0.053,0.131,1.65633713330616e-25,"HERC2",TRUE
9.61384571398625e-30,-0.543264237953263,0.06,0.145,1.71712898297508e-25,"CD59",TRUE
1.01834116985329e-29,-0.506429247342004,0.261,0.397,1.81885916347496e-25,"IER2",TRUE
1.0221555311992e-29,-0.300524029250511,0.176,0.299,1.82567199427489e-25,"IKZF1",FALSE
1.20981480736963e-29,-0.532998835159249,0.245,0.383,2.16085022744289e-25,"MYH9",TRUE
1.2613968912494e-29,1.84665441054996,0.115,0.047,2.25298098746056e-25,"ASNA1",TRUE
1.72805440255083e-29,-0.777709105531059,0.216,0.341,3.08647796839603e-25,"BTG2",TRUE
1.95725863575825e-29,-0.721660434055106,0.075,0.162,3.49585964932781e-25,"POLR2A",TRUE
2.14329434091383e-29,-0.269446271956297,0.06,0.145,3.8281380223062e-25,"NRROS",FALSE
2.31436040279376e-29,-0.705856286986167,0.069,0.155,4.13367911542994e-25,"DGKZ",TRUE
2.45350490956003e-29,-0.323910306038253,0.109,0.21,4.38220511896516e-25,"BCLAF1",FALSE
2.55688754628013e-29,-0.292388580443158,0.057,0.139,4.56685684641094e-25,"PABPC4",FALSE
2.6879805217465e-29,-0.598492143721107,0.057,0.136,4.80100200989142e-25,"XPO1",TRUE
2.73625312812311e-29,-0.343059988056322,0.104,0.201,4.88722171214069e-25,"VMP1",FALSE
2.97612800890319e-29,-0.313578279352973,0.153,0.269,5.31566223670198e-25,"RTF1",FALSE
3.89660836024667e-29,-0.317235482915467,0.122,0.228,6.95973219223658e-25,"U2SURP",FALSE
3.91700362355383e-29,-0.262661675340188,0.226,0.374,6.99616017202949e-25,"CTSB",FALSE
4.26331711085975e-29,-0.252026612795869,0.048,0.126,7.6147106917066e-25,"GADD45GIP1",FALSE
4.27520819396288e-29,-0.470035838186642,0.101,0.199,7.63594935523709e-25,"DOCK2",FALSE
4.85343622897619e-29,-0.718484606211073,0.135,0.239,8.66872244857438e-25,"CALR",TRUE
5.11507713215113e-29,-0.450826842003799,0.095,0.19,9.13603926573513e-25,"NKTR",FALSE
5.22453059590092e-29,-0.807389753261379,0.069,0.153,9.33153409733864e-25,"COMMD7",TRUE
6.01147278109245e-29,-1.0010136608631,0.037,0.105,1.07370915343092e-24,"TRABD",TRUE
6.30428497798364e-29,-0.281544013574539,0.166,0.285,1.12600833991766e-24,"TPR",FALSE
7.32720729991461e-29,-0.455538590046959,0.117,0.219,1.30871249583775e-24,"NCKAP1L",FALSE
8.77061758591789e-29,-0.438427445169757,0.071,0.157,1.56652000702079e-24,"ASRGL1",FALSE
8.8726507142863e-29,-1.30846848002467,0.036,0.103,1.58474414407868e-24,"CHCHD7",TRUE
9.17823510412377e-29,-0.314890544277114,0.037,0.108,1.63932457194755e-24,"MIIP",FALSE
9.3553441155775e-29,-0.82258478137743,0.061,0.142,1.6709580124833e-24,"BIRC6",TRUE
9.45799984389875e-29,-0.437939868859814,0.154,0.266,1.68929335211876e-24,"WSB1",FALSE
9.9155697098233e-29,-0.393324500819176,0.041,0.115,1.77101990587154e-24,"DPYD",FALSE
1.25687261162284e-28,-0.497967475881028,0.042,0.114,2.24490017161955e-24,"EIF2AK4",FALSE
1.2886101277376e-28,-0.466831555833655,0.112,0.213,2.30158654915212e-24,"MLEC",FALSE
1.42677536656449e-28,-0.388171973885897,0.086,0.176,2.54836348222084e-24,"TPP1",FALSE
1.77466288728696e-28,-0.619570307768792,0.101,0.195,3.16972538298324e-24,"GPS2",TRUE
1.79299639324108e-28,-0.311377439015356,0.045,0.12,3.2024708579679e-24,"BABAM1",FALSE
2.06064593151308e-28,-0.574478820250781,0.059,0.139,3.68051969827552e-24,"FAM13B",TRUE
2.09890814520701e-28,-0.410648778738435,0.111,0.21,3.74885983815425e-24,"EIF3D",FALSE
2.37521970369935e-28,-0.534778401085468,0.088,0.179,4.24237991277741e-24,"OGT",TRUE
2.60284190843043e-28,0.907230741976003,0.508,0.43,4.6489359326476e-24,"HBB",TRUE
2.76650723728446e-28,-1.11329011666688,0.042,0.113,4.94125857651377e-24,"IL17RA",TRUE
2.91098749006955e-28,-0.384690217933783,0.26,0.4,5.19931475601323e-24,"IQGAP1",FALSE
3.05878411884491e-28,-0.712652068828683,0.045,0.118,5.4632943146689e-24,"TOP2B",TRUE
3.20842371850887e-28,-0.460096631546423,0.317,0.464,5.7305656036287e-24,"HSP90AA1",FALSE
3.2834941328655e-28,-0.473130249711812,0.055,0.133,5.86464887071107e-24,"FBXW5",FALSE
3.36150928293117e-28,-0.306808402450132,0.055,0.135,6.00399173024335e-24,"GOLGA4",FALSE
3.59593784861533e-28,-0.263104988126914,0.067,0.154,6.42270459141183e-24,"A1BG",FALSE
3.70331066888336e-28,-0.284269139889845,0.093,0.188,6.61448318569256e-24,"ZFAND5",FALSE
3.73481847689682e-28,-0.799191591310239,0.041,0.111,6.67075928158542e-24,"UBR5",TRUE
5.05954963606219e-28,-0.283292704713066,0.077,0.164,9.03686160497067e-24,"PHB",FALSE
5.08962498097393e-28,-0.295033674257266,0.116,0.218,9.09057917851754e-24,"PIK3R1",FALSE
5.29496455572036e-28,-0.420613627399585,0.064,0.146,9.45733619297213e-24,"PTAFR",FALSE
7.21165251084619e-28,-0.36097981025557,0.118,0.22,1.28807325496224e-23,"STK4",FALSE
7.76077099685678e-28,-0.431759476755236,0.235,0.371,1.38615130774859e-23,"KIT",FALSE
8.06587208696635e-28,-1.22857669868635,0.052,0.125,1.44064541345306e-23,"HCK",TRUE
8.28092557337502e-28,-0.668291308953911,0.063,0.143,1.47905611666051e-23,"NFATC3",TRUE
8.38353590353394e-28,-0.459849138238285,0.072,0.158,1.4973833477302e-23,"EMILIN2",FALSE
9.05978882160419e-28,-0.390960159060211,0.055,0.133,1.61816888142672e-23,"SLC25A1",FALSE
9.46114629118845e-28,-0.377093470910773,0.054,0.132,1.68985533906917e-23,"CD47",FALSE
1.04864320839243e-27,1.47364268428551,0.235,0.149,1.87298163450972e-23,"C8orf59",TRUE
1.41609205287502e-27,-0.456245712930845,0.036,0.103,2.52928201564007e-23,"TPGS2",FALSE
1.48639923986878e-27,-0.279587783558856,0.148,0.259,2.65485768232963e-23,"FBXL5",FALSE
1.53730219398386e-27,-0.828369474157085,0.054,0.129,2.74577544867457e-23,"CNOT1",TRUE
1.56021746191148e-27,-0.716275241588863,0.036,0.103,2.7867044087201e-23,"TAOK1",TRUE
1.61032367507912e-27,-0.333291935118702,0.084,0.175,2.87619911605881e-23,"RC3H1",FALSE
1.64219039435156e-27,-0.2674999140379,0.077,0.163,2.93311626335133e-23,"HSPA9",FALSE
1.7381224476629e-27,-0.93690019820107,0.045,0.116,3.10446050377071e-23,"AL034397.3",TRUE
1.75548640248578e-27,-0.430404250184945,0.044,0.115,3.13547426347985e-23,"BFAR",FALSE
1.84630235508768e-27,-0.419170730436389,0.086,0.175,3.2976806364221e-23,"COPA",FALSE
2.13032829287757e-27,1.30863036999313,0.192,0.109,3.80497936390862e-23,"SEPT9",TRUE
2.22672508091136e-27,-0.541597231366047,0.076,0.16,3.97715366701578e-23,"RANBP2",TRUE
2.42359391422386e-27,-0.40044127317926,0.728,0.769,4.32878109019524e-23,"MT-CO2",FALSE
2.54039453820215e-27,-0.446468637645497,0.088,0.176,4.53739868468286e-23,"DDX46",FALSE
2.69431913709312e-27,-0.474325720286263,0.066,0.147,4.81232341076202e-23,"ASH1L",FALSE
3.05541866843355e-27,-0.280854642548051,0.076,0.162,5.45728328368917e-23,"DCAF7",FALSE
3.43361792789095e-27,-0.560921888573832,0.077,0.162,6.13278498100603e-23,"TNRC6A",TRUE
3.47815165798023e-27,-0.260505215937986,0.515,0.685,6.21232667631848e-23,"EEF1B2",FALSE
3.59237646045901e-27,-0.255403508433043,0.787,0.871,6.41634359602584e-23,"RPS3",FALSE
3.65418160733689e-27,-0.799233677562523,0.069,0.15,6.52673376886442e-23,"RAB11FIP1",TRUE
3.68297316809597e-27,-0.657074091870648,0.103,0.196,6.57815837553621e-23,"ARHGAP4",TRUE
4.12365438762482e-27,-0.307911430681264,0.256,0.39,7.36525910173669e-23,"SRSF5",FALSE
4.62075747429094e-27,-0.553927443894034,0.064,0.144,8.25313492483105e-23,"GNS",TRUE
5.01923949512912e-27,-0.579912195813008,0.062,0.141,8.96486366225012e-23,"SMARCA2",TRUE
5.36062744442876e-27,-0.282130368953352,0.118,0.218,9.57461667849421e-23,"RASSF1",FALSE
5.6611376677819e-27,-0.476738241657399,0.057,0.134,1.01113579884252e-22,"KDM5A",FALSE
5.66551185683547e-27,-0.658226832367106,0.097,0.187,1.01191707274938e-22,"HNRNPD",TRUE
5.8443094745917e-27,1.38073487592109,0.116,0.05,1.04385211525682e-22,"FAM213A",TRUE
6.0734723887322e-27,-0.486170504783135,0.109,0.203,1.08478290335146e-22,"DIAPH1",FALSE
7.4126305934273e-27,-0.291289469603734,0.123,0.224,1.32396995029205e-22,"OS9",FALSE
7.98940924189752e-27,-0.505930959644335,0.059,0.136,1.42698838469532e-22,"FBL",TRUE
8.31816916597855e-27,-0.593360469977243,0.051,0.124,1.48570819473543e-22,"PAM16",TRUE
8.68936517589617e-27,-0.639866227716289,0.1,0.19,1.55200751406681e-22,"HNRNPH1",TRUE
9.77248639554164e-27,-0.509614733484404,0.039,0.107,1.74546379510769e-22,"FRMD4B",TRUE
9.98887462030569e-27,-0.275379078797513,0.148,0.256,1.7841128959328e-22,"STAG2",FALSE
1.18536285383178e-26,-0.738016030392393,0.115,0.21,2.11717659322894e-22,"NFKBIZ",TRUE
1.33183640762822e-26,-0.282954034643883,0.051,0.126,2.37879300766477e-22,"TTC3",FALSE
1.42158642488873e-26,-1.03318538038215,0.036,0.1,2.53909551349375e-22,"KMT2A",TRUE
1.55663787778941e-26,-0.266687773400882,0.104,0.197,2.78031091351966e-22,"PNRC2",FALSE
1.62438063617072e-26,-0.542234966372377,0.101,0.191,2.90130625426453e-22,"EIF4G1",TRUE
1.70961374698974e-26,-0.277456708707496,0.309,0.46,3.05354111349837e-22,"RBM39",FALSE
1.71149194365983e-26,-0.46136437848438,0.057,0.133,3.05689576057082e-22,"JMJD1C",FALSE
1.83168021278492e-26,-0.448071672218106,0.045,0.116,3.27156402805515e-22,"ABHD2",FALSE
1.88967493341487e-26,-1.15710207669688,0.044,0.111,3.3751483985723e-22,"PLEC",TRUE
1.91983602438202e-26,-0.393799635556538,0.056,0.132,3.42901912314872e-22,"TMF1",FALSE
2.1323765753263e-26,-0.721955162734052,0.036,0.101,3.80863780119031e-22,"PAG1",TRUE
2.27317209534863e-26,-0.51555413320476,0.082,0.167,4.06011267950219e-22,"DCTN1",TRUE
2.42207870144692e-26,-1.01537146344224,0.04,0.106,4.32607476865434e-22,"PREX1",TRUE
2.51943505783972e-26,-0.283106469370656,0.13,0.232,4.49996295680753e-22,"CEBPZ",FALSE
2.78265472584541e-26,-0.533610967761447,0.082,0.167,4.97009960583248e-22,"KMT2C",TRUE
2.96556695466322e-26,-0.393537565378399,0.168,0.281,5.29679913772398e-22,"SRSF3",FALSE
3.36827102352678e-26,-0.628241113571558,0.132,0.228,6.01606887512118e-22,"H2AFX",TRUE
3.57595240669646e-26,-0.964921301680707,0.04,0.105,6.38700859360054e-22,"IWS1",TRUE
3.70340077829918e-26,-0.401160358798102,0.098,0.188,6.61464413012017e-22,"IK",FALSE
4.53468259370799e-26,-0.297589194418179,0.162,0.272,8.09939658062183e-22,"HERPUD1",FALSE
4.99974730975298e-26,-0.318462765032227,0.479,0.627,8.9300486699498e-22,"RPS9",FALSE
5.21934761240796e-26,-0.583938326033935,0.05,0.123,9.32227677052186e-22,"HS6ST1",TRUE
5.35810775947927e-26,-0.6367837812277,0.036,0.1,9.57011626920592e-22,"PRRC2B",TRUE
5.61495435513161e-26,-0.561938326808035,0.122,0.216,1.00288699737006e-21,"H2AFY",TRUE
5.65827470899461e-26,-0.415018426855561,0.039,0.106,1.01062444577353e-21,"LGALS8",FALSE
5.73622608118036e-26,-0.36289840650491,0.042,0.111,1.02454734035962e-21,"CDC42SE2",FALSE
6.57701408288437e-26,-0.293226609580056,0.068,0.148,1.17472048534398e-21,"PTRHD1",FALSE
7.02333959887296e-26,-0.768714104734765,0.057,0.131,1.2544386857547e-21,"SIRPA",TRUE
7.2539023249699e-26,-0.344661401466822,0.075,0.159,1.29561949426287e-21,"ALKBH7",FALSE
7.44862242754745e-26,-0.628575181296765,0.042,0.109,1.33039845178425e-21,"NUMA1",TRUE
7.86131038887989e-26,-0.25520647891439,0.154,0.267,1.40410864855784e-21,"TPM4",FALSE
8.82537469647946e-26,-0.577595575358452,0.042,0.109,1.5763001745382e-21,"NME4",TRUE
9.43196604836051e-26,-0.505132486894463,0.047,0.117,1.68464345589767e-21,"CSNK2A1",TRUE
9.63173015474608e-26,1.8435433667143,0.114,0.051,1.7203233229392e-21,"AL662899.2",TRUE
9.79202013940974e-26,-0.310769388966616,0.385,0.539,1.74895271709997e-21,"SAT1",FALSE
1.04546322959152e-25,-0.494217775401938,0.095,0.181,1.86730187437342e-21,"SETD5",FALSE
1.11972472796386e-25,-0.464168420880374,0.05,0.121,1.99994033661626e-21,"TIMM10",FALSE
1.14056310041845e-25,-0.293272119621416,0.056,0.13,2.03715975365739e-21,"CYB561D2",FALSE
1.1741400496073e-25,-0.296696066163354,0.08,0.168,2.09713154260361e-21,"NDST2",FALSE
1.35892961605482e-25,1.88753605575707,0.191,0.116,2.42718418723551e-21,"HBD",TRUE
1.38205068501422e-25,-0.278684033304811,0.773,0.871,2.46848072850389e-21,"TPT1",FALSE
1.41135196697507e-25,-0.407530670742337,0.069,0.148,2.52081574821418e-21,"NFE2",FALSE
1.62971297983526e-25,-0.608126687374601,0.036,0.1,2.91083035328375e-21,"MSI2",TRUE
1.67639391746995e-25,-0.406764106596362,0.046,0.114,2.99420717599308e-21,"ANKRD17",FALSE
1.89104916494547e-25,-0.480846882534651,0.044,0.112,3.37760291350911e-21,"ARID1B",FALSE
1.92653848322087e-25,-0.583913734229261,0.064,0.139,3.4409903848808e-21,"LLPH",TRUE
1.93443635993512e-25,-0.301481687597676,0.103,0.194,3.45509678248011e-21,"PRPF4B",FALSE
1.94302867072177e-25,-0.374088645679173,0.054,0.126,3.47044350877615e-21,"RBBP6",FALSE
2.00029272049653e-25,-1.08589168858058,0.042,0.107,3.57272282807885e-21,"LYAR",TRUE
2.03522100997841e-25,-0.388487556998267,0.09,0.176,3.63510824592244e-21,"PRRC2A",FALSE
2.03745396277255e-25,-0.56228049900447,0.137,0.234,3.63909652290805e-21,"LYST",TRUE
2.06254536001626e-25,-0.432457571418429,0.054,0.126,3.68391226752504e-21,"RBPJ",FALSE
2.52312438068936e-25,-0.315644823846759,0.163,0.272,4.50655245634927e-21,"HM13",FALSE
2.52549948091156e-25,-0.56779352284139,0.074,0.153,4.51079462285613e-21,"CELF1",TRUE
2.59807989543717e-25,-0.280183333652965,0.178,0.291,4.64043050124033e-21,"DNAJA1",FALSE
2.94868548889824e-25,-0.286952171387074,0.215,0.333,5.26664715172115e-21,"UBXN1",FALSE
3.19415020640928e-25,-0.489545357738572,0.114,0.207,5.70507168366761e-21,"RASSF5",FALSE
3.28176702192906e-25,-0.300875173719377,0.092,0.18,5.86156407786749e-21,"LNPEP",FALSE
3.52287519628626e-25,-0.383702206326156,0.039,0.104,6.29220738808689e-21,"SYNRG",FALSE
3.52487913692756e-25,-0.322096679846144,0.037,0.101,6.29578662646632e-21,"MRPL4",FALSE
3.55454661457095e-25,-0.35874245349934,0.056,0.129,6.34877570828518e-21,"TTC17",FALSE
3.57757964163141e-25,-0.343292725813494,0.037,0.102,6.38991499791787e-21,"MAP4K4",FALSE
3.93503695411287e-25,-0.305562658481416,0.181,0.294,7.028369503741e-21,"DEK",FALSE
4.13415540829817e-25,-0.283984900495358,0.106,0.198,7.38401497476135e-21,"YY1",FALSE
4.27813825599125e-25,-1.17276776560922,0.1,0.182,7.64118273902597e-21,"HIST2H2AC",TRUE
4.31113945121176e-25,-0.479641635870201,0.053,0.124,7.70012617380933e-21,"RBM5",FALSE
4.48340331115747e-25,-0.754873439879613,0.043,0.108,8.00780665405836e-21,"SCPEP1",TRUE
4.92677945589587e-25,-0.271838282183247,0.085,0.17,8.79972078617561e-21,"SHMT2",FALSE
5.50978060770325e-25,-0.309719480286394,0.353,0.505,9.84101914341878e-21,"COTL1",FALSE
5.98683476806724e-25,-1.26031343991233,0.061,0.137,1.06930855792449e-20,"PRG2",TRUE
6.26309035741852e-25,-0.441158011204064,0.304,0.445,1.11865056873852e-20,"BTG1",FALSE
6.32072388960811e-25,-0.438960472577077,0.082,0.165,1.1289444939229e-20,"H1F0",FALSE
7.04446410112513e-25,-0.651739972621642,0.066,0.141,1.25821173310196e-20,"ETV6",TRUE
8.00116359473607e-25,-0.496271334650249,0.037,0.1,1.42908782965581e-20,"EHMT1",FALSE
8.76958132859181e-25,-0.581026360816723,0.063,0.138,1.56633492109978e-20,"STXBP5",TRUE
9.14520896713786e-25,-0.439393926442334,0.055,0.128,1.63342577362049e-20,"CREB3L2",FALSE
1.00772654544658e-24,-0.490985721138302,0.072,0.149,1.79990038282213e-20,"SND1",FALSE
1.29944774919264e-24,-0.256560966761298,0.096,0.184,2.32094362483298e-20,"ERLEC1",FALSE
1.36335309420542e-24,-0.312072744827517,0.086,0.17,2.4350849615603e-20,"FAM133B",FALSE
1.39157426177935e-24,-0.374439795508381,0.071,0.148,2.48549078896409e-20,"WAPL",FALSE
1.39861302864606e-24,0.50786965682457,0.747,0.756,2.49806273046473e-20,"ANXA1",TRUE
1.41017978064465e-24,-0.566425904423955,0.111,0.2,2.51872210620941e-20,"ETF1",TRUE
1.55025865961247e-24,-0.321103694929735,0.241,0.372,2.76891699193384e-20,"GATA2",FALSE
1.57343896180762e-24,-0.458935267800734,0.098,0.183,2.81031932968459e-20,"BAZ1A",FALSE
1.66194082985467e-24,-1.42291332649321,0.091,0.166,2.96839251620342e-20,"EDARADD",TRUE
2.11024580696266e-24,-0.322367080506724,0.083,0.167,3.76911003581601e-20,"LMNA",FALSE
2.32692918071183e-24,-0.676227651577218,0.061,0.135,4.15612820966941e-20,"TIMP2",TRUE
2.41660676289722e-24,-0.30304044464083,0.083,0.164,4.31630133921073e-20,"SYNCRIP",FALSE
2.4867117605892e-24,-0.654863023409601,0.047,0.114,4.44151587558837e-20,"ARAP1",TRUE
2.52934723410785e-24,-0.583673623357544,0.043,0.108,4.51766709484002e-20,"RABEP1",TRUE
2.54783699237059e-24,-0.597167866298466,0.072,0.149,4.55069165207311e-20,"RUNX1",TRUE
2.74405751551213e-24,-0.776315254942459,0.047,0.113,4.90116112845621e-20,"USP33",TRUE
2.82561985128335e-24,-0.766979266517873,0.065,0.138,5.04683961637719e-20,"EP300",TRUE
3.02676062232796e-24,-0.626438931660578,0.053,0.121,5.40609714753997e-20,"DDX42",TRUE
3.12526557003636e-24,-0.59228363683091,0.042,0.106,5.58203683464195e-20,"GSE1",TRUE
3.38059484300012e-24,-0.435799051537842,0.045,0.11,6.03808044908251e-20,"ERBIN",FALSE
3.82789878017908e-24,-0.293824947770482,0.056,0.127,6.83701001127785e-20,"MECP2",FALSE
3.90497572702052e-24,-0.463118133385685,0.063,0.137,6.97467714603134e-20,"IDH2",FALSE
4.0899237966726e-24,-0.596181580259928,0.062,0.135,7.30501289323694e-20,"CHD2",TRUE
4.11564992535871e-24,-0.500692256537371,0.053,0.122,7.35096233168318e-20,"WDR43",TRUE
4.93373320908545e-24,0.918376079724257,0.112,0.218,8.81214088474753e-20,"MT-ATP8",TRUE
5.07578737452901e-24,-0.310275611261908,0.061,0.134,9.06586382964626e-20,"DDX27",FALSE
5.28425975979201e-24,-0.339147197820711,0.125,0.218,9.43821635696451e-20,"NDUFV1",FALSE
5.42275229377907e-24,1.50008868418283,0.211,0.134,9.6855778719188e-20,"FAM96B",TRUE
6.2188805330629e-24,-0.471557603956557,0.063,0.136,1.11075425201036e-19,"EIF4EBP2",FALSE
7.73722414331213e-24,-1.0288164590263,0.07,0.141,1.38194560423698e-19,"H3F3C",TRUE
7.85767734544787e-24,-0.324984285722071,0.061,0.132,1.40345975067044e-19,"NOP58",FALSE
8.5857001304583e-24,-1.03197577951627,0.047,0.112,1.53349190030116e-19,"FGR",TRUE
9.16889407437978e-24,-0.465270119678196,0.052,0.12,1.63765617062497e-19,"PYCR2",FALSE
9.68269554710176e-24,-0.418134352299249,0.041,0.104,1.72942625166785e-19,"FADS1",FALSE
9.82429920801258e-24,-0.344761587691353,0.045,0.111,1.75471808154313e-19,"ZDHHC12",FALSE
9.88957627887698e-24,-0.557563101948954,0.052,0.119,1.76637721917022e-19,"ZNF292",TRUE
1.00363581891452e-23,-0.358773192951955,0.136,0.232,1.79259393616323e-19,"MTHFD2",FALSE
1.04998349008509e-23,-0.329093332615209,0.062,0.134,1.87537551164098e-19,"TLK1",FALSE
1.07485284062926e-23,-0.278942997870269,0.091,0.174,1.91979465864792e-19,"SNRPA",FALSE
1.15900691183314e-23,-0.479759080777336,0.107,0.193,2.07010224522516e-19,"ADD1",FALSE
1.17011872210065e-23,-0.25792415683752,0.094,0.178,2.08994904954398e-19,"NT5C",FALSE
1.22616361145394e-23,-0.338928335893664,0.134,0.23,2.19005082641789e-19,"RPN2",FALSE
1.31648870615543e-23,-0.374659385678345,0.091,0.174,2.35138047806421e-19,"SHKBP1",FALSE
1.44123632374446e-23,-0.465044831689599,0.049,0.117,2.57419219783998e-19,"RHOC",FALSE
1.61075649411549e-23,-0.578545173775281,0.063,0.135,2.87697217413969e-19,"TACC1",TRUE
1.62668896513153e-23,-0.526567510744083,0.055,0.123,2.90542916062142e-19,"AP1B1",TRUE
1.72255149024005e-23,-0.314593066299503,0.077,0.155,3.07664921671776e-19,"NSD1",FALSE
1.88593812734014e-23,-0.37063353753802,0.129,0.223,3.36847408924222e-19,"NSD3",FALSE
2.02000462427365e-23,-0.370456242675722,0.171,0.274,3.60793025941516e-19,"STK17B",FALSE
2.0496800184988e-23,-0.258517987126435,0.101,0.187,3.66093348104071e-19,"YTHDF2",FALSE
2.07668609876262e-23,-1.25169134300007,0.048,0.113,3.70916904099991e-19,"MARCKS",TRUE
2.19026151162884e-23,-0.51378796853863,0.09,0.171,3.91202608592027e-19,"ZBTB7A",TRUE
2.39691375014252e-23,-0.96123361542302,0.048,0.112,4.28112764912955e-19,"TBC1D25",TRUE
2.59397815670286e-23,-0.500391997485322,0.058,0.128,4.63310438568698e-19,"ATF7IP",TRUE
2.67514761020702e-23,-0.332677139344135,0.11,0.197,4.77808114659076e-19,"PHIP",FALSE
2.71999441441058e-23,-0.325688274116369,0.373,0.524,4.85818202357874e-19,"DDX5",FALSE
2.90579689013734e-23,-0.28728195270088,0.134,0.23,5.19004382547431e-19,"CCNL1",FALSE
2.90976852375826e-23,-0.256859029673257,0.048,0.114,5.19713756028464e-19,"NR1H2",FALSE
3.01510647192807e-23,-0.459112600424331,0.082,0.161,5.38528166951072e-19,"SREK1IP1",FALSE
3.79786796793475e-23,-0.272843689092772,0.144,0.243,6.78337197752826e-19,"EIF4H",FALSE
4.69122805380273e-23,-0.266932699399547,0.073,0.151,8.37900242689705e-19,"BMP2K",FALSE
4.92004411211847e-23,-0.903458274751996,0.046,0.109,8.7876907886548e-19,"HIPK2",TRUE
5.11185973814362e-23,-0.316257822688487,0.081,0.16,9.13029267829833e-19,"PJA2",FALSE
5.14541276664459e-23,-0.340950331810822,0.095,0.182,9.1902217425039e-19,"SLC45A3",FALSE
5.31214990185337e-23,-0.674325953250574,0.064,0.135,9.48803093970031e-19,"BOD1L1",TRUE
5.43239098034082e-23,-0.622034889762384,0.04,0.101,9.70279352998674e-19,"SDCCAG8",TRUE
5.7656425420549e-23,-0.268556682401242,0.111,0.199,1.02980141443643e-18,"YTHDC1",FALSE
5.98930410624101e-23,-0.351777237492174,0.06,0.131,1.06974960641571e-18,"TUBGCP2",FALSE
6.35932795245124e-23,-0.262333938593565,0.127,0.219,1.13583956558732e-18,"EIF4E2",FALSE
6.35999245756112e-23,-0.283376375485018,0.064,0.137,1.13595825284499e-18,"RFC1",FALSE
6.67151662004708e-23,-0.365178472550731,0.065,0.136,1.19159958350661e-18,"SETD2",FALSE
6.74383804151258e-23,-0.400766004606525,0.059,0.129,1.20451691259456e-18,"EEA1",FALSE
7.28113194039515e-23,-0.766535326637255,0.046,0.109,1.30048297587398e-18,"QKI",TRUE
8.07981054325462e-23,-0.760770113130236,0.174,0.268,1.44313496113071e-18,"PIM1",TRUE
8.46581165430927e-23,-0.383065854279241,0.049,0.114,1.51207861957618e-18,"ATXN2",FALSE
8.55692544733451e-23,-0.95452744093772,0.062,0.13,1.52835245414842e-18,"WDR74",TRUE
9.12715965161295e-23,-0.486420202840547,0.055,0.123,1.63020198537459e-18,"CMIP",FALSE
9.49461070859157e-23,-0.331944763902302,0.129,0.224,1.69583241866154e-18,"ANAPC5",FALSE
1.04202656822337e-22,-0.784999318205884,0.254,0.372,1.86116365350376e-18,"NFKBIA",TRUE
1.06753132072017e-22,-0.283734524258207,0.076,0.152,1.9067176919383e-18,"RBM6",FALSE
1.07443313366219e-22,-0.385494496631366,0.099,0.182,1.91904502003403e-18,"PIAS1",FALSE
1.14411846113508e-22,-0.555964829883798,0.04,0.1,2.04350998343336e-18,"CWC25",TRUE
1.17454123019604e-22,-0.65090907393876,0.086,0.164,2.09784809125316e-18,"CTSS",TRUE
1.31062079009781e-22,-0.377343170468816,0.061,0.13,2.34089979319369e-18,"MAPK1IP1L",FALSE
1.37291052154878e-22,-0.860833345755346,0.044,0.105,2.45215548253827e-18,"MED13L",TRUE
1.4609290605636e-22,-0.436013435115105,0.064,0.134,2.60936539507264e-18,"ITGA4",FALSE
1.63752025668302e-22,-0.514788486058008,0.076,0.151,2.92477493046155e-18,"SSH2",TRUE
1.64937943942768e-22,-0.420030563570345,0.093,0.173,2.94595661676177e-18,"COMMD3",FALSE
1.67909731319251e-22,0.43341946678956,0.673,0.605,2.99903571109314e-18,"TPSAB1",FALSE
1.69577095185614e-22,-0.728867000688735,0.06,0.127,3.02881649711024e-18,"ITGAM",TRUE
1.71809903033916e-22,-0.376927182995542,0.067,0.14,3.06869667808877e-18,"OAF",FALSE
1.73823713577599e-22,-0.274609917394035,0.072,0.145,3.1046653482095e-18,"MFSD10",FALSE
1.91872875012019e-22,-0.361101509349383,0.053,0.12,3.42704142058966e-18,"TNIP1",FALSE
2.03931781165505e-22,-0.52062552471937,0.043,0.104,3.64242554339708e-18,"EVL",TRUE
2.39300353891405e-22,-0.287982476795672,0.05,0.114,4.27414362085439e-18,"MARCH6",FALSE
2.57216833658598e-22,-0.720729101011756,0.092,0.17,4.59414986597622e-18,"PTPRE",TRUE
3.1581260753919e-22,-0.512368891259079,0.14,0.23,5.64072898325747e-18,"HECTD1",TRUE
3.42090770132362e-22,-0.639299279626531,0.063,0.131,6.11008324533413e-18,"UBTF",TRUE
3.46763236802124e-22,-0.274730103771038,0.083,0.16,6.19353817252274e-18,"APPL1",FALSE
3.71918274400875e-22,-0.445236355158949,0.06,0.128,6.64283229907403e-18,"CLIC4",FALSE
4.05147443968201e-22,-0.276512325596022,0.059,0.126,7.23633849671604e-18,"EPRS",FALSE
4.10130439643783e-22,-0.811744124708207,0.078,0.153,7.32533978247761e-18,"TGFBI",TRUE
4.47172802369936e-22,-0.520602416439557,0.053,0.117,7.98695342312943e-18,"CLPP",TRUE
4.83267637811923e-22,-0.529101358923384,0.043,0.103,8.63164327895876e-18,"CHD8",TRUE
4.91541228763103e-22,-0.677629154720092,0.076,0.149,8.77941788693779e-18,"HMGA1",TRUE
4.94174331812996e-22,-0.42400710628311,0.062,0.131,8.82644774051192e-18,"SPTAN1",FALSE
5.24875842097249e-22,-0.365058601607798,0.075,0.148,9.37480741569897e-18,"PSMD3",FALSE
5.7082192288492e-22,-0.267524650503514,0.082,0.159,1.01954503646476e-17,"ARF6",FALSE
5.79282274613307e-22,-0.291588117032267,0.056,0.123,1.03465607068683e-17,"CMTM3",FALSE
6.03496963738892e-22,-0.461366118182095,0.071,0.143,1.07790592693404e-17,"ZNF638",FALSE
6.3811950718852e-22,-0.289071076072573,0.097,0.179,1.13974525178941e-17,"NIN",FALSE
6.78043924865552e-22,-0.431538592630776,0.051,0.114,1.21105425420236e-17,"SMARCA4",FALSE
7.32517061199068e-22,-0.415132252006234,0.106,0.188,1.30834872300765e-17,"ADAM10",FALSE
7.61606798244639e-22,-0.554383312943232,0.107,0.189,1.36030590234475e-17,"NINJ1",TRUE
7.93716076282096e-22,-0.591106193264704,0.057,0.122,1.41765628384745e-17,"ARID2",TRUE
9.2234612677168e-22,-0.495458114372437,0.042,0.102,1.6474024170269e-17,"PCYT1A",FALSE
9.30516223559566e-22,-0.574843551530259,0.042,0.101,1.66199502689974e-17,"PHACTR2",TRUE
9.32973301980031e-22,-0.854308363498062,0.278,0.389,1.66638361466653e-17,"ZFP36",TRUE
1.0594895016045e-21,-0.258572478845003,0.11,0.196,1.89235419881579e-17,"ARHGAP25",FALSE
1.19342775852257e-21,-0.276201371375294,0.061,0.129,2.13158131949717e-17,"CALU",FALSE
1.2637879947761e-21,-0.471832969679072,0.054,0.118,2.2572517374696e-17,"SUPT6H",FALSE
1.41561614714396e-21,-0.52583077275085,0.081,0.154,2.52843200041384e-17,"PTPN7",TRUE
1.51723705034805e-21,-0.368395911787127,0.084,0.16,2.70993709562665e-17,"SRSF1",FALSE
1.53061944876184e-21,-0.528936191851564,0.06,0.126,2.73383939743352e-17,"CIAO1",TRUE
1.57460837000558e-21,-0.495451156177971,0.051,0.114,2.81240800966697e-17,"VPS13A",FALSE
2.17532136710276e-21,-0.405239160330397,0.043,0.104,3.88534149378224e-17,"CCL23",FALSE
2.66243368693142e-21,-0.320580276345311,0.106,0.187,4.75537280822821e-17,"WNK1",FALSE
2.67467140473386e-21,-0.368281317459331,0.156,0.252,4.77723059599515e-17,"ARHGEF1",FALSE
3.09140973783415e-21,-0.335667761507344,0.092,0.169,5.52156693274558e-17,"ATP1A1",FALSE
3.36402274106177e-21,-0.817258292968171,0.046,0.106,6.00848101781043e-17,"CPEB4",TRUE
5.20268676433125e-21,-0.358377118279168,0.079,0.152,9.29251882977204e-17,"DNMT1",FALSE
5.65818206581408e-21,-0.383498253692635,0.121,0.205,1.01060789877505e-16,"SFPQ",FALSE
5.86499162013384e-21,-0.338315548198987,0.059,0.125,1.04754615327211e-16,"SPAG9",FALSE
6.33023494622576e-21,-0.423079330837146,0.079,0.151,1.13064326374538e-16,"OGA",FALSE
7.95246435303852e-21,0.951600088054098,0.205,0.13,1.42038965809621e-16,"HBA1",TRUE
8.90375161984997e-21,-0.470705097918381,0.066,0.133,1.5902990768214e-16,"STIP1",FALSE
9.28458324887882e-21,-0.485219541248237,0.078,0.15,1.65831941408225e-16,"HERC1",FALSE
1.05245648680023e-20,-0.483952702630388,0.048,0.108,1.87979253107389e-16,"PEX16",FALSE
1.07834432678689e-20,-1.04002892351108,0.051,0.111,1.92603080207406e-16,"HK3",TRUE
1.33314971503923e-20,-0.308517805714117,0.123,0.207,2.38113870603156e-16,"NRDC",FALSE
1.4793919840885e-20,-0.59163255188832,0.046,0.105,2.64234202278046e-16,"IPO7",TRUE
1.48371831028346e-20,-0.485583078139797,0.048,0.108,2.6500692739973e-16,"WARS",FALSE
1.51986080294075e-20,-0.625329433482771,0.051,0.113,2.71462338013247e-16,"GYPC",TRUE
1.62577284844496e-20,-0.430351998146651,0.061,0.126,2.90379288460753e-16,"SLC38A10",FALSE
1.63285918606363e-20,-0.317641492519837,0.098,0.176,2.91644979222825e-16,"INPP5D",FALSE
1.63530756478415e-20,-0.483839189992562,0.066,0.133,2.92082284146097e-16,"EHD4",FALSE
1.69703957900233e-20,-0.444153937170701,0.055,0.118,3.03108239205606e-16,"ZMIZ1",FALSE
1.9395514432528e-20,-0.5701137483409,0.044,0.103,3.46423283279382e-16,"STAG1",TRUE
2.05341296735249e-20,-0.287505129964915,0.089,0.164,3.66760090098828e-16,"CDC40",FALSE
2.09671934094465e-20,-0.325484504341728,0.045,0.104,3.74495041486124e-16,"MZT2B",FALSE
2.37851750172574e-20,-0.387317780689253,0.072,0.14,4.24827010983235e-16,"FOXN3",FALSE
2.56187610369111e-20,-0.409503712008966,0.104,0.184,4.57576690880268e-16,"GSK3B",FALSE
2.66493014995801e-20,-0.530287403591964,0.068,0.134,4.75983174084001e-16,"C6orf62",TRUE
2.98136850360381e-20,-0.422508442700701,0.234,0.348,5.32502228428677e-16,"ZYX",FALSE
3.47919081677129e-20,-0.421704469927478,0.079,0.15,6.2141827178352e-16,"TCERG1",FALSE
3.50355069498808e-20,-0.590162528118934,0.065,0.131,6.25769189631821e-16,"BAZ1B",TRUE
3.52156148342399e-20,-0.489451538403939,0.051,0.111,6.28986096554359e-16,"ASCC3",FALSE
3.57658108207995e-20,0.995943137668981,0.164,0.097,6.38813147070299e-16,"ALAS2",TRUE
4.05120879792472e-20,-0.311060119450784,0.045,0.103,7.23586403397335e-16,"KAT8",FALSE
4.22817566472427e-20,-0.312745818576378,0.055,0.117,7.55194455476402e-16,"ARRB1",FALSE
4.55924708391014e-20,-0.430001367061164,0.057,0.12,8.14327121657189e-16,"BDP1",FALSE
4.73232591575603e-20,-0.63901909702957,0.062,0.126,8.45240731813184e-16,"HGS",TRUE
4.82252937438888e-20,-1.06044777926506,0.054,0.115,8.61351971559597e-16,"RAB27A",TRUE
4.93530194498488e-20,-0.601201640577135,0.047,0.105,8.81494280393749e-16,"AP3D1",TRUE
5.01784815596654e-20,-0.296198812386591,0.079,0.151,8.96237859137184e-16,"TSC22D1",FALSE
5.09827121973792e-20,-0.664905281482368,0.073,0.141,9.10602222557389e-16,"PTEN",TRUE
6.37617101520601e-20,-0.65223566808728,0.048,0.106,1.13884790502595e-15,"COLGALT1",TRUE
6.6002296051958e-20,-0.272961869667504,0.054,0.116,1.17886700978402e-15,"HTATSF1",FALSE
6.64937467914702e-20,-0.592312326777325,0.079,0.149,1.18764481144245e-15,"ATP2B1",TRUE
7.5903401634627e-20,-0.590643693139784,0.067,0.133,1.35571065659607e-15,"SORL1",TRUE
7.7885244979861e-20,-0.342129662423051,0.043,0.1,1.3911083605853e-15,"FNIP1",FALSE
8.30517927694365e-20,-0.619561748737171,0.086,0.158,1.48338807065491e-15,"MYO1G",TRUE
1.08119466988928e-19,-0.315066611123972,0.043,0.101,1.93112179988925e-15,"ABCA1",FALSE
1.18660459601691e-19,-0.507245954176799,0.064,0.128,2.1193944689458e-15,"MVP",TRUE
1.18694242819323e-19,-0.46665406240882,0.077,0.146,2.11999787099593e-15,"KCNAB2",FALSE
1.29370815217464e-19,-0.549948662388562,0.076,0.145,2.31069213059912e-15,"EIF4G3",TRUE
1.57128590053745e-19,-0.432502123438351,0.051,0.111,2.80647374694994e-15,"CREBBP",FALSE
1.59127562286745e-19,-0.362436798351502,0.093,0.168,2.84217739000355e-15,"CCAR1",FALSE
1.82511314363279e-19,-0.629133913672994,0.064,0.127,3.25983458584253e-15,"ARFGEF1",TRUE
1.83009877927534e-19,0.251072381624036,0.084,0.162,3.26873942966369e-15,"NDUFB5",FALSE
1.87402531141977e-19,-0.367417279490283,0.146,0.231,3.34719660872686e-15,"UBE2F",FALSE
1.95720826191956e-19,-0.665845548368685,0.075,0.142,3.49576967661453e-15,"WDR26",TRUE
2.11518734889755e-19,-0.31061808537304,0.082,0.152,3.77793612386592e-15,"THOC2",FALSE
2.13959553717977e-19,-0.698685411642754,0.096,0.169,3.82153158895679e-15,"MFSD14A",TRUE
2.18745695640584e-19,-0.47640640300024,0.064,0.127,3.90701686983647e-15,"AMD1",FALSE
2.24167249209783e-19,-0.296144216357072,0.066,0.131,4.00385123813593e-15,"SREK1",FALSE
2.47898040305696e-19,-0.28840620276456,0.083,0.154,4.42770689790003e-15,"GAS7",FALSE
2.59923311172176e-19,-0.363010641636059,0.091,0.165,4.64249026084623e-15,"RNF149",FALSE
2.67858478725677e-19,-0.520560156142626,0.071,0.137,4.78422028851931e-15,"IMPDH2",TRUE
2.8122429992527e-19,-0.260265562780064,0.177,0.272,5.02294722096524e-15,"MYO1F",FALSE
3.59508708783657e-19,-0.256578405131414,0.132,0.219,6.4211850475849e-15,"SRSF7",FALSE
3.60228971600886e-19,-0.45527458994022,0.051,0.109,6.43404966176343e-15,"HSF1",FALSE
4.34777829168045e-19,-0.434658208199572,0.108,0.185,7.76556680677046e-15,"RGS2",FALSE
4.47958817843304e-19,-0.383276736794004,0.087,0.158,8.00099244549924e-15,"FBXW11",FALSE
4.70483261919914e-19,-0.264201412870951,0.135,0.219,8.40330154115159e-15,"NIPBL",FALSE
5.04272896517905e-19,-0.485308774432977,0.07,0.135,9.0068182047063e-15,"CYBC1",FALSE
5.14870474499268e-19,-0.427056693850116,0.056,0.116,9.19610154503142e-15,"ZC3HAV1",FALSE
5.1530604724472e-19,-0.567391827746869,0.083,0.153,9.20388130983795e-15,"PDLIM7",TRUE
5.71797847523952e-19,-0.285199115804257,0.278,0.393,1.02128813546253e-14,"HSPA5",FALSE
5.7800896762405e-19,-0.288341404688205,0.068,0.133,1.03238181707332e-14,"RAB37",FALSE
6.97502885368999e-19,-0.386523809343152,0.062,0.124,1.24580990355757e-14,"CYTH1",FALSE
7.27202273458741e-19,-0.279343065576491,0.978,0.983,1.29885598062466e-14,"FTL",FALSE
7.85359614262381e-19,-0.374338269032894,0.051,0.109,1.40273080703404e-14,"CDIPT",FALSE
7.9545915845019e-19,-0.250776122209666,0.09,0.165,1.42076960290788e-14,"TDRD3",FALSE
9.00341357641625e-19,-0.784558175294948,0.056,0.115,1.60809969888371e-14,"NASP",TRUE
9.24455262744453e-19,-0.313684453597382,0.06,0.122,1.65116954478787e-14,"ZMYND8",FALSE
9.52952669732024e-19,-0.322321438872021,0.071,0.136,1.70206876340837e-14,"UNC13D",FALSE
1.0352024894517e-18,-0.276973721456713,0.066,0.129,1.84897516640968e-14,"PDXDC1",FALSE
1.12578050785255e-18,-0.397626550918719,0.211,0.308,2.01075656507544e-14,"HIST1H1E",FALSE
1.31269352117538e-18,-0.333127898551299,0.048,0.105,2.34460189817134e-14,"CEP170",FALSE
1.33744463051075e-18,-0.409388869127906,0.128,0.211,2.38880985455525e-14,"CITED2",FALSE
1.42404338245784e-18,-0.261039788325578,0.088,0.158,2.54348388540795e-14,"PRPF38B",FALSE
1.45273383595522e-18,-0.306099282206687,0.055,0.114,2.59472790439961e-14,"IVNS1ABP",FALSE
1.5115643407823e-18,-0.594798821511235,0.061,0.122,2.69980506907126e-14,"KIAA1109",TRUE
1.52807073128205e-18,-0.273193020555631,0.046,0.101,2.72928713314287e-14,"RSRC1",FALSE
1.54881746899921e-18,-0.301398564871618,0.055,0.115,2.76634288137949e-14,"IRF5",FALSE
1.61247105708649e-18,-0.298247783621112,0.076,0.142,2.88003455506219e-14,"AFF4",FALSE
1.78179584014433e-18,-0.431268753110668,0.05,0.106,3.18246555008178e-14,"ADSL",FALSE
1.83102288976504e-18,-0.621581276375465,0.123,0.199,3.27038998340934e-14,"CFP",TRUE
1.91876683125836e-18,0.2740336424614,0.126,0.22,3.42710943731055e-14,"NDUFB3",FALSE
1.93244089786207e-18,-0.471201998246727,0.07,0.133,3.45153268767145e-14,"TBC1D9B",FALSE
2.17335574955603e-18,-0.311801673995157,0.066,0.129,3.88183070428202e-14,"UBE2D1",FALSE
2.19869302153919e-18,-0.461641828165448,0.071,0.134,3.92708560577115e-14,"CAMK2G",FALSE
2.2126893536273e-18,-0.421432269068675,0.056,0.114,3.95208445451372e-14,"SMARCC1",FALSE
2.25511116961538e-18,-0.276812937413616,0.1,0.173,4.02785406005004e-14,"FIP1L1",FALSE
2.27161101370759e-18,-0.256647135954745,0.099,0.173,4.05732443158312e-14,"SEC61A1",FALSE
2.40705977620932e-18,-0.533953576954264,0.53,0.641,4.29924946628746e-14,"UBC",TRUE
2.48502526931264e-18,-0.611188301634712,0.061,0.12,4.4385036335193e-14,"PUM1",TRUE
2.64133042252254e-18,-0.391893210190074,0.059,0.119,4.71768026766752e-14,"PIK3CD",FALSE
2.92843087799258e-18,-0.644069001421174,0.057,0.116,5.23047039118255e-14,"CTCF",TRUE
2.99382114479658e-18,-0.258995129517668,0.049,0.105,5.34726394672117e-14,"DAPK1",FALSE
3.02658323637775e-18,-0.281512538423149,0.132,0.214,5.4057803184943e-14,"UBA1",FALSE
3.10469773104495e-18,-0.321693865682848,0.076,0.143,5.54530061741939e-14,"USP3",FALSE
3.46080572736234e-18,-0.294307364537843,0.052,0.109,6.18134510964188e-14,"PPA1",FALSE
4.25132666263643e-18,-0.456003794744614,0.075,0.139,7.59329455213492e-14,"UBE3A",FALSE
4.61213924420976e-18,-0.277794109345004,0.17,0.263,8.23774190408304e-14,"RBMS1",FALSE
5.26876132801949e-18,-0.288852619615677,0.059,0.119,9.41053460797561e-14,"TXNRD1",FALSE
5.28664851913824e-18,-0.272640271429375,0.088,0.157,9.44248292003282e-14,"NME1",FALSE
7.25807393086437e-18,-0.352455097789561,0.124,0.201,1.29636458479169e-13,"FLII",FALSE
7.42157585634614e-18,-0.30773873649453,0.152,0.235,1.32556766370198e-13,"ACIN1",FALSE
8.31930334244816e-18,-0.2605705252949,0.079,0.145,1.48591076999467e-13,"ATF6B",FALSE
8.43440154005743e-18,-0.481887896049899,0.047,0.101,1.50646845906966e-13,"INTS10",FALSE
8.53789351205471e-18,-0.564163393969415,0.061,0.119,1.52495316018809e-13,"ACP5",TRUE
8.83742971533791e-18,-0.349414199520858,0.056,0.113,1.5784533214565e-13,"TAF10",FALSE
8.94832337788743e-18,-0.317816288277218,0.051,0.107,1.59826003852447e-13,"GNL2",FALSE
8.98551136234871e-18,-0.516710965784207,0.055,0.112,1.6049021844291e-13,"FAM192A",TRUE
9.75042121146644e-18,-0.329630356881807,0.091,0.16,1.74152273258002e-13,"SETD3",FALSE
1.00265035877418e-17,-0.287863720943726,0.102,0.174,1.79083380580656e-13,"TIAL1",FALSE
1.25537014238313e-17,-0.431500830804227,0.047,0.101,2.24221661131051e-13,"TOLLIP",FALSE
1.40011069755537e-17,-0.290971869890206,0.071,0.134,2.50073771690364e-13,"SPPL2A",FALSE
1.71346044502813e-17,-0.272951866894778,0.096,0.166,3.06041170086475e-13,"DOCK11",FALSE
1.77666973202523e-17,-0.260231755009689,0.074,0.138,3.17330980837026e-13,"ETNK1",FALSE
1.79996466104767e-17,-0.451215753993126,0.07,0.132,3.21491688109724e-13,"KDM5B",FALSE
2.22273146467061e-17,-0.267311308188413,0.115,0.191,3.97002066904818e-13,"MLX",FALSE
2.25286612077799e-17,-0.358554807637913,0.064,0.123,4.02384417832156e-13,"TPP2",FALSE
2.31592952910694e-17,-0.336020889551749,0.081,0.146,4.1364817319379e-13,"DHX9",FALSE
2.46277469192708e-17,-0.298107173242456,0.056,0.113,4.39876187725096e-13,"NOP56",FALSE
3.00645848465897e-17,-0.43777037221473,0.071,0.133,5.36983549944939e-13,"DDIT3",FALSE
3.02577862928472e-17,-0.504424244550579,0.066,0.126,5.40434320976544e-13,"NKIRAS2",TRUE
3.09886526873131e-17,-0.303524091139066,0.128,0.205,5.53488325648099e-13,"ARHGAP30",FALSE
3.95677898493827e-17,-0.55328973152549,0.086,0.152,7.06720294499825e-13,"IRF9",TRUE
4.42039477844446e-17,-0.377578359937777,0.149,0.231,7.89526711377966e-13,"ATF4",FALSE
5.06398831183082e-17,0.308366091791581,0.109,0.185,9.04478952376102e-13,"PSMC5",FALSE
6.62311432229446e-17,-0.50656079776737,0.086,0.151,1.18295444910501e-12,"QSOX1",TRUE
7.13706220234918e-17,-0.269188015213632,0.061,0.118,1.27475067996159e-12,"PDCD2",FALSE
7.38203532771565e-17,-0.406035147732575,0.102,0.172,1.31850532988329e-12,"PPP1R10",FALSE
8.15905969795798e-17,-0.291372236304337,0.097,0.165,1.45728965265228e-12,"NFIC",FALSE
8.22883281947335e-17,-0.428824165863384,0.131,0.208,1.46975182988614e-12,"CTSZ",FALSE
8.56489496846013e-17,-0.421034386904208,0.06,0.116,1.52977589031666e-12,"FNDC3A",FALSE
9.89184447933187e-17,-0.419596298079074,0.063,0.12,1.76678234245347e-12,"CKAP5",FALSE
1.09188331519807e-16,-0.400709513663047,0.055,0.11,1.95021278927527e-12,"SF3B3",FALSE
1.18943605847366e-16,-0.499065281138947,0.05,0.103,2.1244517440398e-12,"CASC3",FALSE
1.22769420014577e-16,-0.585251998240238,0.109,0.178,2.19278461088037e-12,"RIPOR2",TRUE
1.24612859733096e-16,-0.371897653707843,0.054,0.108,2.22571028769283e-12,"GALNT1",FALSE
1.31132870620088e-16,-0.748068252858814,0.064,0.121,2.34216420214539e-12,"KCTD12",TRUE
1.33507994466176e-16,-0.412129784948855,0.114,0.187,2.38458628916038e-12,"EGR1",FALSE
1.35431504875055e-16,-0.26630766537149,0.053,0.107,2.41894210857336e-12,"KLF3",FALSE
1.47637527987816e-16,-0.355962631430897,0.084,0.149,2.63695388739037e-12,"ANKRD44",FALSE
1.86466389616287e-16,-0.360370858411355,0.084,0.148,3.33047618493651e-12,"NAMPT",FALSE
2.54766595505973e-16,-0.682328734724938,0.05,0.102,4.55038616233218e-12,"PPM1H",TRUE
2.58925164492775e-16,-0.633748893442589,0.141,0.214,4.62466236300546e-12,"ITGB2",TRUE
2.61716424036808e-16,-0.353736748310581,0.083,0.146,4.67451704972142e-12,"GCA",FALSE
2.68802019720255e-16,-0.371497760787274,0.083,0.146,4.80107287422347e-12,"UBE2G2",FALSE
2.9442363419428e-16,-0.410256027290815,0.206,0.288,5.25870053034403e-12,"GSTP1",FALSE
3.42835364733661e-16,-0.48174069324296,0.051,0.102,6.12338244950792e-12,"CORO7",FALSE
3.45682625722456e-16,-0.298953570149525,0.08,0.142,6.17423737802879e-12,"MAP3K11",FALSE
3.64940608792987e-16,-0.526445698154217,0.094,0.16,6.51820421365155e-12,"STK10",TRUE
3.66524556603945e-16,-0.48756862743091,0.066,0.123,6.54649510550307e-12,"UVRAG",FALSE
3.78434585197727e-16,-0.40053304742245,0.065,0.123,6.7592201262166e-12,"NGLY1",FALSE
4.14247159188643e-16,-0.250745060099096,0.092,0.157,7.39886851026835e-12,"SUPT16H",FALSE
4.25903726674152e-16,-0.313645935680969,0.063,0.12,7.60706646212703e-12,"DDX50",FALSE
4.98425780154134e-16,-0.347502295184965,0.098,0.166,8.90238285933298e-12,"FBP1",FALSE
5.06605815904505e-16,-0.589095193242313,0.053,0.105,9.04848647787037e-12,"FBRS",TRUE
5.15005394030401e-16,-0.270104247490641,0.111,0.184,9.19851134277699e-12,"SIGLEC6",FALSE
5.40040661585964e-16,-0.456114493336704,0.059,0.113,9.6456662565869e-12,"FARSA",FALSE
5.46175827257739e-16,-0.446476908453244,0.072,0.13,9.75524645065048e-12,"PSIP1",FALSE
5.75870153544429e-16,-0.372866157753306,0.1,0.165,1.0285616812457e-11,"UBAP2L",FALSE
5.84265919188844e-16,-0.339508389999917,0.057,0.111,1.04355735826319e-11,"DLGAP4",FALSE
6.13367972195704e-16,-0.321849889623902,0.293,0.392,1.09553653513875e-11,"GRINA",FALSE
6.18480125082741e-16,-0.357449702006517,0.056,0.11,1.10466735141028e-11,"NAPG",FALSE
7.11938515653968e-16,-0.336199371866874,0.081,0.142,1.27159338280955e-11,"DOCK10",FALSE
7.41688174701899e-16,-0.316172202135007,0.104,0.173,1.32472924883506e-11,"PREB",FALSE
7.95310419160488e-16,-0.256715073962539,0.073,0.132,1.42050393966255e-11,"NCBP2",FALSE
8.2543228601014e-16,-0.290735421345023,0.116,0.187,1.47430460604271e-11,"AKIRIN1",FALSE
8.40041572085749e-16,-0.419025054305597,0.108,0.177,1.50039825190236e-11,"TCIRG1",FALSE
9.12860052880803e-16,-0.317296926060426,0.108,0.177,1.6304593404504e-11,"SMARCA5",FALSE
9.45435379299343e-16,-0.375915641412945,0.091,0.155,1.68864213096656e-11,"KPNA4",FALSE
9.51473871342717e-16,-0.261787916639716,0.096,0.162,1.69942748160523e-11,"MOB4",FALSE
9.57402671686428e-16,-0.510691543748783,0.078,0.139,1.71001691189913e-11,"HDGF",TRUE
9.81824077745854e-16,-0.308890817308106,0.059,0.113,1.75363598526187e-11,"CDK12",FALSE
1.00663171905143e-15,-0.289366547716461,0.066,0.123,1.79794491339776e-11,"MGRN1",FALSE
1.04953553472326e-15,-0.259270049049208,0.072,0.131,1.87457541856922e-11,"LMAN1",FALSE
1.0760970720612e-15,-0.439942078269161,0.049,0.1,1.9220169804085e-11,"ITCH",FALSE
1.19900490343859e-15,-0.332882222529815,0.049,0.1,2.14154265803167e-11,"ZCCHC7",FALSE
1.30569709420673e-15,-0.461603740119005,0.05,0.101,2.33210557996263e-11,"SUPT5H",FALSE
1.36333286800672e-15,-0.318290128186885,0.053,0.105,2.4350488355468e-11,"RILPL2",FALSE
1.63428768697459e-15,-0.375962678650485,0.104,0.172,2.91900123770532e-11,"TNFAIP8L2",FALSE
1.80707752358928e-15,-0.367369376716399,0.058,0.111,3.22762116488281e-11,"ZNF330",FALSE
1.89579160552438e-15,-0.330432041332265,0.071,0.128,3.3860733866271e-11,"POR",FALSE
1.96254638177689e-15,-0.335280282846576,0.092,0.156,3.50530409249171e-11,"SBNO1",FALSE
2.10039788233792e-15,-0.41698314926362,0.07,0.127,3.75152065764376e-11,"B4GALT1",FALSE
2.14535780186313e-15,-0.277526065448854,0.095,0.16,3.83182356990774e-11,"DDX6",FALSE
2.27215669085761e-15,-0.361743459510419,0.061,0.115,4.05829906554078e-11,"SART1",FALSE
2.95146669029563e-15,0.287811966056767,0.095,0.166,5.27161465553703e-11,"KRT10",FALSE
3.34920698609685e-15,-0.706096856546666,0.057,0.108,5.98201859786758e-11,"SNX27",TRUE
3.45244536369504e-15,-0.26070692084616,0.19,0.278,6.16641266409571e-11,"BIN2",FALSE
4.11207127109281e-15,-0.354179969320402,0.093,0.155,7.34457049729886e-11,"TMEM183A",FALSE
4.11583783481912e-15,-0.548122305723784,0.073,0.13,7.35129795677043e-11,"RAF1",TRUE
4.70913244577232e-15,-0.284277382965033,0.058,0.11,8.41098146139393e-11,"FKBP4",FALSE
6.18861349433673e-15,-0.333123587829431,0.074,0.131,1.10534825622348e-10,"BAZ2A",FALSE
6.26973306025524e-15,-0.346569918730188,0.057,0.109,1.11983702189219e-10,"PXK",FALSE
6.27923403765654e-15,-0.361116234321534,0.141,0.213,1.12153399146584e-10,"BRD4",FALSE
6.58423804453782e-15,-0.35798599525227,0.082,0.141,1.1760107571349e-10,"TMEM33",FALSE
7.70172796588326e-15,-0.345852403652721,0.054,0.104,1.37560563198641e-10,"KANSL1",FALSE
8.10735921482108e-15,-0.453587722649748,0.051,0.1,1.44805542935919e-10,"PRPF31",FALSE
8.15605939788607e-15,-0.316701126854209,0.089,0.149,1.45675376905643e-10,"TRPC4AP",FALSE
9.14117875649113e-15,-0.423254835664745,0.068,0.123,1.63270593769688e-10,"MBD6",FALSE
9.43018955705325e-15,-0.290725235680281,0.08,0.138,1.68432615678528e-10,"PTBP1",FALSE
1.03211962568928e-14,-0.310579897639879,0.065,0.119,1.84346886344363e-10,"ORAI3",FALSE
1.05377809214629e-14,-0.686143725174174,0.153,0.228,1.88215305038248e-10,"IER5",TRUE
1.05473958670737e-14,1.16326679013417,0.154,0.1,1.88387037581804e-10,"BPGM",TRUE
1.1691419531967e-14,0.336847383182356,0.108,0.184,2.08820444260463e-10,"AURKAIP1",FALSE
1.17215430735728e-14,0.287109936592923,0.11,0.182,2.09358480837084e-10,"POLR3GL",FALSE
1.30264088930106e-14,-0.400060551554353,0.091,0.152,2.32664689238063e-10,"LONP2",FALSE
1.32423368170548e-14,-0.318481029815379,0.134,0.204,2.36521377889415e-10,"MAP2K3",FALSE
1.33065794719757e-14,-0.325622522612419,0.069,0.124,2.37668815948957e-10,"GSPT1",FALSE
1.34750579871252e-14,-0.337107368776689,0.139,0.213,2.40678010708043e-10,"RASGRP2",FALSE
1.49319072112932e-14,-0.574712179128556,0.054,0.103,2.66698794700908e-10,"ZFPL1",TRUE
1.54434215970647e-14,-0.468660934585687,0.053,0.103,2.75834953145173e-10,"NAGA",FALSE
1.58600494429462e-14,-0.290726035776858,0.058,0.109,2.83276343100463e-10,"CPSF7",FALSE
1.68882274995724e-14,-0.268650071463314,0.066,0.119,3.01640631369863e-10,"PRMT9",FALSE
2.20928277750399e-14,-0.591973577512839,0.095,0.155,3.94599996889988e-10,"MSL1",TRUE
2.49864132707686e-14,-0.343941295072953,0.065,0.118,4.46282327429198e-10,"KDM6B",FALSE
2.63885005237534e-14,-0.367632892448084,0.064,0.116,4.7132500785476e-10,"IRAK3",FALSE
2.89552834645548e-14,-0.380172901401156,0.089,0.149,5.17170317960413e-10,"PTK2B",FALSE
2.98324496843162e-14,-0.301841052581896,0.08,0.138,5.32837383811572e-10,"RAB8B",FALSE
3.63075194262698e-14,-0.570353150461505,0.06,0.11,6.48488604472604e-10,"WDR82",TRUE
3.65201420953241e-14,-0.32854357739024,0.063,0.115,6.52286257964583e-10,"GRAMD1A",FALSE
4.35960660716831e-14,-0.453152315991356,0.081,0.138,7.78669336106332e-10,"PUM2",FALSE
4.66546204267018e-14,-0.410451011086852,0.056,0.104,8.33298175441321e-10,"AFF1",FALSE
5.45314694794658e-14,-0.323190787137497,0.072,0.126,9.73986576372739e-10,"STAT6",FALSE
5.89927348150584e-14,0.581434389280649,0.544,0.521,1.05366923653176e-09,"HPGDS",TRUE
5.98425248107199e-14,-0.350443945048561,0.166,0.241,1.06884733564427e-09,"FMNL1",FALSE
6.15909670176194e-14,-0.413236077610086,0.078,0.134,1.1000762619017e-09,"RASA2",FALSE
6.4183817623868e-14,0.250181379266044,0.234,0.344,1.14638716657991e-09,"DRAP1",FALSE
6.95850493412672e-14,-0.280784198291351,0.057,0.107,1.24285856628437e-09,"PAFAH1B2",FALSE
7.24150132756105e-14,-0.3324881924735,0.067,0.12,1.29340455211568e-09,"PPP4R3A",FALSE
7.46352516175087e-14,-0.683647815038182,0.059,0.108,1.33306022914032e-09,"EMG1",TRUE
7.46614354432059e-14,-0.489037839438997,0.065,0.117,1.3335278984511e-09,"PLCB2",FALSE
7.63610031600255e-14,-0.250984294316938,0.059,0.109,1.36388387744121e-09,"SH3BP2",FALSE
9.9197337482131e-14,-0.295131657839092,0.056,0.105,1.77176364476834e-09,"AP1G1",FALSE
1.14350227319575e-13,-0.291777606257646,0.155,0.227,2.04240941015493e-09,"ID2",FALSE
1.1770116979944e-13,0.368566431331835,0.126,0.202,2.1022605937878e-09,"ADI1",FALSE
1.2352690490348e-13,-0.290098681577554,0.092,0.15,2.20631404848106e-09,"SMU1",FALSE
1.4748865348673e-13,0.799927445074323,0.155,0.101,2.63429483992649e-09,"TENT5C",TRUE
2.03602057112383e-13,-0.43498434450532,0.067,0.119,3.63653634208428e-09,"EXOC1",FALSE
2.03802916035316e-13,-0.295920087067398,0.074,0.128,3.64012388330678e-09,"ATG7",FALSE
2.07121082393863e-13,-0.257823591406777,0.088,0.145,3.69938965263678e-09,"ARFGAP2",FALSE
2.23473025082065e-13,-0.525059721448245,0.082,0.138,3.99145170099076e-09,"GRK6",TRUE
2.25476027490253e-13,-0.617449541637749,0.123,0.187,4.02722732700341e-09,"TSC22D3",TRUE
2.30520186297531e-13,-0.425953410997344,0.061,0.11,4.11732104746021e-09,"ATP8B4",FALSE
2.629771854916e-13,0.587880222451526,0.506,0.479,4.69703551006547e-09,"VWA5A",TRUE
2.63412416623854e-13,-0.260358805636833,0.079,0.133,4.70480917331866e-09,"PRPF38A",FALSE
2.71632771960829e-13,-0.265455777988759,0.104,0.165,4.85163293999236e-09,"USP4",FALSE
2.73643716480051e-13,-0.297766977955857,0.071,0.123,4.88755042005019e-09,"CLPTM1",FALSE
3.0501527246202e-13,-0.274566997493353,0.115,0.181,5.44787778144414e-09,"SMC1A",FALSE
3.10654062966701e-13,-0.297720320001053,0.133,0.2,5.54859221864824e-09,"LBR",FALSE
3.12445498508856e-13,-0.303251343265597,0.055,0.102,5.58058904886667e-09,"NSF",FALSE
3.67999621814355e-13,-0.252161235380902,0.082,0.136,6.5728412452262e-09,"MTFR1L",FALSE
3.82439501730715e-13,-0.306534136399266,0.054,0.101,6.83075194041231e-09,"RUVBL2",FALSE
3.99163720772215e-13,-0.318303851651494,0.095,0.153,7.12946321671253e-09,"TUT7",FALSE
4.89402057435931e-13,-0.599950514570295,0.085,0.138,8.74121014786316e-09,"MBNL2",TRUE
6.22844953950684e-13,0.319391577865666,0.14,0.22,1.11246337225132e-08,"MPG",FALSE
8.13667782769903e-13,-0.25006088451693,0.088,0.144,1.45329202680532e-08,"RNPEPL1",FALSE
8.41471685294455e-13,0.397674704303931,0.1,0.165,1.50295257710443e-08,"HSPB11",FALSE
8.42754637804286e-13,-0.352867718988385,0.054,0.1,1.50524405858224e-08,"CCNT1",FALSE
8.53572467621519e-13,-0.346793155382189,0.126,0.188,1.52456578441879e-08,"RHOB",FALSE
9.58629635534684e-13,-0.294576335402972,0.066,0.115,1.7122083920285e-08,"AGPAT5",FALSE
9.72653117918383e-13,-0.319534045835368,0.068,0.118,1.73725573391402e-08,"SUCO",FALSE
1.0137203859558e-12,-0.255276354268326,0.072,0.124,1.81060598135566e-08,"CYLD",FALSE
1.12799804751699e-12,-0.571742852465265,0.055,0.101,2.0147173126701e-08,"MCM5",TRUE
1.16530996687698e-12,0.311278463932155,0.114,0.182,2.08136013183898e-08,"MRPL16",FALSE
1.16882997033983e-12,1.47633882254065,0.104,0.061,2.08764721002397e-08,"C1orf123",TRUE
1.28426999001203e-12,-0.300309491848424,0.068,0.118,2.29383462916048e-08,"GRIPAP1",FALSE
1.54973192569214e-12,1.19065998449966,0.209,0.158,2.76797619247874e-08,"SNRPD3",TRUE
1.79496848090781e-12,-0.29105785131935,0.068,0.118,3.20599320374944e-08,"PTPN11",FALSE
1.83181733542191e-12,-0.41808233741848,0.075,0.125,3.27180894279707e-08,"CUL1",FALSE
1.99099304309373e-12,-0.26909693476445,0.059,0.105,3.55611267426972e-08,"GALT",FALSE
2.02798360960362e-12,0.310480337443932,0.144,0.224,3.62218152511303e-08,"ANXA4",FALSE
2.33342519799814e-12,0.271417482404076,0.173,0.254,4.16773074614448e-08,"NDUFS8",FALSE
2.54452680978158e-12,-0.251528125460599,0.107,0.165,4.54477933495087e-08,"SYS1",FALSE
2.82455633365397e-12,-0.315068759561725,0.151,0.218,5.04494006753936e-08,"MTHFS",FALSE
3.12252702825613e-12,-0.486253963193754,0.082,0.134,5.57714552516828e-08,"SLC40A1",FALSE
3.46310614438887e-12,-0.353920871086269,0.061,0.107,6.18545388449296e-08,"CYTH2",FALSE
3.48304238276553e-12,0.262193874965368,0.131,0.199,6.22106199985751e-08,"PFDN1",FALSE
3.63483066137058e-12,-0.363411101047004,0.055,0.101,6.492171044274e-08,"MARCH1",FALSE
3.66686091232152e-12,0.259250039679291,0.104,0.17,6.54938027549746e-08,"PRNP",FALSE
4.30426001298806e-12,0.315961126531471,0.061,0.111,7.68783880919797e-08,"AHR",FALSE
4.61762559179851e-12,-0.315162664711845,0.06,0.106,8.24754106951131e-08,"EXOC5",FALSE
5.07685534807703e-12,0.266079545238492,0.059,0.106,9.06777133720038e-08,"TPRKB",FALSE
5.122713396945e-12,-0.329694005018568,0.08,0.131,9.14967839828347e-08,"SLC44A2",FALSE
5.39124876957867e-12,-0.267709919663548,0.056,0.1,9.62930942734446e-08,"TRPM7",FALSE
5.39541567037299e-12,-0.366612161213093,0.152,0.219,9.6367519288532e-08,"APP",FALSE
5.70083302750152e-12,0.318441126127586,0.155,0.231,1.01822578704205e-07,"SNRPB2",FALSE
6.04730813234308e-12,-0.389929905754607,0.128,0.19,1.0801097055178e-07,"ASAP1",FALSE
6.86957440310042e-12,-1.17554314347888,0.083,0.13,1.22697468413777e-07,"TRMT5",TRUE
6.93570851375558e-12,-0.284627730832949,0.061,0.107,1.23878689764188e-07,"NUBP2",FALSE
7.18280431183402e-12,0.310242202420792,0.18,0.263,1.28292067813667e-07,"LSM3",FALSE
7.75066084155175e-12,0.546169423910603,0.666,0.718,1.38434553290956e-07,"UBA52",TRUE
8.75651410856183e-12,0.489800273390273,0.072,0.123,1.56400098493023e-07,"PPP1R7",FALSE
1.02923918929052e-11,-0.350845269353632,0.074,0.123,1.8383241159918e-07,"TBC1D15",FALSE
1.23524192986081e-11,-0.268181452115205,0.063,0.109,2.20626561092438e-07,"FOSL2",FALSE
1.34681214129504e-11,-0.292434576674236,0.11,0.167,2.40554116556707e-07,"EPN1",FALSE
1.53520869724258e-11,0.951214813782001,0.268,0.218,2.74203625414496e-07,"DYNLRB1",TRUE
1.62334320392368e-11,-0.401683003332785,0.064,0.11,2.89945329652808e-07,"NUDCD3",FALSE
1.80281010501417e-11,-0.251502819260348,0.073,0.122,3.21999912856581e-07,"BRD7",FALSE
2.28736538822547e-11,0.276777974576062,0.097,0.153,4.08546331990952e-07,"CCNH",FALSE
2.81760833337111e-11,0.295207295898135,0.211,0.302,5.03253024423414e-07,"UQCC2",FALSE
3.01856640563162e-11,-0.523824209308193,0.145,0.201,5.39146145709864e-07,"CTSH",TRUE
3.47100875653436e-11,0.472980671352654,0.07,0.119,6.19956874004603e-07,"PTOV1",FALSE
3.54267468922692e-11,-0.328520720084404,0.063,0.107,6.3275712624282e-07,"ELOA",FALSE
3.6261632133781e-11,-0.421597693482358,0.096,0.148,6.47669011541463e-07,"ATP6V0A1",FALSE
3.90571402407899e-11,-0.298769181123284,0.096,0.148,6.97599581840749e-07,"C6orf89",FALSE
4.04658413636597e-11,0.255268320714487,0.064,0.112,7.22760392596326e-07,"CKAP2",FALSE
4.36319013013626e-11,0.331713432948855,0.117,0.18,7.79309389143637e-07,"SNAPIN",FALSE
4.79444155745077e-11,0.576668004151291,0.169,0.117,8.56335206576283e-07,"MAP1LC3B2",TRUE
4.86853227084207e-11,-0.380602007893811,0.064,0.109,8.69568548895101e-07,"GPR137B",FALSE
5.30695824823718e-11,-0.431184931071905,0.068,0.113,9.47875812717643e-07,"CERS6",FALSE
5.46808007209514e-11,0.284901714183904,0.12,0.183,9.76653781676912e-07,"NENF",FALSE
6.14577439776595e-11,0.425280333863065,0.59,0.564,1.09769676518498e-06,"TPSB2",FALSE
6.84269294723816e-11,0.258462968857979,0.227,0.318,1.22217338730621e-06,"CBX3",FALSE
7.72535883005428e-11,-0.271139933383348,0.059,0.101,1.379826340636e-06,"ARID5B",FALSE
7.84576718513209e-11,-0.262398713837457,0.079,0.127,1.40133247693644e-06,"RIT1",FALSE
8.00574725097542e-11,-0.32388437722274,0.098,0.151,1.42990651649672e-06,"LRCH4",FALSE
9.64591700663034e-11,0.342086880368807,0.189,0.27,1.72285723655424e-06,"NDUFAB1",FALSE
9.7016740070238e-11,-0.311120246163072,0.091,0.14,1.73281599439452e-06,"ARIH2",FALSE
9.76676044311389e-11,0.333511373626563,0.096,0.151,1.74444108274457e-06,"MMADHC",FALSE
1.16165378295106e-10,0.299792409737596,0.084,0.134,2.07482982172889e-06,"CHCHD3",FALSE
1.16927386898883e-10,-0.342772399175665,0.067,0.111,2.08844005740095e-06,"MYO5A",FALSE
1.17455463539613e-10,-0.427131882605917,0.065,0.108,2.09787203428102e-06,"GGA1",FALSE
1.22096123233149e-10,-0.315482556994596,0.238,0.311,2.18075885706727e-06,"ANXA2",FALSE
1.27231108160471e-10,-0.268168501967404,0.066,0.109,2.27247482285418e-06,"GUCD1",FALSE
1.41905561714471e-10,0.333848840558661,0.076,0.125,2.53457523778217e-06,"SMIM10L1",FALSE
1.44978674933211e-10,-0.440861766171956,0.059,0.1,2.58946411298207e-06,"NRM",FALSE
1.6947559947936e-10,-0.466468844970651,0.059,0.101,3.02700368230085e-06,"MEF2A",FALSE
1.97305079121468e-10,0.265651264819845,0.149,0.217,3.52406601818854e-06,"TAF9",FALSE
2.03718915923058e-10,-0.257213493744343,0.104,0.155,3.63862355730174e-06,"HIPK1",FALSE
2.14345367061129e-10,0.770161256306943,0.238,0.189,3.82842260107882e-06,"MARCH2",TRUE
2.29011383013863e-10,-0.40108361838634,0.077,0.123,4.0903723120106e-06,"SYNE1",FALSE
2.59908683064487e-10,-0.450925207210763,0.06,0.102,4.64222898821481e-06,"PITPNA",FALSE
2.68853986327102e-10,0.320791055687808,0.238,0.328,4.80200104978836e-06,"NDUFA12",FALSE
2.7674059684464e-10,-0.252350570448284,0.09,0.138,4.94286380024212e-06,"BCL2L1",FALSE
2.89751395575711e-10,-0.256259804112229,0.168,0.232,5.17524967637777e-06,"ACTN1",FALSE
2.96702027549137e-10,0.320152835132661,0.238,0.33,5.29939491405513e-06,"OSTC",FALSE
3.24100596747785e-10,0.309401811981153,0.058,0.101,5.78876075851219e-06,"CFAP97",FALSE
3.29204415272862e-10,-0.320482841740585,0.076,0.121,5.8799200611886e-06,"CHD7",FALSE
4.58868936409581e-10,0.348214654944798,0.086,0.139,8.19585807321152e-06,"BX284668.5",FALSE
5.26287173800922e-10,0.275200534704516,0.14,0.203,9.40001521125827e-06,"MRPS36",FALSE
5.78976568209077e-10,-0.257632742261106,0.127,0.184,1.03411004847823e-05,"ATP2A3",FALSE
5.98060869110182e-10,0.255089161806611,0.071,0.115,1.0681965183177e-05,"GINM1",FALSE
6.1380922059599e-10,0.345745385787116,0.095,0.151,1.0963246489065e-05,"GPR65",FALSE
6.60018016628365e-10,0.43961345567678,0.14,0.204,1.17885817949992e-05,"BTF3L4",FALSE
6.62326360142888e-10,-0.355917687048407,0.314,0.382,1.18298111185121e-05,"LYZ",FALSE
6.66527221330735e-10,0.996215147594768,0.204,0.161,1.19048427001883e-05,"FECH",TRUE
7.06719355724176e-10,-0.33664338240801,0.064,0.105,1.26227144125895e-05,"KLF7",FALSE
8.01534932212022e-10,0.668071728322785,0.153,0.11,1.43162154242389e-05,"RSAD2",TRUE
8.74353420955087e-10,-0.438401728896444,0.086,0.131,1.56168264516788e-05,"MARK2",FALSE
9.35077456112432e-10,0.405770884638598,0.1,0.157,1.67014184436242e-05,"LAGE3",FALSE
1.04920868160831e-09,0.283198509835708,0.084,0.131,1.8739916262206e-05,"SNRPA1",FALSE
1.10419089547689e-09,0.391618342025594,0.073,0.118,1.97219535841126e-05,"SURF1",FALSE
1.14115502648526e-09,-0.368184335936721,0.068,0.109,2.03821699280533e-05,"MGLL",FALSE
1.14589881154318e-09,-0.50086668501233,0.062,0.102,2.04668986729727e-05,"RNF138",TRUE
1.16536438244783e-09,-0.373736279666548,0.078,0.121,2.08145732349007e-05,"SNRNP25",FALSE
1.18362945946903e-09,-0.311444814679694,0.064,0.105,2.11408057755764e-05,"UPF3B",FALSE
1.21872056601987e-09,-0.271067856726387,0.073,0.116,2.17675680296809e-05,"MKLN1",FALSE
1.24621299536649e-09,-0.298911988255855,0.078,0.123,2.22586103102409e-05,"E2F4",FALSE
1.44949158747661e-09,0.306435103921491,0.115,0.171,2.58893692439198e-05,"MRPS33",FALSE
1.51597956071982e-09,-0.267554509065823,0.1,0.149,2.70769109340168e-05,"GLYR1",FALSE
1.63597207753714e-09,0.334896550532753,0.11,0.165,2.92200972768908e-05,"IDH1",FALSE
1.86534617609754e-09,0.2778443949901,0.088,0.135,3.33169480512781e-05,"POLR3K",FALSE
2.26814894337187e-09,-0.299493787529919,0.068,0.109,4.0511408277565e-05,"NFKBIB",FALSE
2.40735173219736e-09,0.613871571225228,0.159,0.114,4.29977092887771e-05,"ISG20",TRUE
2.53719339997489e-09,-0.274277032708177,0.08,0.124,4.53168113169514e-05,"DNAJC5",FALSE
2.72508355939255e-09,-0.458402973724917,0.079,0.121,4.86727174543104e-05,"HIST2H2BF",FALSE
3.38393496460367e-09,0.305367324706374,0.104,0.155,6.04404624027861e-05,"ERP44",FALSE
3.81130370498108e-09,0.27709735293021,0.119,0.173,6.8073695474667e-05,"UFD1",FALSE
3.85101504586042e-09,0.29900521634422,0.069,0.111,6.8782979734113e-05,"AASDHPPT",FALSE
4.5608394502434e-09,-0.527324218627472,0.46,0.573,8.14611534207973e-05,"SRGN",TRUE
4.5997971688332e-09,-0.28475431549132,0.074,0.115,8.21569772325299e-05,"PLEKHA2",FALSE
5.1332708351922e-09,0.425534994418345,0.079,0.123,9.16853503873678e-05,"POP5",FALSE
5.57872630157736e-09,0.299010924265036,0.064,0.106,9.96416304724732e-05,"CYSLTR1",FALSE
6.44351818069119e-09,0.667655362878087,0.171,0.126,0.000115087678225325,"UBE2C",TRUE
6.97208418014907e-09,-0.413702076377281,0.075,0.116,0.000124528395541643,"EDEM1",FALSE
7.61400727766414e-09,0.346959555798135,0.061,0.1,0.000135993783986359,"PPIE",FALSE
9.08370712364106e-09,-0.312837354901276,0.073,0.114,0.000162244092935353,"MEGF9",FALSE
9.27368272697702e-09,0.290026104219069,0.15,0.212,0.000165637247186537,"NDUFS2",FALSE
9.38473278090257e-09,0.30646014482479,0.065,0.105,0.000167620712199701,"JKAMP",FALSE
1.08632511302299e-08,0.32225054891341,0.109,0.159,0.000194028528437036,"PBDC1",FALSE
1.13730107742454e-08,0.961272163741751,0.267,0.234,0.000203133345438796,"UBE2L6",TRUE
1.17514377061774e-08,0.532535765325632,0.061,0.1,0.000209892428870034,"ATIC",TRUE
1.26124656116412e-08,-0.321499286554286,0.07,0.11,0.000225271248289523,"ATP11B",FALSE
1.29892125240906e-08,0.324370037106496,0.087,0.132,0.000232000324892782,"SCOC",FALSE
1.37507436825428e-08,0.406142783521539,0.09,0.136,0.000245602032913898,"NIPSNAP2",FALSE
1.59738861205981e-08,0.258395276691942,0.121,0.174,0.000285309580000003,"DPY30",FALSE
1.62828477015095e-08,0.306252409328872,0.151,0.212,0.000290827942796662,"POLR2K",FALSE
1.82982923457618e-08,0.355603944581245,0.109,0.159,0.000326825799587652,"MAGOH",FALSE
2.20530399588597e-08,0.297273063808407,0.102,0.149,0.000393889346705192,"PAPSS1",FALSE
2.2802163484796e-08,-0.450507310968726,0.08,0.12,0.000407269442001942,"GNA13",FALSE
2.30408836313213e-08,0.391361068363663,0.088,0.134,0.00041153322253903,"NUDCD2",FALSE
2.44388893409551e-08,0.453348162783738,0.146,0.213,0.000436503002518799,"BLVRA",FALSE
3.94670080725365e-08,0.280128044210764,0.187,0.255,0.000704920231183574,"MRPS18C",FALSE
4.08694243453028e-08,0.265842843761236,0.064,0.101,0.000729968788231454,"LACTB",FALSE
4.23376577812066e-08,0.355808473268558,0.066,0.104,0.000756192905630131,"MRPL22",FALSE
4.6283693265842e-08,0.322761718576305,0.115,0.165,0.000826673045421204,"MCTS1",FALSE
4.86679553269274e-08,0.932000948430653,0.292,0.257,0.00086925835009425,"ZNF90",TRUE
5.41019515383591e-08,0.333843709842671,0.096,0.141,0.000966314956426632,"PRKACB",FALSE
6.24379286294446e-08,0.283706193526523,0.223,0.301,0.00111520384325051,"ESD",FALSE
6.54907695256504e-08,0.346457275064286,0.132,0.185,0.00116973063449764,"WTAP",FALSE
6.57142419417062e-08,0.435839812125688,0.108,0.156,0.00117372207532081,"PSMD9",FALSE
7.47344559403388e-08,0.349378969425037,0.088,0.129,0.00133483211755039,"SAMM50",FALSE
7.85667894168264e-08,0.411411916538635,0.149,0.207,0.00140328142577394,"ECHS1",FALSE
8.86832925725664e-08,-0.282085880013339,0.067,0.102,0.00158397228863861,"SNX12",FALSE
8.9200936822427e-08,0.273886169379012,0.271,0.364,0.00159321793258537,"VDAC1",FALSE
9.38615359190877e-08,0.296244230563555,0.098,0.142,0.00167646089305083,"SNRNP40",FALSE
9.83994395120541e-08,0.344037113583836,0.26,0.348,0.0017575123891248,"SF3B6",FALSE
1.21704774634672e-07,0.304444895499698,0.118,0.166,0.00217376897974988,"MAT2B",FALSE
1.30030980170184e-07,0.320176174445149,0.168,0.228,0.00232248333681966,"STRAP",FALSE
1.47585860716128e-07,0.260289211937991,0.066,0.102,0.00263603105825077,"DCAF13",FALSE
1.51566154651963e-07,0.254104408359168,0.089,0.13,0.00270712308823871,"MIF4GD",FALSE
1.53133520314698e-07,0.295205592033942,0.249,0.33,0.00273511780634082,"SPCS2",FALSE
1.54913244380771e-07,0.398821524669685,0.131,0.183,0.00276690545788494,"ADH5",FALSE
1.55774173589867e-07,0.271530013989103,0.106,0.151,0.00278228251448861,"PDHB",FALSE
1.57996269698568e-07,0.500765233622111,0.435,0.574,0.00282197137308613,"HMGN2",TRUE
1.58057852621855e-07,0.686152124640047,0.141,0.103,0.00282307130567896,"ACTA1",TRUE
1.66236689143224e-07,0.425323878410289,0.098,0.143,0.00296915350478713,"METTL5",FALSE
1.6844562582606e-07,0.256282492695756,0.28,0.393,0.00300860732287926,"ATP5MF",FALSE
1.77437992655389e-07,0.315460444448267,0.247,0.33,0.0031692199868179,"YWHAQ",FALSE
1.94439688570132e-07,0.902871486943541,0.143,0.108,0.00347288727755112,"SNCA",TRUE
2.17112153236395e-07,0.380985959028922,0.155,0.212,0.00387784016895524,"ELAVL1",FALSE
2.34895653452306e-07,-0.549921094826358,0.083,0.12,0.00419547126631163,"APOC2",TRUE
2.48249426582466e-07,0.325696532902116,0.11,0.156,0.00443398300818943,"TBPL1",FALSE
2.53604683613091e-07,0.356470185399604,0.282,0.375,0.00452963325401341,"ATP5MC1",FALSE
2.58028616699931e-07,0.408825301565278,0.08,0.119,0.00460864912287747,"LSM1",FALSE
3.11441686728611e-07,-0.306434026493988,0.094,0.134,0.00556265996665972,"APOE",FALSE
3.53212138816389e-07,0.321741279841624,0.256,0.341,0.00630872201139952,"ERH",FALSE
4.44933654183272e-07,0.252494163481326,0.185,0.242,0.00794695999736741,"FUNDC2",FALSE
4.8519285656648e-07,0.390132192924754,0.198,0.264,0.00866602961113389,"TMEM9B",FALSE
5.23454049832386e-07,0.323437426977085,0.076,0.113,0.00934941278405624,"PPIH",FALSE
6.28142302655612e-07,-0.251661594320599,0.068,0.102,0.0112192496677319,"CLPTM1L",FALSE
6.45749366997495e-07,0.389302473823799,0.07,0.105,0.0115337294439423,"STX8",FALSE
7.16388290659993e-07,0.432778365258217,0.09,0.13,0.0127954112594781,"MRPS23",FALSE
8.83580013328988e-07,0.285652590129274,0.154,0.208,0.0157816226180691,"NDUFS4",FALSE
8.94735383899281e-07,0.410117058925721,0.197,0.26,0.0159808686918251,"NDUFB6",FALSE
9.82474538648544e-07,0.257171867498139,0.139,0.187,0.0175479777348016,"PPP6C",FALSE
1.03944204128735e-06,0.271920639390967,0.119,0.164,0.0185654742994333,"SRA1",FALSE
1.0807999926844e-06,0.310881453526513,0.107,0.15,0.019304168669336,"MRPL14",FALSE
1.11485987824684e-06,0.381210442475396,0.236,0.311,0.0199125122853669,"TMEM179B",FALSE
1.20598894301444e-06,0.887184390259835,0.205,0.171,0.021540168511181,"SEPT2",TRUE
1.20835946998708e-06,0.380752541006389,0.15,0.203,0.0215825084934393,"EMC7",FALSE
1.5636642326392e-06,0.271469611803855,0.075,0.11,0.0279286068591688,"C1orf35",FALSE
1.64331622954966e-06,-0.351513386510634,0.245,0.304,0.0293512711759865,"MSRB1",FALSE
1.74028951041299e-06,0.351290452030715,0.078,0.114,0.0310833109454864,"AK3",FALSE
1.86289171269784e-06,0.254231748975053,0.128,0.174,0.0332731088804962,"PSMD14",FALSE
1.86721306665693e-06,0.346383120903445,0.189,0.249,0.0333502925835594,"COPS6",FALSE
1.87830104423285e-06,0.274890199877019,0.126,0.175,0.0335483349510429,"GMPR",FALSE
2.1071836128245e-06,0.36355234999689,0.122,0.167,0.0376364065086583,"NAXE",FALSE
2.17373119239603e-06,0.269078545039695,0.167,0.222,0.0388250128273855,"MCTP1",FALSE
2.27440902810614e-06,-0.380759237153659,0.106,0.143,0.0406232196510037,"KDM7A",FALSE
3.21736331651728e-06,0.90941918741142,0.101,0.073,0.0574653261963151,"CA2",FALSE
3.50405793043719e-06,0.536303237212464,0.119,0.088,0.0625859786955386,"DHRS11",FALSE
3.53380836125111e-06,0.374991532768707,0.196,0.252,0.063117351140306,"UBE2E3",FALSE
3.61018347830769e-06,0.409489357354254,0.074,0.108,0.0644814871060537,"CPSF3",FALSE
3.68078395826222e-06,0.322509856780479,0.343,0.443,0.0657424822785215,"CUTA",FALSE
3.76059038205227e-06,0.535416543543117,0.092,0.131,0.0671679048138356,"CCDC90B",FALSE
4.01447845302277e-06,0.251945713793395,0.083,0.117,0.0717025996494397,"DLD",FALSE
4.07500021075008e-06,0.465430421334814,0.216,0.302,0.0727835787642071,"NDUFB4",FALSE
4.26706864177654e-06,0.281061417276189,0.174,0.227,0.0762141130107708,"NDUFA8",FALSE
5.26906008426361e-06,0.402530306259313,0.154,0.204,0.0941106821650324,"ANXA7",FALSE
5.33899864494799e-06,0.270632428354443,0.203,0.263,0.095359854797416,"PDCD10",FALSE
5.54161203814758e-06,0.324550812172247,0.632,0.691,0.0989787326133539,"CD63",FALSE
6.32343217309932e-06,0.316491645727451,0.222,0.284,0.112942822043727,"PRDX3",FALSE
6.5700653118837e-06,0.484615263045598,0.145,0.195,0.117347936535555,"TMEM60",FALSE
6.65040367495577e-06,0.270409719191949,0.25,0.32,0.118782860038385,"RAB32",FALSE
7.25782702227361e-06,0.459191052606567,0.447,0.447,0.129632048444829,"SLC18A2",FALSE
8.18714304659428e-06,1.23088117932881,0.172,0.15,0.14623056195522,"MINOS1",FALSE
9.22901201115852e-06,0.326183664678417,0.082,0.115,0.164839383531302,"TRAF3IP3",FALSE
1.0875787772089e-05,0.393099561067016,0.195,0.253,0.194252445397281,"UBE2N",FALSE
1.17169624222894e-05,0.333068772346377,0.213,0.275,0.209276665824512,"PSMA3",FALSE
1.19502275356555e-05,0.710232502076796,0.203,0.174,0.213443014014344,"ISCA1",FALSE
1.29592995850867e-05,0.251617099889521,0.139,0.185,0.231466049889234,"ACOT7",FALSE
1.30918606517968e-05,0.289898529515783,0.167,0.216,0.233833723101742,"ARL2BP",FALSE
1.57426035252557e-05,-0.425536144608948,0.2,0.244,0.281178641564592,"MXD1",FALSE
1.64633166229422e-05,0.453473589685584,0.079,0.112,0.294051298202371,"HACD1",FALSE
1.74178461681943e-05,0.640653873874741,0.363,0.352,0.311100150410118,"PRKAR1A",FALSE
1.79504221259041e-05,0.418450859801659,0.167,0.217,0.320612489590772,"RNF181",FALSE
1.81394759977367e-05,0.296382155529056,0.322,0.415,0.323989180795575,"NDUFB2",FALSE
1.82260513869961e-05,0.407435799463122,0.107,0.145,0.325535503823137,"PCIF1",FALSE
1.82992737214614e-05,0.272440924177375,0.813,0.842,0.326843327939023,"ACTG1",FALSE
2.00969647238142e-05,0.893361806518683,0.256,0.237,0.358951886932046,"ANKRD46",FALSE
2.12996165582959e-05,0.285704366495552,0.109,0.147,0.380432451347723,"MRPL18",FALSE
2.25868844281815e-05,0.308837695973184,0.339,0.438,0.403424342771749,"COX7A2",FALSE
2.39661127738565e-05,0.441917086833401,0.261,0.345,0.42805874025385,"TMEM50A",FALSE
2.55527729606177e-05,0.440484181451618,0.082,0.114,0.456398077849593,"SUCLA2",FALSE
2.81117890395369e-05,0.852141781677423,0.157,0.128,0.502104664035168,"PTTG1",FALSE
2.81497569087423e-05,0.278409365919657,0.096,0.131,0.502782808147046,"GLRX3",FALSE
2.87379955019427e-05,0.475344030216177,0.122,0.162,0.513289337660198,"UCHL3",FALSE
3.25242631696384e-05,0.28438481666627,0.194,0.249,0.580915864472911,"MPC1",FALSE
3.25380156334577e-05,0.328849066953148,0.236,0.303,0.581161497229188,"PSMB2",FALSE
3.70623971602644e-05,0.255068611258477,0.088,0.119,0.661971475679482,"ELOF1",FALSE
3.82831510150008e-05,0.285459159820207,0.213,0.271,0.683775360278928,"PSMB5",FALSE
3.93499322137069e-05,0.255528412791371,0.128,0.168,0.702829139269019,"FMC1",FALSE
3.98338638048081e-05,0.387011198284545,0.127,0.168,0.711472641417678,"PLGRKT",FALSE
4.06269988998032e-05,0.704807829673225,0.269,0.249,0.725638827349385,"MYL9",FALSE
4.44712018154564e-05,0.93907045970051,0.248,0.234,0.794300135625867,"ATXN10",FALSE
5.15902958439774e-05,0.268601622511488,0.15,0.196,0.92145427406928,"PPM1M",FALSE
5.21463143605629e-05,0.431762626835275,0.077,0.106,0.931385320794014,"PWP1",FALSE
5.42646216662051e-05,0.250067210877628,0.429,0.55,0.969220407580089,"SSR4",FALSE
5.67649878041756e-05,0.28748648386477,0.075,0.103,1,"ERG28",FALSE
6.39668920775526e-05,-0.272085673633182,0.08,0.108,1,"FCHO2",FALSE
6.86426705852356e-05,0.263167520181551,0.335,0.434,1,"RAN",FALSE
7.00539115703914e-05,0.54290155801844,0.528,0.56,1,"LAPTM4A",FALSE
7.01422749280065e-05,0.483632416383396,0.182,0.244,1,"CARD16",FALSE
7.25972843325536e-05,0.505127009362719,0.128,0.169,1,"SPTSSA",FALSE
7.43951267288212e-05,0.260501817952276,0.282,0.367,1,"VDAC2",FALSE
8.50926217837227e-05,-0.822926138862863,0.16,0.191,1,"MTRNR2L10",FALSE
9.07476493983183e-05,0.553266109604123,0.184,0.243,1,"NDUFAF3",FALSE
9.14059118138698e-05,0.301140934805993,0.174,0.218,1,"GID8",FALSE
9.98536008477116e-05,0.637261866366141,0.153,0.127,1,"ANXA3",FALSE
0.000103257767183918,0.321982619703415,0.111,0.145,1,"SMIM19",FALSE
0.0001085158735227,0.307995683922364,0.079,0.107,1,"HSDL2",FALSE
0.000109125361607189,0.363696809491565,0.229,0.289,1,"RSU1",FALSE
0.000113056324376135,0.41206549723696,0.146,0.188,1,"SLBP",FALSE
0.000116124719277726,0.396688612472551,0.095,0.126,1,"TMEM248",FALSE
0.000142504949963273,0.476733263033502,0.11,0.145,1,"FAM162A",FALSE
0.00014390601609024,0.537933330972042,0.139,0.112,1,"DNAJB7",FALSE
0.000151221063672205,0.410164961076406,0.076,0.104,1,"CASP3",FALSE
0.000154184476063347,0.419572359620304,0.073,0.1,1,"MOCS2",FALSE
0.000159848077305244,0.30579778834038,0.184,0.23,1,"CHMP5",FALSE
0.000168730322538228,0.385136448964559,0.557,0.549,1,"CPA3",FALSE
0.000181697980995193,0.331992784421197,0.117,0.151,1,"TSG101",FALSE
0.000188045927972591,0.359644414778527,0.085,0.114,1,"ACYP2",FALSE
0.000195866358724968,0.307922804838629,0.315,0.401,1,"MT2A",FALSE
0.000212719054715608,0.539722903129324,0.449,0.472,1,"CLU",FALSE
0.00023859574707172,0.345109303941253,0.308,0.377,1,"NDUFB11",FALSE
0.000248033961085101,0.73379519259317,0.339,0.336,1,"MKRN1",FALSE
0.000312195156186564,0.284243530452515,0.148,0.186,1,"TRAPPC4",FALSE
0.0003252412820825,0.267440393810423,0.414,0.521,1,"VPS28",FALSE
0.000347324441622319,0.263959672513534,0.107,0.139,1,"GBE1",FALSE
0.000371100252789235,0.375707600830685,0.092,0.12,1,"UBL4A",FALSE
0.00039457457708188,0.526338988594743,0.074,0.1,1,"FH",FALSE
0.000403768330152581,0.570245700422173,0.126,0.103,1,"PNPO",FALSE
0.000415991288437319,0.386721397613097,0.085,0.112,1,"GEMIN7",FALSE
0.000454559683083092,0.747931319990096,0.174,0.151,1,"R3HDM4",FALSE
0.000457695558261351,0.28648236411252,0.281,0.355,1,"CAPZA2",FALSE
0.000466007477080176,0.413625654467742,0.082,0.108,1,"NDUFS1",FALSE
0.000471818463177185,0.304213107657795,0.128,0.163,1,"NCK1",FALSE
0.000481454204375528,1.36900864079285,0.13,0.113,1,"C19orf70",FALSE
0.000503358251428734,0.395535798530095,0.089,0.116,1,"COPS8",FALSE
0.000550483819978749,0.366544393963018,0.139,0.175,1,"DHRS1",FALSE
0.000638317145790404,0.387736251986049,0.078,0.103,1,"TIA1",FALSE
0.000655575170753642,0.345180464479438,0.218,0.269,1,"MGST3",FALSE
0.000684052304207828,0.287177575312643,0.209,0.18,1,"RBM38",FALSE
0.000778935121943023,0.539811794591034,0.133,0.111,1,"CEBPE",FALSE
0.000841724758918408,0.254276035909175,0.148,0.182,1,"SNX4",FALSE
0.00127658508194639,0.465962599824396,0.082,0.105,1,"COPS4",FALSE
0.00132421321809443,0.391568526418459,0.177,0.217,1,"ACTR10",FALSE
0.00158586598963839,0.270712944192921,0.087,0.111,1,"VAPB",FALSE
0.00187532778824354,0.283539568766285,0.139,0.173,1,"DDIT4",FALSE
0.00193706308979146,0.539059581988646,0.247,0.225,1,"COL6A3",FALSE
0.00197265031509441,0.278814678160739,0.147,0.183,1,"LTA4H",FALSE
0.00204992296675139,0.530132611354017,0.186,0.232,1,"CYCS",FALSE
0.00212588746745468,0.529829146030196,0.192,0.171,1,"GCLM",FALSE
0.00220912343808451,0.382677612338507,0.226,0.274,1,"TXNL1",FALSE
0.00230834921854541,0.406002432434466,0.084,0.107,1,"DTNBP1",FALSE
0.00241893263002602,0.284035070328732,0.432,0.536,1,"DAD1",FALSE
0.00261934150938399,0.374677582296211,0.086,0.109,1,"TRAPPC2B",FALSE
0.00273069936583315,0.51694185064786,0.183,0.228,1,"DDX39A",FALSE
0.00280605039910822,0.43762637925698,0.105,0.131,1,"CHIC2",FALSE
0.00290652004937871,0.481337321070244,0.146,0.179,1,"RRAGA",FALSE
0.00348218465981284,0.263730610594448,0.195,0.243,1,"RGS13",FALSE
0.00359247117303269,0.513940113709138,0.123,0.154,1,"PLAC8",FALSE
0.00379785763417438,0.358793996132175,0.102,0.126,1,"NSMCE4A",FALSE
0.00399588434626191,0.323582585451414,0.164,0.197,1,"TMEM30A",FALSE
0.00414798857393669,0.326224259909288,0.117,0.143,1,"STK16",FALSE
0.0043641125679702,0.356979833666418,0.096,0.119,1,"MED21",FALSE
0.00476420855782399,0.320367299952338,0.111,0.135,1,"ATG101",FALSE
0.0049945250362574,0.746744019559047,0.127,0.109,1,"S100A13",FALSE
0.00549729732416639,0.364522549218304,0.268,0.323,1,"PLIN2",FALSE
0.00575302154190592,0.58541281272348,0.274,0.266,1,"PPP1CB",FALSE
0.00604205297184257,0.588369135908523,0.104,0.129,1,"LMBRD1",FALSE
0.0064502066114323,0.259939388389155,0.44,0.552,1,"ABRACL",FALSE
0.00655266111507936,0.341984986828795,0.245,0.295,1,"MSRA",FALSE
0.00673640833057981,0.262371960085284,0.333,0.404,1,"RAP1A",FALSE
0.00697467584635071,0.422622394995902,0.101,0.084,1,"TACSTD2",FALSE
0.00728515102112886,0.368570236854521,0.541,0.607,1,"SEC61G",FALSE
0.00768017681386328,0.502795331290306,0.258,0.316,1,"MDH1",FALSE
0.00778798546301313,0.268689073937182,0.096,0.118,1,"VRK1",FALSE
0.0084337775192011,0.464669935438014,0.233,0.282,1,"CD53",FALSE
0.00844378986787147,0.468336673184797,0.227,0.277,1,"SYPL1",FALSE
0.00937430994724126,0.425362006053071,0.291,0.361,1,"GPI",FALSE
0.00966083635561548,0.582812598136665,0.125,0.153,1,"AL133415.1",FALSE
0.0117009038004396,0.370201720027866,0.464,0.511,1,"UCP2",FALSE
0.012243831734504,0.374687741452429,0.257,0.31,1,"TECR",FALSE
0.0126768003379373,0.529597245410094,0.346,0.356,1,"FCER1A",FALSE
0.0134981490086026,0.254544328284302,0.472,0.495,1,"CD9",FALSE
0.013840235536631,0.274800411515418,0.336,0.388,1,"ISCU",FALSE
0.0143642897883499,0.477794683414651,0.102,0.127,1,"SVOPL",FALSE
0.0154898826142741,0.345081745545462,0.26,0.315,1,"ALDH1A1",FALSE
0.015688828515525,0.376874886074232,0.464,0.513,1,"BNIP3L",FALSE
0.0181251144593928,0.327788415549912,0.24,0.231,1,"PRDX2",FALSE
0.0192046978801176,0.335679438349904,0.148,0.173,1,"KIF2A",FALSE
0.0195709580083794,0.390852779835978,0.151,0.177,1,"FRG1",FALSE
0.0201470637470161,0.307720239952384,0.573,0.657,1,"EMP3",FALSE
0.0218571186760751,0.293144936259948,0.111,0.131,1,"TMEM50B",FALSE
0.0220255036237958,0.404649992251957,0.138,0.163,1,"YEATS4",FALSE
0.0240139943129533,0.360898440126184,0.381,0.489,1,"UQCRQ",FALSE
0.0245619041646497,0.390275154561693,0.446,0.548,1,"SPCS1",FALSE
0.0253092270456353,0.335719640480236,0.328,0.404,1,"SCP2",FALSE
0.0285676500730084,0.368346203398535,0.225,0.267,1,"GYG1",FALSE
0.0299072414440309,0.440015644006715,0.132,0.155,1,"ITM2C",FALSE
0.0310723171974634,0.599429464035413,0.099,0.118,1,"PDCL3",FALSE
0.0335774538219949,0.357203720522782,0.157,0.142,1,"MAPK13",FALSE
0.0336257296841167,0.375560852312087,0.383,0.39,1,"UTS2",FALSE
0.0377816916179164,0.313727422829106,0.096,0.113,1,"ZMPSTE24",FALSE
0.0393838062377685,0.268351379583647,0.086,0.101,1,"FAM160A2",FALSE
0.0400900785700791,0.354207661317917,0.186,0.174,1,"GLRX5",FALSE
0.0403928142383494,0.430501058710129,0.235,0.281,1,"DEGS1",FALSE
0.0410651612813751,0.421042422112143,0.134,0.121,1,"RFK",FALSE
0.04186829569633,0.281513614498697,0.218,0.254,1,"FAM107B",FALSE
0.0431760492487385,0.503687345215931,0.091,0.107,1,"PEF1",FALSE
0.0437627997533322,0.387091951739591,0.089,0.105,1,"IMMP1L",FALSE
0.0445501503416437,0.558302085142395,0.094,0.114,1,"CALB2",FALSE
0.047169748379219,0.369066860959279,0.329,0.392,1,"TUBA1A",FALSE
0.0493767781717134,0.267880302059411,0.093,0.108,1,"RMND5B",FALSE
0.0498571730581196,0.259157283593004,0.086,0.101,1,"ERO1A",FALSE
0.0499907072729461,0.345766972443144,0.089,0.104,1,"PSTPIP1",FALSE
0.0549275192733579,0.55879309713577,0.174,0.165,1,"CMAS",FALSE
0.056190832386084,0.338329300617271,0.125,0.146,1,"SLA",FALSE
0.059668539680403,0.7341576714358,0.133,0.124,1,"AL136454.1",FALSE
0.0596950996149018,0.299827797602537,0.108,0.126,1,"UBL3",FALSE
0.0642525907890824,0.315585475978361,0.089,0.104,1,"MCEE",FALSE
0.0708483138550563,0.312254894769277,0.113,0.13,1,"TMEM216",FALSE
0.0718079932769313,0.559668441694919,0.349,0.365,1,"GHITM",FALSE
0.0722019915844923,0.530665225251135,0.177,0.17,1,"LTB4R",FALSE
0.0742052828720535,0.267786119196454,0.524,0.629,1,"ATP6V0E1",FALSE
0.0745429012668429,0.26446932751341,0.236,0.271,1,"ALDH2",FALSE
0.0753523505712115,0.354827747095572,0.09,0.104,1,"IMPA1",FALSE
0.0809947188996079,0.344393019308907,0.532,0.592,1,"COX8A",FALSE
0.0819912407875164,0.439810433065381,0.096,0.111,1,"NIPSNAP3A",FALSE
0.0837686655916335,0.282810520855683,0.377,0.458,1,"TIMP1",FALSE
0.0865306264674984,0.288642704802784,0.535,0.638,1,"NDUFA3",FALSE
0.087185501136936,0.374495017556174,0.097,0.112,1,"DRAM1",FALSE
0.0898949793544548,0.513997684155856,0.107,0.124,1,"EMC2",FALSE
0.0902283638217491,0.268063819098546,0.129,0.146,1,"SERTAD1",FALSE
0.0979110096954231,0.363254061220386,0.253,0.247,1,"DCAF12",FALSE
0.11263721720614,0.376866905867901,0.088,0.101,1,"RCHY1",FALSE
0.11863849697546,0.483658616181091,0.254,0.251,1,"RIOK3",FALSE
0.118983405179038,0.553909954308827,0.094,0.108,1,"RFC2",FALSE
0.119285739853131,0.340576372257922,0.43,0.519,1,"ATP5F1C",FALSE
0.122230640143615,0.40855533002033,0.097,0.111,1,"CETN3",FALSE
0.129533369798245,0.393960756631897,0.147,0.167,1,"ALDH3B1",FALSE
0.135144984473541,0.307267403075445,0.531,0.644,1,"SRP14",FALSE
0.136212859546141,0.514995633566518,0.142,0.162,1,"STAT1",FALSE
0.143705635251899,0.253341584241464,0.104,0.116,1,"WIPI1",FALSE
0.148697108222367,0.451708502197188,0.187,0.214,1,"ADPGK",FALSE
0.15328151316551,0.406388129390531,0.421,0.468,1,"GABARAPL2",FALSE
0.154674667038773,-0.350706624674831,0.204,0.215,1,"MTRNR2L6",FALSE
0.15961434145053,0.332029356691338,0.54,0.6,1,"PRDX1",FALSE
0.16578400017334,0.4686604111466,0.134,0.151,1,"B3GNT2",FALSE
0.166836376172629,0.374597560255582,0.421,0.511,1,"PEBP1",FALSE
0.166931412395768,0.366929967895884,0.126,0.118,1,"SAP30",FALSE
0.174042003567105,0.2633636441225,0.477,0.575,1,"TMBIM6",FALSE
0.175996902485177,0.375834323498245,0.107,0.099,1,"C19orf12",FALSE
0.216655096739992,0.270368294096824,0.108,0.119,1,"BBIP1",FALSE
0.242671426394643,0.369982410306865,0.132,0.125,1,"ST3GAL5",FALSE
0.252744158305699,-0.47650820979917,0.298,0.293,1,"ACTG2",FALSE
0.261238966909482,0.327432478981193,0.441,0.5,1,"ARF5",FALSE
0.26327802774715,0.80530932597441,0.211,0.218,1,"FKBP2",FALSE
0.264804112919821,-0.633206158376868,0.115,0.106,1,"LTF",FALSE
0.269199751584587,0.392987786463546,0.168,0.163,1,"GADD45A",FALSE
0.286437271587193,0.357014452983948,0.337,0.347,1,"MPC2",FALSE
0.288912595655792,0.627125732790394,0.108,0.12,1,"TXNDC9",FALSE
0.292689290011618,0.371018317715862,0.165,0.162,1,"SLC25A37",FALSE
0.312967669119777,0.469215435975443,0.16,0.177,1,"PLBD1",FALSE
0.324083911440983,0.476719180210031,0.201,0.23,1,"MAOB",FALSE
0.337816154225009,0.370190968890244,0.512,0.601,1,"SKP1",FALSE
0.35668460606937,0.394294206983231,0.361,0.435,1,"TAGLN2",FALSE
0.381146197506843,0.788435588903668,0.123,0.123,1,"CDKN2A",FALSE
0.410602340756577,0.445506226147289,0.231,0.262,1,"CMA1",FALSE
0.417398781773462,0.517500547944125,0.27,0.283,1,"MPP1",FALSE
0.437582285868807,0.516967327487263,0.339,0.378,1,"DSTN",FALSE
0.451701674059028,0.279886412177856,0.559,0.652,1,"IFITM2",FALSE
0.45992460166431,0.352161196654185,0.173,0.169,1,"BOLA3",FALSE
0.481467624387639,0.350992579804748,0.443,0.531,1,"MYL12A",FALSE
0.496126511314531,0.257628330255399,0.15,0.146,1,"TFDP2",FALSE
0.547296355337639,0.333100430808228,0.134,0.132,1,"CRISPLD2",FALSE
0.553658217546207,0.509976487456094,0.244,0.25,1,"CCNDBP1",FALSE
0.560741862324724,1.02901232754872,0.1,0.101,1,"SEPT11",FALSE
0.563964036141946,0.392581234913504,0.1,0.107,1,"RAB3D",FALSE
0.57727292898266,0.401003885251409,0.291,0.302,1,"YPEL5",FALSE
0.594696841375504,0.272318198895625,0.183,0.195,1,"UROD",FALSE
0.613251204367859,0.447161380444258,0.176,0.195,1,"NTM",FALSE
0.643900862275505,0.259386860307956,0.179,0.181,1,"PSME3",FALSE
0.732232518009045,0.535401226224835,0.273,0.296,1,"SLC25A39",FALSE
0.738095901903645,0.415638914939892,0.11,0.114,1,"INTS12",FALSE
0.751081212114897,0.337476408783371,0.52,0.595,1,"H2AFZ",FALSE
0.755870509603711,0.313946546263693,0.358,0.405,1,"AL157895.1",FALSE
0.759736680137005,0.277450715049917,0.502,0.578,1,"LMO4",FALSE
0.762361604273058,0.267034445654184,0.182,0.189,1,"TMEM234",FALSE
0.771165195952369,0.452048337258639,0.315,0.354,1,"STMN1",FALSE
0.798211404158074,0.388249508047001,0.456,0.535,1,"CTSC",FALSE
0.823121261129382,0.516015382145643,0.407,0.48,1,"ARL6IP5",FALSE
0.823402714474702,0.338034457113704,0.105,0.106,1,"TMEM38B",FALSE
0.845589642174023,0.32912451563966,0.108,0.111,1,"AUH",FALSE
0.854746179785081,0.517776063311912,0.103,0.108,1,"C5AR1",FALSE
0.863723841168798,0.299824644680818,0.098,0.101,1,"RGCC",FALSE
0.942775739428041,0.310786697255678,0.366,0.41,1,"TPSD1",FALSE
0.962874937997853,0.572556910225793,0.118,0.123,1,"ABHD5",FALSE
