"ID","Description","GeneRatio","BgRatio","RichFactor","FoldEnrichment","zScore","pvalue","p.adjust","qvalue","geneID","Count"
"GO:0015671","oxygen transport","4/27","13/12706",0.307692307692308,144.797720797721,23.9369192369821,1.14103205696557e-08,1.07941632588943e-05,8.71988708796846e-06,"HBB/HBD/HBA1/BPGM",4
"GO:0015669","gas transport","4/27","17/12706",0.235294117647059,110.727668845316,20.8907306967802,3.77615962729838e-08,1.78612350371214e-05,1.44289046811507e-05,"HBB/HBD/HBA1/BPGM",4
"GO:0048821","erythrocyte development","5/27","51/12706",0.0980392156862745,46.1365286855483,14.9042073838598,6.43477726145051e-08,2.02909976311073e-05,1.63917483923266e-05,"HBB/HBD/HBA1/ALAS2/BPGM",5
"GO:0002262","myeloid cell homeostasis","7/27","190/12706",0.0368421052631579,17.3376218323587,10.4703109171602,1.03210805575453e-07,2.44093555185946e-05,1.97186960125734e-05,"HBB/HBD/ANXA1/HBA1/ALAS2/BPGM/FECH",7
"GO:0030218","erythrocyte differentiation","6/27","147/12706",0.0408163265306122,19.2078609221466,10.2462932304797,5.24448053261324e-07,9.92255716770425e-05,8.01577445616255e-05,"HBB/HBD/HBA1/ALAS2/BPGM/FECH",6
"GO:0034101","erythrocyte homeostasis","6/27","157/12706",0.0382165605095541,17.9844302901628,9.88150207755377,7.72493311994677e-07,0.000121796445524494,9.83912534224799e-05,"HBB/HBD/HBA1/ALAS2/BPGM/FECH",6
"GO:0015670","carbon dioxide transport","3/27","11/12706",0.272727272727273,128.343434343434,19.4976946214928,1.39608221695364e-06,0.000176105293341028,0.00014226376206252,"HBB/HBD/HBA1",3
"GO:0061515","myeloid cell development","5/27","95/12706",0.0526315789473684,24.7680311890838,10.7301789369521,1.48926252296852e-06,0.000176105293341028,0.00014226376206252,"HBB/HBD/HBA1/ALAS2/BPGM",5
"GO:0048872","homeostasis of number of cells","7/27","330/12706",0.0212121212121212,9.98226711560045,7.62920880724123,4.24553168668666e-06,0.000446252552845064,0.00036049777830813,"HBB/HBD/ANXA1/HBA1/ALAS2/BPGM/FECH",7
"GO:0019755","one-carbon compound transport","3/27","18/12706",0.166666666666667,78.4320987654321,15.170064042163,6.83609262277778e-06,0.000646694362114778,0.000522421394119649,"HBB/HBD/HBA1",3
"GO:0042744","hydrogen peroxide catabolic process","3/27","20/12706",0.15,70.5888888888889,14.3720679687875,9.52339043417557e-06,0.000819011577339099,0.00066162501963746,"HBB/HBA1/SNCA",3
"GO:0042743","hydrogen peroxide metabolic process","3/27","38/12706",0.0789473684210526,37.1520467836257,10.2990549936655,6.86985499242596e-05,0.0054157356856958,0.00437501291622916,"HBB/HBA1/SNCA",3
"GO:0030099","myeloid cell differentiation","6/27","415/12706",0.0144578313253012,6.80374832663989,5.5470965662232,0.000193375884708339,0.0140718143795453,0.0113676835869031,"HBB/HBD/HBA1/ALAS2/BPGM/FECH",6
"GO:0046501","protoporphyrinogen IX metabolic process","2/27","11/12706",0.181818181818182,85.5622895622896,12.9474260442292,0.000236367211626742,0.0159716701570641,0.0129024508000763,"ALAS2/FECH",2
"GO:0042541","hemoglobin biosynthetic process","2/27","12/12706",0.166666666666667,78.4320987654321,12.383377795007,0.000283268892755092,0.0178648248364212,0.0144318046414173,"ALAS2/FECH",2
"GO:0031340","positive regulation of vesicle fusion","2/27","14/12706",0.142857142857143,67.2275132275132,11.4410043318035,0.000389544733385976,0.0230318323614458,0.0186058866077775,"ANXA1/SNCA",2
"GO:0020027","hemoglobin metabolic process","2/27","15/12706",0.133333333333333,62.7456790123457,11.0415741729357,0.000448885763923315,0.0235914407039698,0.019057956994639,"ALAS2/FECH",2
"GO:0070493","thrombin-activated receptor signaling pathway","2/27","15/12706",0.133333333333333,62.7456790123457,11.0415741729357,0.000448885763923315,0.0235914407039698,0.019057956994639,"HPGD/SNCA",2
"GO:0009636","response to toxic substance","4/27","199/12706",0.0201005025125628,9.45914758980086,5.550131607488,0.00077247374780583,0.0384610613381218,0.0310701352303065,"HBB/HBA1/UBA52/FECH",4
"GO:0031338","regulation of vesicle fusion","2/27","24/12706",0.0833333333333333,39.216049382716,8.64737418080181,0.00116609422131094,0.0551562566680074,0.0445570739300916,"ANXA1/SNCA",2
"GO:0002828","regulation of type 2 immune response","2/27","28/12706",0.0714285714285714,33.6137566137566,7.97225503880827,0.00158869860054833,0.0683140398235783,0.0551863724401,"ANXA1/RSAD2",2
"GO:0006783","heme biosynthetic process","2/27","28/12706",0.0714285714285714,33.6137566137566,7.97225503880827,0.00158869860054833,0.0683140398235783,0.0551863724401,"ALAS2/FECH",2
"GO:1903531","negative regulation of secretion by cell","3/27","115/12706",0.0260869565217391,12.2763285024155,5.6054856269417,0.00180317951789275,0.0741655575620237,0.0599134247135076,"ANXA1/RSAD2/SNCA",3
"GO:0006779","porphyrin-containing compound biosynthetic process","2/27","32/12706",0.0625,29.412037037037,7.42586801162348,0.00207375535624363,0.0784709026802589,0.0633914268898052,"ALAS2/FECH",2
"GO:0033014","tetrapyrrole biosynthetic process","2/27","32/12706",0.0625,29.412037037037,7.42586801162348,0.00207375535624363,0.0784709026802589,0.0633914268898052,"ALAS2/FECH",2
"GO:0045920","negative regulation of exocytosis","2/27","35/12706",0.0571428571428571,26.8910052910053,7.07789647342365,0.00247792440285973,0.089792048141362,0.0725370278742949,"ANXA1/SNCA",2
"GO:0051048","negative regulation of secretion","3/27","131/12706",0.0229007633587786,10.7769296013571,5.19051983368794,0.00261426681793652,0.089792048141362,0.0725370278742949,"ANXA1/RSAD2/SNCA",3
"GO:0042092","type 2 immune response","2/27","37/12706",0.0540540540540541,25.4374374374374,6.86929350175701,0.00276636269088164,0.089792048141362,0.0725370278742949,"ANXA1/RSAD2",2
"GO:0006693","prostaglandin metabolic process","2/27","38/12706",0.0526315789473684,24.7680311890838,6.77107611009185,0.00291623292093483,0.089792048141362,0.0725370278742949,"HPGD/HPGDS",2
"GO:0042168","heme metabolic process","2/27","39/12706",0.0512820512820513,24.1329534662868,6.67656710410667,0.00306984993871398,0.089792048141362,0.0725370278742949,"ALAS2/FECH",2
"GO:0002548","monocyte chemotaxis","2/27","40/12706",0.05,23.5296296296296,6.5855343895673,0.00322719834757538,0.089792048141362,0.0725370278742949,"LGALS3/ANXA1",2
"GO:0006692","prostanoid metabolic process","2/27","40/12706",0.05,23.5296296296296,6.5855343895673,0.00322719834757538,0.089792048141362,0.0725370278742949,"HPGD/HPGDS",2
"GO:0046636","negative regulation of alpha-beta T cell activation","2/27","40/12706",0.05,23.5296296296296,6.5855343895673,0.00322719834757538,0.089792048141362,0.0725370278742949,"LGALS3/ANXA1",2
"GO:0071385","cellular response to glucocorticoid stimulus","2/27","40/12706",0.05,23.5296296296296,6.5855343895673,0.00322719834757538,0.089792048141362,0.0725370278742949,"ANXA1/FECH",2
"GO:0006749","glutathione metabolic process","2/27","41/12706",0.0487804878048781,22.9557362240289,6.49776576609567,0.00338826279521164,0.0915419029145888,0.0739506192455674,"HPGDS/SNCA",2
"GO:0006575","modified amino acid metabolic process","3/27","145/12706",0.0206896551724138,9.73639846743295,4.88237398815935,0.0034836242123945,0.0915419029145888,0.0739506192455674,"HPGDS/ATIC/SNCA",3
"GO:0006778","porphyrin-containing compound metabolic process","2/27","43/12706",0.0465116279069767,21.8880275624462,6.33125888371776,0.00372147861861293,0.0951491560326442,0.0768646792919769,"ALAS2/FECH",2
"GO:0046148","pigment biosynthetic process","2/27","44/12706",0.0454545454545455,21.3905723905724,6.25217775174943,0.00389359951047366,0.0969301351817916,0.0783034139779467,"ALAS2/FECH",2
"GO:0045071","negative regulation of viral genome replication","2/27","45/12706",0.0444444444444444,20.9152263374486,6.17567190106535,0.00406937547308571,0.0987084409625405,0.0797399890272665,"RSAD2/ISG20",2
"GO:0071384","cellular response to corticosteroid stimulus","2/27","46/12706",0.0434782608695652,20.4605475040258,6.10160140548541,0.00424879137420738,0.100483916000005,0.0811742773072252,"ANXA1/FECH",2
"GO:0051051","negative regulation of transport","4/27","333/12706",0.012012012012012,5.6527638749861,3.97029099793346,0.00504877263870752,0.116491193078471,0.0941054925725715,"LGALS3/ANXA1/RSAD2/SNCA",4
"GO:0033013","tetrapyrrole metabolic process","2/27","53/12706",0.0377358490566038,17.7582110412299,5.64151246363197,0.00560535900042713,0.126254038438192,0.101992246473937,"ALAS2/FECH",2
"GO:0046631","alpha-beta T cell activation","3/27","178/12706",0.0168539325842697,7.93133583021223,4.29746933095551,0.00617537641931863,0.13585828122501,0.109750875897805,"LGALS3/ANXA1/RSAD2",3
"GO:0042440","pigment metabolic process","2/27","58/12706",0.0344827586206897,16.2273307790549,5.36356522164996,0.0066802485753251,0.14362534436949,0.116025369992488,"ALAS2/FECH",2
"GO:0061844","antimicrobial humoral immune response mediated by antimicrobial peptide","2/27","60/12706",0.0333333333333333,15.6864197530864,5.26188907964298,0.00713443680693433,0.147667579533863,0.119290823124051,"LGALS3/HMGN2",2
"GO:0072593","reactive oxygen species metabolic process","3/27","188/12706",0.0159574468085106,7.50945626477541,4.14937685665048,0.00718045312743943,0.147667579533863,0.119290823124051,"HBB/HBA1/SNCA",3
"GO:0048525","negative regulation of viral process","2/27","66/12706",0.0303030303030303,14.2603815937149,4.98403597685055,0.00857857615509935,0.172666660483489,0.139485919117629,"RSAD2/ISG20",2
"GO:1904377","positive regulation of protein localization to cell periphery","2/27","67/12706",0.0298507462686567,14.0475400773908,4.94124513554964,0.0088310116582893,0.174044521432118,0.140599001401711,"LGALS3/SNCA",2
"GO:0031640","killing of cells of another organism","2/27","70/12706",0.0285714285714286,13.4455026455026,4.81818386245275,0.00960816897152789,0.178222114648341,0.143973801307105,"LGALS3/HMGN2",2
"GO:0051928","positive regulation of calcium ion transport","2/27","70/12706",0.0285714285714286,13.4455026455026,4.81818386245275,0.00960816897152789,0.178222114648341,0.143973801307105,"LGALS3/SNCA",2
"GO:0141061","disruption of cell in another organism","2/27","70/12706",0.0285714285714286,13.4455026455026,4.81818386245275,0.00960816897152789,0.178222114648341,0.143973801307105,"LGALS3/HMGN2",2
"GO:0045069","regulation of viral genome replication","2/27","74/12706",0.027027027027027,12.7187187187187,4.66537596181456,0.0106901715441945,0.183870950560146,0.148537120403545,"RSAD2/ISG20",2
"GO:0098869","cellular oxidant detoxification","2/27","74/12706",0.027027027027027,12.7187187187187,4.66537596181456,0.0106901715441945,0.183870950560146,0.148537120403545,"HBB/HBA1",2
"GO:0141060","disruption of anatomical structure in another organism","2/27","74/12706",0.027027027027027,12.7187187187187,4.66537596181456,0.0106901715441945,0.183870950560146,0.148537120403545,"LGALS3/HMGN2",2
"GO:0150076","neuroinflammatory response","2/27","74/12706",0.027027027027027,12.7187187187187,4.66537596181456,0.0106901715441945,0.183870950560146,0.148537120403545,"BPGM/SNCA",2
"GO:0006091","generation of precursor metabolites and energy","4/27","429/12706",0.00932400932400932,4.38780972114305,3.29403526198274,0.0121502574306526,0.202529659568419,0.163610251303741,"MT-ATP8/BPGM/FECH/SNCA",4
"GO:0019730","antimicrobial humoral response","2/27","82/12706",0.024390243902439,11.4778681120145,4.39246264369784,0.0130078402963292,0.202529659568419,0.163610251303741,"LGALS3/HMGN2",2
"GO:0072522","purine-containing compound biosynthetic process","3/27","236/12706",0.0127118644067797,5.98210922787194,3.56502627780837,0.0133200160967659,0.202529659568419,0.163610251303741,"MT-ATP8/ATIC/SNCA",3
"GO:2000106","regulation of leukocyte apoptotic process","2/27","84/12706",0.0238095238095238,11.2045855379189,4.33009716091576,0.0136186292655377,0.202529659568419,0.163610251303741,"LGALS3/ANXA1",2
"GO:0006690","icosanoid metabolic process","2/27","88/12706",0.0227272727272727,10.6952861952862,4.2114672125885,0.0148770936910437,0.202529659568419,0.163610251303741,"HPGD/HPGDS",2
"GO:0071621","granulocyte chemotaxis","2/27","88/12706",0.0227272727272727,10.6952861952862,4.2114672125885,0.0148770936910437,0.202529659568419,0.163610251303741,"LGALS3/ANXA1",2
"GO:1901992","positive regulation of mitotic cell cycle phase transition","2/27","88/12706",0.0227272727272727,10.6952861952862,4.2114672125885,0.0148770936910437,0.202529659568419,0.163610251303741,"ANXA1/UBE2C",2
"GO:0033559","unsaturated fatty acid metabolic process","2/27","89/12706",0.0224719101123595,10.575114440283,4.18299784592507,0.015199316221739,0.202529659568419,0.163610251303741,"HPGD/HPGDS",2
"GO:0045471","response to ethanol","2/27","91/12706",0.021978021978022,10.3426943426943,4.12739396871909,0.0158527957007018,0.202529659568419,0.163610251303741,"HPGD/FECH",2
"GO:0051384","response to glucocorticoid","2/27","94/12706",0.0212765957446809,10.0126083530339,4.04714869190307,0.0168554025222613,0.202529659568419,0.163610251303741,"ANXA1/FECH",2
"GO:0042542","response to hydrogen peroxide","2/27","95/12706",0.0210526315789474,9.90721247563353,4.021199018659,0.0171955221789308,0.202529659568419,0.163610251303741,"HBB/HBA1",2
"GO:0043367","CD4-positive, alpha-beta T cell differentiation","2/27","98/12706",0.0204081632653061,9.60393046107332,3.94560445507477,0.018233450262857,0.202529659568419,0.163610251303741,"ANXA1/RSAD2",2
"GO:1990748","cellular detoxification","2/27","99/12706",0.0202020202020202,9.50692106247662,3.92112637618674,0.0185852393398039,0.202529659568419,0.163610251303741,"HBB/HBA1",2
"GO:0009060","aerobic respiration","3/27","268/12706",0.0111940298507463,5.26782752902156,3.25855981231768,0.0186774560349859,0.202529659568419,0.163610251303741,"MT-ATP8/BPGM/SNCA",3
"GO:0032787","monocarboxylic acid metabolic process","4/27","498/12706",0.00803212851405622,3.77986018146661,2.92039825116864,0.02000458484435,0.202529659568419,0.163610251303741,"HPGD/BPGM/HPGDS/SNCA",4
"GO:1901989","positive regulation of cell cycle phase transition","2/27","103/12706",0.0194174757281553,9.13772024451636,3.82658280670165,0.0200211166158888,0.202529659568419,0.163610251303741,"ANXA1/UBE2C",2
"GO:0019079","viral genome replication","2/27","105/12706",0.019047619047619,8.9636684303351,3.78122072279583,0.0207561084253155,0.202529659568419,0.163610251303741,"RSAD2/ISG20",2
"GO:0046634","regulation of alpha-beta T cell activation","2/27","105/12706",0.019047619047619,8.9636684303351,3.78122072279583,0.0207561084253155,0.202529659568419,0.163610251303741,"LGALS3/ANXA1",2
"GO:0006188","IMP biosynthetic process","1/27","10/12706",0.1,47.0592592592593,6.72372911326906,0.0210551379082841,0.202529659568419,0.163610251303741,"ATIC",1
"GO:0006784","heme A biosynthetic process","1/27","10/12706",0.1,47.0592592592593,6.72372911326906,0.0210551379082841,0.202529659568419,0.163610251303741,"FECH",1
"GO:0007567","parturition","1/27","10/12706",0.1,47.0592592592593,6.72372911326906,0.0210551379082841,0.202529659568419,0.163610251303741,"HPGD",1
"GO:0009396","folic acid-containing compound biosynthetic process","1/27","10/12706",0.1,47.0592592592593,6.72372911326906,0.0210551379082841,0.202529659568419,0.163610251303741,"ATIC",1
"GO:0018149","peptide cross-linking","1/27","10/12706",0.1,47.0592592592593,6.72372911326906,0.0210551379082841,0.202529659568419,0.163610251303741,"ANXA1",1
"GO:0033034","positive regulation of myeloid cell apoptotic process","1/27","10/12706",0.1,47.0592592592593,6.72372911326906,0.0210551379082841,0.202529659568419,0.163610251303741,"ANXA1",1
"GO:0034154","toll-like receptor 7 signaling pathway","1/27","10/12706",0.1,47.0592592592593,6.72372911326906,0.0210551379082841,0.202529659568419,0.163610251303741,"RSAD2",1
"GO:0034379","very-low-density lipoprotein particle assembly","1/27","10/12706",0.1,47.0592592592593,6.72372911326906,0.0210551379082841,0.202529659568419,0.163610251303741,"FECH",1
"GO:0045625","regulation of T-helper 1 cell differentiation","1/27","10/12706",0.1,47.0592592592593,6.72372911326906,0.0210551379082841,0.202529659568419,0.163610251303741,"ANXA1",1
"GO:0046160","heme a metabolic process","1/27","10/12706",0.1,47.0592592592593,6.72372911326906,0.0210551379082841,0.202529659568419,0.163610251303741,"FECH",1
"GO:0048245","eosinophil chemotaxis","1/27","10/12706",0.1,47.0592592592593,6.72372911326906,0.0210551379082841,0.202529659568419,0.163610251303741,"LGALS3",1
"GO:0050812","regulation of acyl-CoA biosynthetic process","1/27","10/12706",0.1,47.0592592592593,6.72372911326906,0.0210551379082841,0.202529659568419,0.163610251303741,"SNCA",1
"GO:0051133","regulation of NK T cell activation","1/27","10/12706",0.1,47.0592592592593,6.72372911326906,0.0210551379082841,0.202529659568419,0.163610251303741,"LGALS3",1
"GO:0051443","positive regulation of ubiquitin-protein transferase activity","1/27","10/12706",0.1,47.0592592592593,6.72372911326906,0.0210551379082841,0.202529659568419,0.163610251303741,"UBE2C",1
"GO:1903900","regulation of viral life cycle","2/27","107/12706",0.0186915887850467,8.79612322602977,3.73705303895503,0.0215023332330447,0.202529659568419,0.163610251303741,"RSAD2/ISG20",2
"GO:0097237","cellular response to toxic substance","2/27","108/12706",0.0185185185185185,8.71467764060357,3.71539998734227,0.0218796263995403,0.202529659568419,0.163610251303741,"HBB/HBA1",2
"GO:0031960","response to corticosteroid","2/27","109/12706",0.018348623853211,8.63472646958886,3.69402544232589,0.0222596899566497,0.202529659568419,0.163610251303741,"ANXA1/FECH",2
"GO:0071887","leukocyte apoptotic process","2/27","110/12706",0.0181818181818182,8.55622895622896,3.67292314692122,0.022642511362803,0.202529659568419,0.163610251303741,"LGALS3/ANXA1",2
"GO:0097530","granulocyte migration","2/27","110/12706",0.0181818181818182,8.55622895622896,3.67292314692122,0.022642511362803,0.202529659568419,0.163610251303741,"LGALS3/ANXA1",2
"GO:1901293","nucleoside phosphate biosynthetic process","3/27","290/12706",0.0103448275862069,4.86819923371647,3.07498992662356,0.0229654956491534,0.202529659568419,0.163610251303741,"MT-ATP8/ATIC/SNCA",3
"GO:0002829","negative regulation of type 2 immune response","1/27","11/12706",0.0909090909090909,42.7811447811448,6.39715746696555,0.0231370149779497,0.202529659568419,0.163610251303741,"ANXA1",1
"GO:0006167","AMP biosynthetic process","1/27","11/12706",0.0909090909090909,42.7811447811448,6.39715746696555,0.0231370149779497,0.202529659568419,0.163610251303741,"ATIC",1
"GO:0031115","negative regulation of microtubule polymerization","1/27","11/12706",0.0909090909090909,42.7811447811448,6.39715746696555,0.0231370149779497,0.202529659568419,0.163610251303741,"SNCA",1
"GO:0002286","T cell activation involved in immune response","2/27","112/12706",0.0178571428571429,8.40343915343915,3.63151125180716,0.0234163777424519,0.202529659568419,0.163610251303741,"LGALS3/ANXA1",2
"GO:0002698","negative regulation of immune effector process","2/27","112/12706",0.0178571428571429,8.40343915343915,3.63151125180716,0.0234163777424519,0.202529659568419,0.163610251303741,"LGALS3/ANXA1",2
"GO:0006906","vesicle fusion","2/27","114/12706",0.0175438596491228,8.25601039636127,3.59111803756031,0.0242011259505938,0.202529659568419,0.163610251303741,"ANXA1/SNCA",2
"GO:0045333","cellular respiration","3/27","300/12706",0.01,4.70592592592593,2.99756210078926,0.025078917036852,0.202529659568419,0.163610251303741,"MT-ATP8/BPGM/SNCA",3
"GO:0006837","serotonin transport","1/27","12/12706",0.0833333333333333,39.216049382716,6.11172607851468,0.0252146282584219,0.202529659568419,0.163610251303741,"SNCA",1
"GO:0009713","catechol-containing compound biosynthetic process","1/27","12/12706",0.0833333333333333,39.216049382716,6.11172607851468,0.0252146282584219,0.202529659568419,0.163610251303741,"SNCA",1
"GO:0010642","negative regulation of platelet-derived growth factor receptor signaling pathway","1/27","12/12706",0.0833333333333333,39.216049382716,6.11172607851468,0.0252146282584219,0.202529659568419,0.163610251303741,"SNCA",1
"GO:0030728","ovulation","1/27","12/12706",0.0833333333333333,39.216049382716,6.11172607851468,0.0252146282584219,0.202529659568419,0.163610251303741,"HPGD",1
"GO:0034163","regulation of toll-like receptor 9 signaling pathway","1/27","12/12706",0.0833333333333333,39.216049382716,6.11172607851468,0.0252146282584219,0.202529659568419,0.163610251303741,"RSAD2",1
"GO:0042423","catecholamine biosynthetic process","1/27","12/12706",0.0833333333333333,39.216049382716,6.11172607851468,0.0252146282584219,0.202529659568419,0.163610251303741,"SNCA",1
"GO:0045628","regulation of T-helper 2 cell differentiation","1/27","12/12706",0.0833333333333333,39.216049382716,6.11172607851468,0.0252146282584219,0.202529659568419,0.163610251303741,"ANXA1",1
"GO:0060856","establishment of blood-brain barrier","1/27","12/12706",0.0833333333333333,39.216049382716,6.11172607851468,0.0252146282584219,0.202529659568419,0.163610251303741,"BPGM",1
"GO:0071872","cellular response to epinephrine stimulus","1/27","12/12706",0.0833333333333333,39.216049382716,6.11172607851468,0.0252146282584219,0.202529659568419,0.163610251303741,"SNCA",1
"GO:0050868","negative regulation of T cell activation","2/27","117/12706",0.0170940170940171,8.0443178220956,3.53234384476235,0.0253984353004179,0.202529659568419,0.163610251303741,"LGALS3/ANXA1",2
"GO:0045931","positive regulation of mitotic cell cycle","2/27","118/12706",0.0169491525423729,7.97614563716259,3.51321631523602,0.0258028724609959,0.202529659568419,0.163610251303741,"ANXA1/UBE2C",2
"GO:0035710","CD4-positive, alpha-beta T cell activation","2/27","119/12706",0.0168067226890756,7.90911920323685,3.49431269553985,0.0262099562646621,0.202529659568419,0.163610251303741,"ANXA1/RSAD2",2
"GO:0090174","organelle membrane fusion","2/27","119/12706",0.0168067226890756,7.90911920323685,3.49431269553985,0.0262099562646621,0.202529659568419,0.163610251303741,"ANXA1/SNCA",2
"GO:0098754","detoxification","2/27","120/12706",0.0166666666666667,7.84320987654321,3.47562838093858,0.0266196745388682,0.202529659568419,0.163610251303741,"HBB/HBA1",2
"GO:0001921","positive regulation of receptor recycling","1/27","13/12706",0.0769230769230769,36.1994301994302,5.8593829804631,0.0272879861469539,0.202529659568419,0.163610251303741,"SNCA",1
"GO:0006177","GMP biosynthetic process","1/27","13/12706",0.0769230769230769,36.1994301994302,5.8593829804631,0.0272879861469539,0.202529659568419,0.163610251303741,"ATIC",1
"GO:0014059","regulation of dopamine secretion","1/27","13/12706",0.0769230769230769,36.1994301994302,5.8593829804631,0.0272879861469539,0.202529659568419,0.163610251303741,"SNCA",1
"GO:0015874","norepinephrine transport","1/27","13/12706",0.0769230769230769,36.1994301994302,5.8593829804631,0.0272879861469539,0.202529659568419,0.163610251303741,"SNCA",1
"GO:0032026","response to magnesium ion","1/27","13/12706",0.0769230769230769,36.1994301994302,5.8593829804631,0.0272879861469539,0.202529659568419,0.163610251303741,"SNCA",1
"GO:0042053","regulation of dopamine metabolic process","1/27","13/12706",0.0769230769230769,36.1994301994302,5.8593829804631,0.0272879861469539,0.202529659568419,0.163610251303741,"SNCA",1
"GO:0042762","regulation of sulfur metabolic process","1/27","13/12706",0.0769230769230769,36.1994301994302,5.8593829804631,0.0272879861469539,0.202529659568419,0.163610251303741,"SNCA",1
"GO:0051580","regulation of neurotransmitter uptake","1/27","13/12706",0.0769230769230769,36.1994301994302,5.8593829804631,0.0272879861469539,0.202529659568419,0.163610251303741,"SNCA",1
"GO:0009150","purine ribonucleotide metabolic process","3/27","311/12706",0.00964630225080386,4.53947838513755,2.9162376280525,0.0275224997589481,0.202529659568419,0.163610251303741,"MT-ATP8/BPGM/ATIC",3
"GO:0046632","alpha-beta T cell differentiation","2/27","124/12706",0.0161290322580645,7.59020310633214,3.40299661829698,0.0282846501621985,0.202529659568419,0.163610251303741,"ANXA1/RSAD2",2
"GO:1903038","negative regulation of leukocyte cell-cell adhesion","2/27","126/12706",0.0158730158730159,7.46972369194591,3.36788614381655,0.0291326309776459,0.202529659568419,0.163610251303741,"LGALS3/ANXA1",2
"GO:0001963","synaptic transmission, dopaminergic","1/27","14/12706",0.0714285714285714,33.6137566137566,5.63412564522144,0.0293570970249208,0.202529659568419,0.163610251303741,"SNCA",1
"GO:0002291","T cell activation via T cell receptor contact with antigen bound to MHC molecule on antigen presenting cell","1/27","14/12706",0.0714285714285714,33.6137566137566,5.63412564522144,0.0293570970249208,0.202529659568419,0.163610251303741,"LGALS3",1
"GO:0010992","ubiquitin recycling","1/27","14/12706",0.0714285714285714,33.6137566137566,5.63412564522144,0.0293570970249208,0.202529659568419,0.163610251303741,"UBE2C",1
"GO:0042069","regulation of catecholamine metabolic process","1/27","14/12706",0.0714285714285714,33.6137566137566,5.63412564522144,0.0293570970249208,0.202529659568419,0.163610251303741,"SNCA",1
"GO:0046040","IMP metabolic process","1/27","14/12706",0.0714285714285714,33.6137566137566,5.63412564522144,0.0293570970249208,0.202529659568419,0.163610251303741,"ATIC",1
"GO:0072677","eosinophil migration","1/27","14/12706",0.0714285714285714,33.6137566137566,5.63412564522144,0.0293570970249208,0.202529659568419,0.163610251303741,"LGALS3",1
"GO:0006631","fatty acid metabolic process","3/27","322/12706",0.0093167701863354,4.38440303657695,2.83861344899255,0.0300904758514536,0.202529659568419,0.163610251303741,"HPGD/HPGDS/SNCA",3
"GO:0050792","regulation of viral process","2/27","129/12706",0.0155038759689922,7.29600918748206,3.31664045396364,0.0304236996566085,0.202529659568419,0.163610251303741,"RSAD2/ISG20",2
"GO:0001771","immunological synapse formation","1/27","15/12706",0.0666666666666667,31.3728395061728,5.43137537094741,0.0314219692578488,0.202529659568419,0.163610251303741,"LGALS3",1
"GO:0001956","positive regulation of neurotransmitter secretion","1/27","15/12706",0.0666666666666667,31.3728395061728,5.43137537094741,0.0314219692578488,0.202529659568419,0.163610251303741,"SNCA",1
"GO:0010310","regulation of hydrogen peroxide metabolic process","1/27","15/12706",0.0666666666666667,31.3728395061728,5.43137537094741,0.0314219692578488,0.202529659568419,0.163610251303741,"SNCA",1
"GO:0014048","regulation of glutamate secretion","1/27","15/12706",0.0666666666666667,31.3728395061728,5.43137537094741,0.0314219692578488,0.202529659568419,0.163610251303741,"SNCA",1
"GO:0035542","regulation of SNARE complex assembly","1/27","15/12706",0.0666666666666667,31.3728395061728,5.43137537094741,0.0314219692578488,0.202529659568419,0.163610251303741,"SNCA",1
"GO:0035743","CD4-positive, alpha-beta T cell cytokine production","1/27","15/12706",0.0666666666666667,31.3728395061728,5.43137537094741,0.0314219692578488,0.202529659568419,0.163610251303741,"RSAD2",1
"GO:0042559","pteridine-containing compound biosynthetic process","1/27","15/12706",0.0666666666666667,31.3728395061728,5.43137537094741,0.0314219692578488,0.202529659568419,0.163610251303741,"ATIC",1
"GO:0050482","arachidonate secretion","1/27","15/12706",0.0666666666666667,31.3728395061728,5.43137537094741,0.0314219692578488,0.202529659568419,0.163610251303741,"ANXA1",1
"GO:0071871","response to epinephrine","1/27","15/12706",0.0666666666666667,31.3728395061728,5.43137537094741,0.0314219692578488,0.202529659568419,0.163610251303741,"SNCA",1
"GO:1903963","arachidonate transport","1/27","15/12706",0.0666666666666667,31.3728395061728,5.43137537094741,0.0314219692578488,0.202529659568419,0.163610251303741,"ANXA1",1
"GO:1904666","regulation of ubiquitin protein ligase activity","1/27","15/12706",0.0666666666666667,31.3728395061728,5.43137537094741,0.0314219692578488,0.202529659568419,0.163610251303741,"UBE2C",1
"GO:0009259","ribonucleotide metabolic process","3/27","330/12706",0.00909090909090909,4.27811447811448,2.78431041135923,0.0320360766282092,0.202529659568419,0.163610251303741,"MT-ATP8/BPGM/ATIC",3
"GO:0043270","positive regulation of monoatomic ion transport","2/27","134/12706",0.0149253731343284,7.02377003869541,3.23478419795685,0.0326256192294064,0.202529659568419,0.163610251303741,"LGALS3/SNCA",2
"GO:0006119","oxidative phosphorylation","2/27","135/12706",0.0148148148148148,6.97174211248285,3.21891665161679,0.0330734183929865,0.202529659568419,0.163610251303741,"MT-ATP8/SNCA",2
"GO:0002830","positive regulation of type 2 immune response","1/27","16/12706",0.0625,29.412037037037,5.24757033467263,0.0334826111954457,0.202529659568419,0.163610251303741,"RSAD2",1
"GO:0009168","purine ribonucleoside monophosphate biosynthetic process","1/27","16/12706",0.0625,29.412037037037,5.24757033467263,0.0334826111954457,0.202529659568419,0.163610251303741,"ATIC",1
"GO:0033238","regulation of amine metabolic process","1/27","16/12706",0.0625,29.412037037037,5.24757033467263,0.0334826111954457,0.202529659568419,0.163610251303741,"SNCA",1
"GO:0036260","RNA capping","1/27","16/12706",0.0625,29.412037037037,5.24757033467263,0.0334826111954457,0.202529659568419,0.163610251303741,"SNRPD3",1
"GO:0051953","negative regulation of amine transport","1/27","16/12706",0.0625,29.412037037037,5.24757033467263,0.0334826111954457,0.202529659568419,0.163610251303741,"SNCA",1
"GO:0061684","chaperone-mediated autophagy","1/27","16/12706",0.0625,29.412037037037,5.24757033467263,0.0334826111954457,0.202529659568419,0.163610251303741,"SNCA",1
"GO:0002697","regulation of immune effector process","3/27","337/12706",0.00890207715133531,4.18925156610617,2.73818728213227,0.0337922039163895,0.202529659568419,0.163610251303741,"LGALS3/ANXA1/RSAD2",3
"GO:0019693","ribose phosphate metabolic process","3/27","337/12706",0.00890207715133531,4.18925156610617,2.73818728213227,0.0337922039163895,0.202529659568419,0.163610251303741,"MT-ATP8/BPGM/ATIC",3
"GO:1904375","regulation of protein localization to cell periphery","2/27","137/12706",0.0145985401459854,6.86996485536632,3.18766106125217,0.0339763389509626,0.202529659568419,0.163610251303741,"LGALS3/SNCA",2
"GO:0007626","locomotory behavior","2/27","140/12706",0.0142857142857143,6.72275132275132,3.14193416270071,0.0353488523984833,0.202529659568419,0.163610251303741,"HPGDS/SNCA",2
"GO:0009152","purine ribonucleotide biosynthetic process","2/27","140/12706",0.0142857142857143,6.72275132275132,3.14193416270071,0.0353488523984833,0.202529659568419,0.163610251303741,"MT-ATP8/ATIC",2
"GO:0007096","regulation of exit from mitosis","1/27","17/12706",0.0588235294117647,27.681917211329,5.0798923626222,0.0355390311716254,0.202529659568419,0.163610251303741,"UBE2C",1
"GO:0010288","response to lead ion","1/27","17/12706",0.0588235294117647,27.681917211329,5.0798923626222,0.0355390311716254,0.202529659568419,0.163610251303741,"FECH",1
"GO:0014046","dopamine secretion","1/27","17/12706",0.0588235294117647,27.681917211329,5.0798923626222,0.0355390311716254,0.202529659568419,0.163610251303741,"SNCA",1
"GO:0032717","negative regulation of interleukin-8 production","1/27","17/12706",0.0588235294117647,27.681917211329,5.0798923626222,0.0355390311716254,0.202529659568419,0.163610251303741,"ANXA1",1
"GO:0045623","negative regulation of T-helper cell differentiation","1/27","17/12706",0.0588235294117647,27.681917211329,5.0798923626222,0.0355390311716254,0.202529659568419,0.163610251303741,"ANXA1",1
"GO:0045842","positive regulation of mitotic metaphase/anaphase transition","1/27","17/12706",0.0588235294117647,27.681917211329,5.0798923626222,0.0355390311716254,0.202529659568419,0.163610251303741,"UBE2C",1
"GO:1901569","fatty acid derivative catabolic process","1/27","17/12706",0.0588235294117647,27.681917211329,5.0798923626222,0.0355390311716254,0.202529659568419,0.163610251303741,"HPGD",1
"GO:1902101","positive regulation of metaphase/anaphase transition of cell cycle","1/27","17/12706",0.0588235294117647,27.681917211329,5.0798923626222,0.0355390311716254,0.202529659568419,0.163610251303741,"UBE2C",1
"GO:0031099","regeneration","2/27","143/12706",0.013986013986014,6.58171458171458,3.09753113196814,0.0367428501076584,0.208136144921227,0.168139358198298,"ANXA1/ATIC",2
"GO:0009127","purine nucleoside monophosphate biosynthetic process","1/27","18/12706",0.0555555555555556,26.1440329218107,4.92607840654846,0.0375912375045415,0.209184180466449,0.168985996460044,"ATIC",1
"GO:0045064","T-helper 2 cell differentiation","1/27","18/12706",0.0555555555555556,26.1440329218107,4.92607840654846,0.0375912375045415,0.209184180466449,0.168985996460044,"ANXA1",1
"GO:0090280","positive regulation of calcium ion import","1/27","18/12706",0.0555555555555556,26.1440329218107,4.92607840654846,0.0375912375045415,0.209184180466449,0.168985996460044,"LGALS3",1
"GO:0051250","negative regulation of lymphocyte activation","2/27","149/12706",0.0134228187919463,6.31667909520259,3.01243268340444,0.0395940744206659,0.210666964144908,0.170183838844112,"LGALS3/ANXA1",2
"GO:0032958","inositol phosphate biosynthetic process","1/27","19/12706",0.0526315789473684,24.7680311890838,4.7842873398281,0.0396392384966106,0.210666964144908,0.170183838844112,"SNCA",1
"GO:0034162","toll-like receptor 9 signaling pathway","1/27","19/12706",0.0526315789473684,24.7680311890838,4.7842873398281,0.0396392384966106,0.210666964144908,0.170183838844112,"RSAD2",1
"GO:0046033","AMP metabolic process","1/27","19/12706",0.0526315789473684,24.7680311890838,4.7842873398281,0.0396392384966106,0.210666964144908,0.170183838844112,"ATIC",1
"GO:0046653","tetrahydrofolate metabolic process","1/27","19/12706",0.0526315789473684,24.7680311890838,4.7842873398281,0.0396392384966106,0.210666964144908,0.170183838844112,"ATIC",1
"GO:0051132","NK T cell activation","1/27","19/12706",0.0526315789473684,24.7680311890838,4.7842873398281,0.0396392384966106,0.210666964144908,0.170183838844112,"LGALS3",1
"GO:0051590","positive regulation of neurotransmitter transport","1/27","19/12706",0.0526315789473684,24.7680311890838,4.7842873398281,0.0396392384966106,0.210666964144908,0.170183838844112,"SNCA",1
"GO:1905606","regulation of presynapse assembly","1/27","19/12706",0.0526315789473684,24.7680311890838,4.7842873398281,0.0396392384966106,0.210666964144908,0.170183838844112,"SNCA",1
"GO:0006979","response to oxidative stress","3/27","363/12706",0.00826446280991736,3.88919498010407,2.57719046261821,0.040751254700866,0.212247555913999,0.171460693884014,"HBB/HBA1/SNCA",3
"GO:0002082","regulation of oxidative phosphorylation","1/27","20/12706",0.05,23.5296296296296,4.65300385619962,0.0416830424345468,0.212247555913999,0.171460693884014,"SNCA",1
"GO:0071280","cellular response to copper ion","1/27","20/12706",0.05,23.5296296296296,4.65300385619962,0.0416830424345468,0.212247555913999,0.171460693884014,"SNCA",1
"GO:0090050","positive regulation of cell migration involved in sprouting angiogenesis","1/27","20/12706",0.05,23.5296296296296,4.65300385619962,0.0416830424345468,0.212247555913999,0.171460693884014,"ANXA1",1
"GO:0098810","neurotransmitter reuptake","1/27","20/12706",0.05,23.5296296296296,4.65300385619962,0.0416830424345468,0.212247555913999,0.171460693884014,"SNCA",1
"GO:0099174","regulation of presynapse organization","1/27","20/12706",0.05,23.5296296296296,4.65300385619962,0.0416830424345468,0.212247555913999,0.171460693884014,"SNCA",1
"GO:0017157","regulation of exocytosis","2/27","154/12706",0.012987012987013,6.11159211159211,2.94501019274167,0.0420330587891674,0.212247555913999,0.171460693884014,"ANXA1/SNCA",2
"GO:0009260","ribonucleotide biosynthetic process","2/27","155/12706",0.0129032258064516,6.07216248506571,2.93188247618818,0.0425275917506065,0.212247555913999,0.171460693884014,"MT-ATP8/ATIC",2
"GO:0006959","humoral immune response","2/27","157/12706",0.0127388535031847,5.99481009672092,2.9059689082607,0.0435233062178559,0.212247555913999,0.171460693884014,"LGALS3/HMGN2",2
"GO:0006925","inflammatory cell apoptotic process","1/27","21/12706",0.0476190476190476,22.4091710758377,4.53096784335969,0.0437226575893838,0.212247555913999,0.171460693884014,"ANXA1",1
"GO:0007187","G protein-coupled receptor signaling pathway, coupled to cyclic nucleotide second messenger","1/27","21/12706",0.0476190476190476,22.4091710758377,4.53096784335969,0.0437226575893838,0.212247555913999,0.171460693884014,"ANXA1",1
"GO:0043371","negative regulation of CD4-positive, alpha-beta T cell differentiation","1/27","21/12706",0.0476190476190476,22.4091710758377,4.53096784335969,0.0437226575893838,0.212247555913999,0.171460693884014,"ANXA1",1
"GO:0098761","cellular response to interleukin-7","1/27","21/12706",0.0476190476190476,22.4091710758377,4.53096784335969,0.0437226575893838,0.212247555913999,0.171460693884014,"ATIC",1
"GO:1901970","positive regulation of mitotic sister chromatid separation","1/27","21/12706",0.0476190476190476,22.4091710758377,4.53096784335969,0.0437226575893838,0.212247555913999,0.171460693884014,"UBE2C",1
"GO:0048284","organelle fusion","2/27","159/12706",0.0125786163522013,5.91940368040997,2.88049941077968,0.0445278130127477,0.212247555913999,0.171460693884014,"ANXA1/SNCA",2
"GO:0061025","membrane fusion","2/27","160/12706",0.0125,5.88240740740741,2.86792692595072,0.0450333365078397,0.212247555913999,0.171460693884014,"ANXA1/SNCA",2
"GO:0015980","energy derivation by oxidation of organic compounds","3/27","379/12706",0.0079155672823219,3.72500732922897,2.48533706979247,0.0453720482073209,0.212247555913999,0.171460693884014,"MT-ATP8/BPGM/SNCA",3
"GO:0046390","ribose phosphate biosynthetic process","2/27","161/12706",0.0124223602484472,5.84587071543593,2.85546041735858,0.0455410257205319,0.212247555913999,0.171460693884014,"MT-ATP8/ATIC",2
"GO:0001919","regulation of receptor recycling","1/27","22/12706",0.0454545454545455,21.3905723905724,4.41712161566649,0.0457580922165093,0.212247555913999,0.171460693884014,"SNCA",1
"GO:0014047","glutamate secretion","1/27","22/12706",0.0454545454545455,21.3905723905724,4.41712161566649,0.0457580922165093,0.212247555913999,0.171460693884014,"SNCA",1
"GO:0034377","plasma lipoprotein particle assembly","1/27","22/12706",0.0454545454545455,21.3905723905724,4.41712161566649,0.0457580922165093,0.212247555913999,0.171460693884014,"FECH",1
"GO:0050433","regulation of catecholamine secretion","1/27","22/12706",0.0454545454545455,21.3905723905724,4.41712161566649,0.0457580922165093,0.212247555913999,0.171460693884014,"SNCA",1
"GO:0098760","response to interleukin-7","1/27","22/12706",0.0454545454545455,21.3905723905724,4.41712161566649,0.0457580922165093,0.212247555913999,0.171460693884014,"ATIC",1
"GO:0042129","regulation of T cell proliferation","2/27","162/12706",0.0123456790123457,5.80978509373571,2.84309827946104,0.0460508699312773,0.212247555913999,0.171460693884014,"LGALS3/ANXA1",2
"GO:0001780","neutrophil homeostasis","1/27","23/12706",0.0434782608695652,20.4605475040258,4.31056990214541,0.047789354555689,0.212247555913999,0.171460693884014,"ANXA1",1
"GO:0010640","regulation of platelet-derived growth factor receptor signaling pathway","1/27","23/12706",0.0434782608695652,20.4605475040258,4.31056990214541,0.047789354555689,0.212247555913999,0.171460693884014,"SNCA",1
"GO:0015872","dopamine transport","1/27","23/12706",0.0434782608695652,20.4605475040258,4.31056990214541,0.047789354555689,0.212247555913999,0.171460693884014,"SNCA",1
"GO:0016082","synaptic vesicle priming","1/27","23/12706",0.0434782608695652,20.4605475040258,4.31056990214541,0.047789354555689,0.212247555913999,0.171460693884014,"SNCA",1
"GO:0031145","anaphase-promoting complex-dependent catabolic process","1/27","23/12706",0.0434782608695652,20.4605475040258,4.31056990214541,0.047789354555689,0.212247555913999,0.171460693884014,"UBE2C",1
"GO:0045624","positive regulation of T-helper cell differentiation","1/27","23/12706",0.0434782608695652,20.4605475040258,4.31056990214541,0.047789354555689,0.212247555913999,0.171460693884014,"ANXA1",1
"GO:0046639","negative regulation of alpha-beta T cell differentiation","1/27","23/12706",0.0434782608695652,20.4605475040258,4.31056990214541,0.047789354555689,0.212247555913999,0.171460693884014,"ANXA1",1
"GO:0048169","regulation of long-term neuronal synaptic plasticity","1/27","23/12706",0.0434782608695652,20.4605475040258,4.31056990214541,0.047789354555689,0.212247555913999,0.171460693884014,"SNCA",1
"GO:0051281","positive regulation of release of sequestered calcium ion into cytosol","1/27","23/12706",0.0434782608695652,20.4605475040258,4.31056990214541,0.047789354555689,0.212247555913999,0.171460693884014,"SNCA",1
"GO:0051438","regulation of ubiquitin-protein transferase activity","1/27","23/12706",0.0434782608695652,20.4605475040258,4.31056990214541,0.047789354555689,0.212247555913999,0.171460693884014,"UBE2C",1
"GO:0060586","multicellular organismal-level iron ion homeostasis","1/27","23/12706",0.0434782608695652,20.4605475040258,4.31056990214541,0.047789354555689,0.212247555913999,0.171460693884014,"FECH",1
"GO:0006163","purine nucleotide metabolic process","3/27","388/12706",0.0077319587628866,3.63860252004582,2.43582706473572,0.0480830445891238,0.212554019538837,0.17170826547813,"MT-ATP8/BPGM/ATIC",3
"GO:0051924","regulation of calcium ion transport","2/27","167/12706",0.0119760479041916,5.63583943224662,2.78279930029781,0.0486320430603167,0.213724502740836,0.172653821063589,"LGALS3/SNCA",2
"GO:0001516","prostaglandin biosynthetic process","1/27","24/12706",0.0416666666666667,19.608024691358,4.21054909837297,0.0498164528310965,0.213724502740836,0.172653821063589,"HPGDS",1
"GO:0006760","folic acid-containing compound metabolic process","1/27","24/12706",0.0416666666666667,19.608024691358,4.21054909837297,0.0498164528310965,0.213724502740836,0.172653821063589,"ATIC",1
"GO:0035493","SNARE complex assembly","1/27","24/12706",0.0416666666666667,19.608024691358,4.21054909837297,0.0498164528310965,0.213724502740836,0.172653821063589,"SNCA",1
"GO:0065005","protein-lipid complex assembly","1/27","24/12706",0.0416666666666667,19.608024691358,4.21054909837297,0.0498164528310965,0.213724502740836,0.172653821063589,"FECH",1
"GO:0071549","cellular response to dexamethasone stimulus","1/27","24/12706",0.0416666666666667,19.608024691358,4.21054909837297,0.0498164528310965,0.213724502740836,0.172653821063589,"FECH",1
"GO:0022408","negative regulation of cell-cell adhesion","2/27","171/12706",0.0116959064327485,5.50400693090752,2.73628703097677,0.0507346901666886,0.213724502740836,0.172653821063589,"LGALS3/ANXA1",2
"GO:0002695","negative regulation of leukocyte activation","2/27","172/12706",0.0116279069767442,5.47200689061154,2.72488738407364,0.0512655019496254,0.213724502740836,0.172653821063589,"LGALS3/ANXA1",2
"GO:0006164","purine nucleotide biosynthetic process","2/27","172/12706",0.0116279069767442,5.47200689061154,2.72488738407364,0.0512655019496254,0.213724502740836,0.172653821063589,"MT-ATP8/ATIC",2
"GO:0010039","response to iron ion","1/27","25/12706",0.04,18.8237037037037,4.11640334915861,0.0518393952513428,0.213724502740836,0.172653821063589,"SNCA",1
"GO:0046037","GMP metabolic process","1/27","25/12706",0.04,18.8237037037037,4.11640334915861,0.0518393952513428,0.213724502740836,0.172653821063589,"ATIC",1
"GO:1902932","positive regulation of alcohol biosynthetic process","1/27","25/12706",0.04,18.8237037037037,4.11640334915861,0.0518393952513428,0.213724502740836,0.172653821063589,"SNCA",1
"GO:1903241","U2-type prespliceosome assembly","1/27","25/12706",0.04,18.8237037037037,4.11640334915861,0.0518393952513428,0.213724502740836,0.172653821063589,"SNRPD3",1
"GO:0071383","cellular response to steroid hormone stimulus","2/27","174/12706",0.0114942528735632,5.40911025968497,2.70235317063807,0.0523332328652984,0.213724502740836,0.172653821063589,"ANXA1/FECH",2
"GO:0000302","response to reactive oxygen species","2/27","176/12706",0.0113636363636364,5.3476430976431,2.68016418530695,0.0534090381940717,0.213724502740836,0.172653821063589,"HBB/HBA1",2
"GO:0002726","positive regulation of T cell cytokine production","1/27","26/12706",0.0384615384615385,18.0997150997151,4.02756573777776,0.0538581900095018,0.213724502740836,0.172653821063589,"RSAD2",1
"GO:0042417","dopamine metabolic process","1/27","26/12706",0.0384615384615385,18.0997150997151,4.02756573777776,0.0538581900095018,0.213724502740836,0.172653821063589,"SNCA",1
"GO:0045063","T-helper 1 cell differentiation","1/27","26/12706",0.0384615384615385,18.0997150997151,4.02756573777776,0.0538581900095018,0.213724502740836,0.172653821063589,"ANXA1",1
"GO:0046457","prostanoid biosynthetic process","1/27","26/12706",0.0384615384615385,18.0997150997151,4.02756573777776,0.0538581900095018,0.213724502740836,0.172653821063589,"HPGDS",1
"GO:0048741","skeletal muscle fiber development","1/27","26/12706",0.0384615384615385,18.0997150997151,4.02756573777776,0.0538581900095018,0.213724502740836,0.172653821063589,"ACTA1",1
"GO:0050860","negative regulation of T cell receptor signaling pathway","1/27","26/12706",0.0384615384615385,18.0997150997151,4.02756573777776,0.0538581900095018,0.213724502740836,0.172653821063589,"LGALS3",1
"GO:0099054","presynapse assembly","1/27","26/12706",0.0384615384615385,18.0997150997151,4.02756573777776,0.0538581900095018,0.213724502740836,0.172653821063589,"SNCA",1
"GO:0002822","regulation of adaptive immune response based on somatic recombination of immune receptors built from immunoglobulin superfamily domains","2/27","177/12706",0.0112994350282486,5.31743042477506,2.66919616420012,0.0539499431122683,0.213724502740836,0.172653821063589,"ANXA1/RSAD2",2
"GO:0001906","cell killing","2/27","178/12706",0.0112359550561798,5.28755722014149,2.65831090999247,0.0544928359155972,0.213724502740836,0.172653821063589,"LGALS3/HMGN2",2
"GO:0031334","positive regulation of protein-containing complex assembly","2/27","180/12706",0.0111111111111111,5.22880658436214,2.63678419422417,0.055584544514205,0.213724502740836,0.172653821063589,"LGALS3/SNCA",2
"GO:0002825","regulation of T-helper 1 type immune response","1/27","27/12706",0.037037037037037,17.4293552812071,3.94354334102432,0.0558728452831411,0.213724502740836,0.172653821063589,"ANXA1",1
"GO:0032309","icosanoid secretion","1/27","27/12706",0.037037037037037,17.4293552812071,3.94354334102432,0.0558728452831411,0.213724502740836,0.172653821063589,"ANXA1",1
"GO:0042401","biogenic amine biosynthetic process","1/27","27/12706",0.037037037037037,17.4293552812071,3.94354334102432,0.0558728452831411,0.213724502740836,0.172653821063589,"SNCA",1
"GO:0042832","defense response to protozoan","1/27","27/12706",0.037037037037037,17.4293552812071,3.94354334102432,0.0558728452831411,0.213724502740836,0.172653821063589,"BPGM",1
"GO:0046685","response to arsenic-containing substance","1/27","27/12706",0.037037037037037,17.4293552812071,3.94354334102432,0.0558728452831411,0.213724502740836,0.172653821063589,"FECH",1
"GO:0050432","catecholamine secretion","1/27","27/12706",0.037037037037037,17.4293552812071,3.94354334102432,0.0558728452831411,0.213724502740836,0.172653821063589,"SNCA",1
"GO:1903421","regulation of synaptic vesicle recycling","1/27","27/12706",0.037037037037037,17.4293552812071,3.94354334102432,0.0558728452831411,0.213724502740836,0.172653821063589,"SNCA",1
"GO:1903715","regulation of aerobic respiration","1/27","27/12706",0.037037037037037,17.4293552812071,3.94354334102432,0.0558728452831411,0.213724502740836,0.172653821063589,"SNCA",1
"GO:0098771","inorganic ion homeostasis","3/27","413/12706",0.00726392251815981,3.41834813021254,2.30564064872081,0.0560292565324814,0.213724502740836,0.172653821063589,"ALAS2/FECH/SNCA",3
"GO:0050777","negative regulation of immune response","2/27","183/12706",0.0109289617486339,5.14308844363489,2.60508725891538,0.0572367632261948,0.21643346757191,0.174842213705582,"LGALS3/ANXA1",2
"GO:0001504","neurotransmitter uptake","1/27","28/12706",0.0357142857142857,16.8068783068783,3.86390524471767,0.057883369234348,0.21643346757191,0.174842213705582,"SNCA",1
"GO:0009309","amine biosynthetic process","1/27","28/12706",0.0357142857142857,16.8068783068783,3.86390524471767,0.057883369234348,0.21643346757191,0.174842213705582,"SNCA",1
"GO:0046189","phenol-containing compound biosynthetic process","1/27","28/12706",0.0357142857142857,16.8068783068783,3.86390524471767,0.057883369234348,0.21643346757191,0.174842213705582,"SNCA",1
"GO:2000108","positive regulation of leukocyte apoptotic process","1/27","28/12706",0.0357142857142857,16.8068783068783,3.86390524471767,0.057883369234348,0.21643346757191,0.174842213705582,"ANXA1",1
"GO:0030595","leukocyte chemotaxis","2/27","185/12706",0.0108108108108108,5.08748748748749,2.58433916050722,0.0583478956754108,0.216459252191916,0.17486304338637,"LGALS3/ANXA1",2
"GO:0097529","myeloid leukocyte migration","2/27","185/12706",0.0108108108108108,5.08748748748749,2.58433916050722,0.0583478956754108,0.216459252191916,0.17486304338637,"LGALS3/ANXA1",2
"GO:0002685","regulation of leukocyte migration","2/27","187/12706",0.0106951871657754,5.03307585660527,2.56388823779372,0.0594666576344722,0.217906624727818,0.176032279461884,"LGALS3/ANXA1",2
"GO:0001562","response to protozoan","1/27","29/12706",0.0344827586206897,16.2273307790549,3.78827285049134,0.0598897700097596,0.217906624727818,0.176032279461884,"BPGM",1
"GO:0006308","DNA catabolic process","1/27","29/12706",0.0344827586206897,16.2273307790549,3.78827285049134,0.0598897700097596,0.217906624727818,0.176032279461884,"ISG20",1
"GO:0033032","regulation of myeloid cell apoptotic process","1/27","29/12706",0.0344827586206897,16.2273307790549,3.78827285049134,0.0598897700097596,0.217906624727818,0.176032279461884,"ANXA1",1
"GO:0090279","regulation of calcium ion import","1/27","29/12706",0.0344827586206897,16.2273307790549,3.78827285049134,0.0598897700097596,0.217906624727818,0.176032279461884,"LGALS3",1
"GO:0002819","regulation of adaptive immune response","2/27","190/12706",0.0105263157894737,4.95360623781676,2.53375227917055,0.0611589326219836,0.219418607196218,0.177253709607716,"ANXA1/RSAD2",2
"GO:0010458","exit from mitosis","1/27","30/12706",0.0333333333333333,15.6864197530864,3.71631197338676,0.0618920557405905,0.219418607196218,0.177253709607716,"UBE2C",1
"GO:0042220","response to cocaine","1/27","30/12706",0.0333333333333333,15.6864197530864,3.71631197338676,0.0618920557405905,0.219418607196218,0.177253709607716,"SNCA",1
"GO:0051955","regulation of amino acid transport","1/27","30/12706",0.0333333333333333,15.6864197530864,3.71631197338676,0.0618920557405905,0.219418607196218,0.177253709607716,"SNCA",1
"GO:2000515","negative regulation of CD4-positive, alpha-beta T cell activation","1/27","30/12706",0.0333333333333333,15.6864197530864,3.71631197338676,0.0618920557405905,0.219418607196218,0.177253709607716,"ANXA1",1
"GO:0050866","negative regulation of cell activation","2/27","192/12706",0.0104166666666667,4.90200617283951,2.51401119323223,0.0622964225959566,0.219418607196218,0.177253709607716,"LGALS3/ANXA1",2
"GO:0071674","mononuclear cell migration","2/27","192/12706",0.0104166666666667,4.90200617283951,2.51401119323223,0.0622964225959566,0.219418607196218,0.177253709607716,"LGALS3/ANXA1",2
"GO:0042098","T cell proliferation","2/27","193/12706",0.0103626943005181,4.87660717712531,2.50424285621322,0.0628679302619059,0.219418607196218,0.177253709607716,"LGALS3/ANXA1",2
"GO:1903530","regulation of secretion by cell","3/27","435/12706",0.00689655172413793,3.24546615581098,2.199064055659,0.0635170267997045,0.219418607196218,0.177253709607716,"ANXA1/RSAD2/SNCA",3
"GO:0009156","ribonucleoside monophosphate biosynthetic process","1/27","31/12706",0.032258064516129,15.1804062126643,3.64772635183465,0.0638902345426577,0.219418607196218,0.177253709607716,"ATIC",1
"GO:0009583","detection of light stimulus","1/27","31/12706",0.032258064516129,15.1804062126643,3.64772635183465,0.0638902345426577,0.219418607196218,0.177253709607716,"FECH",1
"GO:0014904","myotube cell development","1/27","31/12706",0.032258064516129,15.1804062126643,3.64772635183465,0.0638902345426577,0.219418607196218,0.177253709607716,"ACTA1",1
"GO:0042558","pteridine-containing compound metabolic process","1/27","31/12706",0.032258064516129,15.1804062126643,3.64772635183465,0.0638902345426577,0.219418607196218,0.177253709607716,"ATIC",1
"GO:0046688","response to copper ion","1/27","31/12706",0.032258064516129,15.1804062126643,3.64772635183465,0.0638902345426577,0.219418607196218,0.177253709607716,"SNCA",1
"GO:1905820","positive regulation of chromosome separation","1/27","31/12706",0.032258064516129,15.1804062126643,3.64772635183465,0.0638902345426577,0.219418607196218,0.177253709607716,"UBE2C",1
"GO:0002285","lymphocyte activation involved in immune response","2/27","195/12706",0.0102564102564103,4.82659069325736,2.48490631860216,0.0640164223955139,0.219418607196218,0.177253709607716,"LGALS3/ANXA1",2
"GO:0009117","nucleotide metabolic process","3/27","441/12706",0.00680272108843537,3.20131015369111,2.17116820823921,0.0656377956109723,0.224163735191263,0.181086983141045,"MT-ATP8/BPGM/ATIC",3
"GO:0043403","skeletal muscle tissue regeneration","1/27","32/12706",0.03125,14.7060185185185,3.58225228098604,0.0658843145164127,0.224196264505491,0.181113261412024,"ANXA1",1
"GO:0010638","positive regulation of organelle organization","3/27","445/12706",0.00674157303370787,3.17253433208489,2.15283340356735,0.0670700890532529,0.225041629010948,0.181796175210803,"ANXA1/UBE2C/SNCA",3
"GO:0030335","positive regulation of cell migration","3/27","447/12706",0.00671140939597315,3.15833954760129,2.14374302007574,0.0677917374192144,0.225041629010948,0.181796175210803,"LGALS3/PTP4A1/ANXA1",3
"GO:0032743","positive regulation of interleukin-2 production","1/27","33/12706",0.0303030303030303,14.2603815937149,3.51965414653581,0.0678743037469682,0.225041629010948,0.181796175210803,"ANXA1",1
"GO:0043372","positive regulation of CD4-positive, alpha-beta T cell differentiation","1/27","33/12706",0.0303030303030303,14.2603815937149,3.51965414653581,0.0678743037469682,0.225041629010948,0.181796175210803,"ANXA1",1
"GO:0070293","renal absorption","1/27","33/12706",0.0303030303030303,14.2603815937149,3.51965414653581,0.0678743037469682,0.225041629010948,0.181796175210803,"HBB",1
"GO:0009165","nucleotide biosynthetic process","2/27","204/12706",0.00980392156862745,4.61365286855483,2.40103496059798,0.0692731022384077,0.225041629010948,0.181796175210803,"MT-ATP8/ATIC",2
"GO:0043647","inositol phosphate metabolic process","1/27","34/12706",0.0294117647058824,13.8409586056645,3.45972068569528,0.0698602103041235,0.225041629010948,0.181796175210803,"SNCA",1
"GO:0051937","catecholamine transport","1/27","34/12706",0.0294117647058824,13.8409586056645,3.45972068569528,0.0698602103041235,0.225041629010948,0.181796175210803,"SNCA",1
"GO:0090049","regulation of cell migration involved in sprouting angiogenesis","1/27","34/12706",0.0294117647058824,13.8409586056645,3.45972068569528,0.0698602103041235,0.225041629010948,0.181796175210803,"ANXA1",1
"GO:0097305","response to alcohol","2/27","205/12706",0.00975609756097561,4.59114724480578,2.39201820868785,0.0698659234794231,0.225041629010948,0.181796175210803,"HPGD/FECH",2
"GO:0043065","positive regulation of apoptotic process","3/27","458/12706",0.00655021834061135,3.08248423095585,2.09463611646627,0.0718258000775586,0.225041629010948,0.181796175210803,"HPGD/ANXA1/SNCA",3
"GO:0060627","regulation of vesicle-mediated transport","3/27","458/12706",0.00655021834061135,3.08248423095585,2.09463611646627,0.0718258000775586,0.225041629010948,0.181796175210803,"LGALS3/ANXA1/SNCA",3
"GO:0002369","T cell cytokine production","1/27","35/12706",0.0285714285714286,13.4455026455026,3.40226183937285,0.0718420422423958,0.225041629010948,0.181796175210803,"RSAD2",1
"GO:0002724","regulation of T cell cytokine production","1/27","35/12706",0.0285714285714286,13.4455026455026,3.40226183937285,0.0718420422423958,0.225041629010948,0.181796175210803,"RSAD2",1
"GO:0006584","catecholamine metabolic process","1/27","35/12706",0.0285714285714286,13.4455026455026,3.40226183937285,0.0718420422423958,0.225041629010948,0.181796175210803,"SNCA",1
"GO:0009167","purine ribonucleoside monophosphate metabolic process","1/27","35/12706",0.0285714285714286,13.4455026455026,3.40226183937285,0.0718420422423958,0.225041629010948,0.181796175210803,"ATIC",1
"GO:0009712","catechol-containing compound metabolic process","1/27","35/12706",0.0285714285714286,13.4455026455026,3.40226183937285,0.0718420422423958,0.225041629010948,0.181796175210803,"SNCA",1
"GO:0045429","positive regulation of nitric oxide biosynthetic process","1/27","35/12706",0.0285714285714286,13.4455026455026,3.40226183937285,0.0718420422423958,0.225041629010948,0.181796175210803,"HBB",1
"GO:0045840","positive regulation of mitotic nuclear division","1/27","35/12706",0.0285714285714286,13.4455026455026,3.40226183937285,0.0718420422423958,0.225041629010948,0.181796175210803,"UBE2C",1
"GO:0048246","macrophage chemotaxis","1/27","35/12706",0.0285714285714286,13.4455026455026,3.40226183937285,0.0718420422423958,0.225041629010948,0.181796175210803,"LGALS3",1
"GO:0050858","negative regulation of antigen receptor-mediated signaling pathway","1/27","35/12706",0.0285714285714286,13.4455026455026,3.40226183937285,0.0718420422423958,0.225041629010948,0.181796175210803,"LGALS3",1
"GO:0071548","response to dexamethasone","1/27","35/12706",0.0285714285714286,13.4455026455026,3.40226183937285,0.0718420422423958,0.225041629010948,0.181796175210803,"FECH",1
"GO:0099172","presynapse organization","1/27","35/12706",0.0285714285714286,13.4455026455026,3.40226183937285,0.0718420422423958,0.225041629010948,0.181796175210803,"SNCA",1
"GO:1904707","positive regulation of vascular associated smooth muscle cell proliferation","1/27","35/12706",0.0285714285714286,13.4455026455026,3.40226183937285,0.0718420422423958,0.225041629010948,0.181796175210803,"HPGD",1
"GO:2000147","positive regulation of cell motility","3/27","460/12706",0.00652173913043478,3.06908212560386,2.0858651739019,0.0725709912363059,0.22581865271849,0.182423881021057,"LGALS3/PTP4A1/ANXA1",3
"GO:0006479","protein methylation","1/27","36/12706",0.0277777777777778,13.0720164609053,3.3471060881329,0.073819807601046,0.22581865271849,0.182423881021057,"SNRPD3",1
"GO:0008213","protein alkylation","1/27","36/12706",0.0277777777777778,13.0720164609053,3.3471060881329,0.073819807601046,0.22581865271849,0.182423881021057,"SNRPD3",1
"GO:0033028","myeloid cell apoptotic process","1/27","36/12706",0.0277777777777778,13.0720164609053,3.3471060881329,0.073819807601046,0.22581865271849,0.182423881021057,"ANXA1",1
"GO:1903426","regulation of reactive oxygen species biosynthetic process","1/27","36/12706",0.0277777777777778,13.0720164609053,3.3471060881329,0.073819807601046,0.22581865271849,0.182423881021057,"SNCA",1
"GO:0007610","behavior","3/27","467/12706",0.00642398286937901,3.02307875327147,2.05553548190219,0.0752072666615314,0.22581865271849,0.182423881021057,"HPGDS/DYNLRB1/SNCA",3
"GO:0046034","ATP metabolic process","2/27","214/12706",0.00934579439252336,4.39806161301488,2.31339005303037,0.0752773600628552,0.22581865271849,0.182423881021057,"MT-ATP8/BPGM",2
"GO:0070232","regulation of T cell apoptotic process","1/27","37/12706",0.027027027027027,12.7187187187187,3.29409818641991,0.0757935144041058,0.22581865271849,0.182423881021057,"LGALS3",1
"GO:0071827","plasma lipoprotein particle organization","1/27","37/12706",0.027027027027027,12.7187187187187,3.29409818641991,0.0757935144041058,0.22581865271849,0.182423881021057,"FECH",1
"GO:0040017","positive regulation of locomotion","3/27","471/12706",0.00636942675159236,2.99740504836046,2.03845592545156,0.0767331982237783,0.22581865271849,0.182423881021057,"LGALS3/PTP4A1/ANXA1",3
"GO:0002699","positive regulation of immune effector process","2/27","217/12706",0.00921658986175115,4.33725891790408,2.28814031068073,0.0771108733105078,0.22581865271849,0.182423881021057,"ANXA1/RSAD2",2
"GO:0006790","sulfur compound metabolic process","2/27","217/12706",0.00921658986175115,4.33725891790408,2.28814031068073,0.0771108733105078,0.22581865271849,0.182423881021057,"HPGDS/SNCA",2
"GO:0051046","regulation of secretion","3/27","472/12706",0.00635593220338983,2.99105461393597,2.03421405109818,0.0771168807027354,0.22581865271849,0.182423881021057,"ANXA1/RSAD2/SNCA",3
"GO:0050670","regulation of lymphocyte proliferation","2/27","218/12706",0.00917431192660551,4.31736323479443,2.27982517388184,0.077725265704775,0.22581865271849,0.182423881021057,"LGALS3/ANXA1",2
"GO:0000966","RNA 5'-end processing","1/27","38/12706",0.0263157894736842,12.3840155945419,3.2430972265182,0.0777631706604081,0.22581865271849,0.182423881021057,"SNRPD3",1
"GO:0009124","nucleoside monophosphate biosynthetic process","1/27","38/12706",0.0263157894736842,12.3840155945419,3.2430972265182,0.0777631706604081,0.22581865271849,0.182423881021057,"ATIC",1
"GO:0009126","purine nucleoside monophosphate metabolic process","1/27","38/12706",0.0263157894736842,12.3840155945419,3.2430972265182,0.0777631706604081,0.22581865271849,0.182423881021057,"ATIC",1
"GO:0031111","negative regulation of microtubule polymerization or depolymerization","1/27","38/12706",0.0263157894736842,12.3840155945419,3.2430972265182,0.0777631706604081,0.22581865271849,0.182423881021057,"SNCA",1
"GO:0043277","apoptotic cell clearance","1/27","38/12706",0.0263157894736842,12.3840155945419,3.2430972265182,0.0777631706604081,0.22581865271849,0.182423881021057,"ANXA1",1
"GO:0071715","icosanoid transport","1/27","38/12706",0.0263157894736842,12.3840155945419,3.2430972265182,0.0777631706604081,0.22581865271849,0.182423881021057,"ANXA1",1
"GO:1902930","regulation of alcohol biosynthetic process","1/27","38/12706",0.0263157894736842,12.3840155945419,3.2430972265182,0.0777631706604081,0.22581865271849,0.182423881021057,"SNCA",1
"GO:1904407","positive regulation of nitric oxide metabolic process","1/27","38/12706",0.0263157894736842,12.3840155945419,3.2430972265182,0.0777631706604081,0.22581865271849,0.182423881021057,"HBB",1
"GO:0043068","positive regulation of programmed cell death","3/27","474/12706",0.00632911392405063,2.97843413033286,2.02576351961381,0.0778868745376337,0.22581865271849,0.182423881021057,"HPGD/ANXA1/SNCA",3
"GO:0055080","monoatomic cation homeostasis","3/27","475/12706",0.00631578947368421,2.97216374269006,2.02155474971743,0.0782731828371671,0.22581865271849,0.182423881021057,"ALAS2/FECH/SNCA",3
"GO:0002274","myeloid leukocyte activation","2/27","221/12706",0.00904977375565611,4.25875649405061,2.2551762489614,0.0795779811211522,0.22581865271849,0.182423881021057,"ANXA1/SNCA",2
"GO:0032944","regulation of mononuclear cell proliferation","2/27","221/12706",0.00904977375565611,4.25875649405061,2.2551762489614,0.0795779811211522,0.22581865271849,0.182423881021057,"LGALS3/ANXA1",2
"GO:0000387","spliceosomal snRNP assembly","1/27","39/12706",0.0256410256410256,12.0664767331434,3.19397497697586,0.0797287843636105,0.22581865271849,0.182423881021057,"SNRPD3",1
"GO:0001774","microglial cell activation","1/27","39/12706",0.0256410256410256,12.0664767331434,3.19397497697586,0.0797287843636105,0.22581865271849,0.182423881021057,"SNCA",1
"GO:0043457","regulation of cellular respiration","1/27","39/12706",0.0256410256410256,12.0664767331434,3.19397497697586,0.0797287843636105,0.22581865271849,0.182423881021057,"SNCA",1
"GO:0071825","protein-lipid complex organization","1/27","39/12706",0.0256410256410256,12.0664767331434,3.19397497697586,0.0797287843636105,0.22581865271849,0.182423881021057,"FECH",1
"GO:1990000","amyloid fibril formation","1/27","39/12706",0.0256410256410256,12.0664767331434,3.19397497697586,0.0797287843636105,0.22581865271849,0.182423881021057,"SNCA",1
"GO:2000516","positive regulation of CD4-positive, alpha-beta T cell activation","1/27","39/12706",0.0256410256410256,12.0664767331434,3.19397497697586,0.0797287843636105,0.22581865271849,0.182423881021057,"ANXA1",1
"GO:0050801","monoatomic ion homeostasis","3/27","482/12706",0.00622406639004149,2.92899953895804,1.99239612406525,0.0810016762098578,0.227961899302793,0.184155267490628,"ALAS2/FECH/SNCA",3
"GO:0090068","positive regulation of cell cycle process","2/27","224/12706",0.00892857142857143,4.20171957671958,2.23096073819386,0.0814448168203244,0.227961899302793,0.184155267490628,"ANXA1/UBE2C",2
"GO:0070979","protein K11-linked ubiquitination","1/27","40/12706",0.025,11.7648148148148,3.14661445064563,0.0816903634922269,0.227961899302793,0.184155267490628,"UBE2C",1
"GO:0072132","mesenchyme morphogenesis","1/27","40/12706",0.025,11.7648148148148,3.14661445064563,0.0816903634922269,0.227961899302793,0.184155267490628,"ACTA1",1
"GO:1904427","positive regulation of calcium ion transmembrane transport","1/27","40/12706",0.025,11.7648148148148,3.14661445064563,0.0816903634922269,0.227961899302793,0.184155267490628,"SNCA",1
"GO:0002269","leukocyte activation involved in inflammatory response","1/27","41/12706",0.024390243902439,11.4778681120145,3.10090866574547,0.083647916009652,0.230702415583472,0.186369148451764,"SNCA",1
"GO:0042398","modified amino acid biosynthetic process","1/27","41/12706",0.024390243902439,11.4778681120145,3.10090866574547,0.083647916009652,0.230702415583472,0.186369148451764,"ATIC",1
"GO:0045581","negative regulation of T cell differentiation","1/27","41/12706",0.024390243902439,11.4778681120145,3.10090866574547,0.083647916009652,0.230702415583472,0.186369148451764,"ANXA1",1
"GO:1902041","regulation of extrinsic apoptotic signaling pathway via death domain receptors","1/27","41/12706",0.024390243902439,11.4778681120145,3.10090866574547,0.083647916009652,0.230702415583472,0.186369148451764,"LGALS3",1
"GO:0009988","cell-cell recognition","1/27","42/12706",0.0238095238095238,11.2045855379189,3.05675956991288,0.0856014498641916,0.23269819417105,0.187981405327898,"LGALS3",1
"GO:0015844","monoamine transport","1/27","42/12706",0.0238095238095238,11.2045855379189,3.05675956991288,0.0856014498641916,0.23269819417105,0.187981405327898,"SNCA",1
"GO:0042119","neutrophil activation","1/27","42/12706",0.0238095238095238,11.2045855379189,3.05675956991288,0.0856014498641916,0.23269819417105,0.187981405327898,"ANXA1",1
"GO:0045622","regulation of T-helper cell differentiation","1/27","42/12706",0.0238095238095238,11.2045855379189,3.05675956991288,0.0856014498641916,0.23269819417105,0.187981405327898,"ANXA1",1
"GO:1900087","positive regulation of G1/S transition of mitotic cell cycle","1/27","42/12706",0.0238095238095238,11.2045855379189,3.05675956991288,0.0856014498641916,0.23269819417105,0.187981405327898,"ANXA1",1
"GO:0046456","icosanoid biosynthetic process","1/27","43/12706",0.0232558139534884,10.9440137812231,3.0140771024915,0.0875509729890861,0.237315817901649,0.191711676640255,"HPGDS",1
"GO:0009205","purine ribonucleoside triphosphate metabolic process","2/27","235/12706",0.00851063829787234,4.00504334121355,2.14565922173253,0.0884068560025396,0.238951102224007,0.193032714158929,"MT-ATP8/BPGM",2
"GO:0048168","regulation of neuronal synaptic plasticity","1/27","44/12706",0.0227272727272727,10.6952861952862,2.97277837453145,0.0894964933025424,0.240521825750583,0.194301597301572,"SNCA",1
"GO:0051785","positive regulation of nuclear division","1/27","44/12706",0.0227272727272727,10.6952861952862,2.97277837453145,0.0894964933025424,0.240521825750583,0.194301597301572,"UBE2C",1
"GO:0050918","positive chemotaxis","1/27","45/12706",0.0222222222222222,10.4576131687243,2.93278694942108,0.0914380187077568,0.244864348170489,0.197809632548987,"LGALS3",1
"GO:0070663","regulation of leukocyte proliferation","2/27","240/12706",0.00833333333333333,3.9216049382716,2.10858088588283,0.0916299992096756,0.244864348170489,0.197809632548987,"LGALS3/ANXA1",2
"GO:0009144","purine nucleoside triphosphate metabolic process","2/27","242/12706",0.00826446280991736,3.88919498010407,2.09402822084793,0.092929151544518,0.245574489612354,0.198383308621975,"MT-ATP8/BPGM",2
"GO:0007632","visual behavior","1/27","46/12706",0.0217391304347826,10.2302737520129,2.89403220986698,0.0933755570929473,0.245574489612354,0.198383308621975,"DYNLRB1",1
"GO:0048489","synaptic vesicle transport","1/27","46/12706",0.0217391304347826,10.2302737520129,2.89403220986698,0.0933755570929473,0.245574489612354,0.198383308621975,"SNCA",1
"GO:0061900","glial cell activation","1/27","46/12706",0.0217391304347826,10.2302737520129,2.89403220986698,0.0933755570929473,0.245574489612354,0.198383308621975,"SNCA",1
"GO:0140894","endolysosomal toll-like receptor signaling pathway","1/27","46/12706",0.0217391304347826,10.2302737520129,2.89403220986698,0.0933755570929473,0.245574489612354,0.198383308621975,"RSAD2",1
"GO:0046942","carboxylic acid transport","2/27","243/12706",0.00823045267489712,3.87319006249047,2.0868100077499,0.0935808146467932,0.245574489612354,0.198383308621975,"ANXA1/SNCA",2
"GO:0015849","organic acid transport","2/27","244/12706",0.00819672131147541,3.85731633272617,2.07963002608898,0.0942338579746674,0.245574489612354,0.198383308621975,"ANXA1/SNCA",2
"GO:0001881","receptor recycling","1/27","47/12706",0.0212765957446809,10.0126083530339,2.85644879922856,0.0953091163313751,0.245574489612354,0.198383308621975,"SNCA",1
"GO:0046173","polyol biosynthetic process","1/27","47/12706",0.0212765957446809,10.0126083530339,2.85644879922856,0.0953091163313751,0.245574489612354,0.198383308621975,"SNCA",1
"GO:0090303","positive regulation of wound healing","1/27","47/12706",0.0212765957446809,10.0126083530339,2.85644879922856,0.0953091163313751,0.245574489612354,0.198383308621975,"ANXA1",1
"GO:1903409","reactive oxygen species biosynthetic process","1/27","47/12706",0.0212765957446809,10.0126083530339,2.85644879922856,0.0953091163313751,0.245574489612354,0.198383308621975,"SNCA",1
"GO:2000242","negative regulation of reproductive process","1/27","47/12706",0.0212765957446809,10.0126083530339,2.85644879922856,0.0953091163313751,0.245574489612354,0.198383308621975,"HPGDS",1
"GO:0007162","negative regulation of cell adhesion","2/27","247/12706",0.00809716599190283,3.81046633678213,2.0583157030853,0.0962011867943907,0.245574489612354,0.198383308621975,"LGALS3/ANXA1",2
"GO:0060326","cell chemotaxis","2/27","248/12706",0.00806451612903226,3.79510155316607,2.05128490679856,0.0968596686394135,0.245574489612354,0.198383308621975,"LGALS3/ANXA1",2
"GO:0015909","long-chain fatty acid transport","1/27","48/12706",0.0208333333333333,9.80401234567901,2.81997612709642,0.0972387042813746,0.245574489612354,0.198383308621975,"ANXA1",1
"GO:0036230","granulocyte activation","1/27","48/12706",0.0208333333333333,9.80401234567901,2.81997612709642,0.0972387042813746,0.245574489612354,0.198383308621975,"ANXA1",1
"GO:0042088","T-helper 1 type immune response","1/27","48/12706",0.0208333333333333,9.80401234567901,2.81997612709642,0.0972387042813746,0.245574489612354,0.198383308621975,"ANXA1",1
"GO:0046638","positive regulation of alpha-beta T cell differentiation","1/27","48/12706",0.0208333333333333,9.80401234567901,2.81997612709642,0.0972387042813746,0.245574489612354,0.198383308621975,"ANXA1",1
"GO:0050994","regulation of lipid catabolic process","1/27","48/12706",0.0208333333333333,9.80401234567901,2.81997612709642,0.0972387042813746,0.245574489612354,0.198383308621975,"HPGD",1
"GO:0010959","regulation of metal ion transport","2/27","249/12706",0.00803212851405622,3.77986018146661,2.04429049770084,0.0975194896494189,0.245574489612354,0.198383308621975,"LGALS3/SNCA",2
"GO:0051258","protein polymerization","2/27","250/12706",0.008,3.76474074074074,2.03733212218143,0.0981806416912493,0.245574489612354,0.198383308621975,"UBE2C/SNCA",2
"GO:0002042","cell migration involved in sprouting angiogenesis","1/27","49/12706",0.0204081632653061,9.60393046107332,2.78455793055767,0.0991643287863838,0.245574489612354,0.198383308621975,"ANXA1",1
"GO:0006120","mitochondrial electron transport, NADH to ubiquinone","1/27","49/12706",0.0204081632653061,9.60393046107332,2.78455793055767,0.0991643287863838,0.245574489612354,0.198383308621975,"SNCA",1
"GO:0031100","animal organ regeneration","1/27","49/12706",0.0204081632653061,9.60393046107332,2.78455793055767,0.0991643287863838,0.245574489612354,0.198383308621975,"ATIC",1
"GO:0035384","thioester biosynthetic process","1/27","49/12706",0.0204081632653061,9.60393046107332,2.78455793055767,0.0991643287863838,0.245574489612354,0.198383308621975,"SNCA",1
"GO:0045620","negative regulation of lymphocyte differentiation","1/27","49/12706",0.0204081632653061,9.60393046107332,2.78455793055767,0.0991643287863838,0.245574489612354,0.198383308621975,"ANXA1",1
"GO:0050856","regulation of T cell receptor signaling pathway","1/27","49/12706",0.0204081632653061,9.60393046107332,2.78455793055767,0.0991643287863838,0.245574489612354,0.198383308621975,"LGALS3",1
"GO:0071616","acyl-CoA biosynthetic process","1/27","49/12706",0.0204081632653061,9.60393046107332,2.78455793055767,0.0991643287863838,0.245574489612354,0.198383308621975,"SNCA",1
"GO:0006636","unsaturated fatty acid biosynthetic process","1/27","50/12706",0.02,9.41185185185185,2.75014188388092,0.101085997674965,0.247739258550561,0.200132081570833,"HPGDS",1
"GO:0042246","tissue regeneration","1/27","50/12706",0.02,9.41185185185185,2.75014188388092,0.101085997674965,0.247739258550561,0.200132081570833,"ANXA1",1
"GO:0043030","regulation of macrophage activation","1/27","50/12706",0.02,9.41185185185185,2.75014188388092,0.101085997674965,0.247739258550561,0.200132081570833,"SNCA",1
"GO:0051952","regulation of amine transport","1/27","50/12706",0.02,9.41185185185185,2.75014188388092,0.101085997674965,0.247739258550561,0.200132081570833,"SNCA",1
"GO:0030100","regulation of endocytosis","2/27","257/12706",0.00778210116731518,3.66219916414469,1.98960373154619,0.102845297167197,0.249211043344629,0.201321038687216,"LGALS3/SNCA",2
"GO:0043536","positive regulation of blood vessel endothelial cell migration","1/27","51/12706",0.0196078431372549,9.22730573710966,2.71667925042633,0.103003718760835,0.249211043344629,0.201321038687216,"ANXA1",1
"GO:0045744","negative regulation of G protein-coupled receptor signaling pathway","1/27","51/12706",0.0196078431372549,9.22730573710966,2.71667925042633,0.103003718760835,0.249211043344629,0.201321038687216,"SNCA",1
"GO:0050709","negative regulation of protein secretion","1/27","51/12706",0.0196078431372549,9.22730573710966,2.71667925042633,0.103003718760835,0.249211043344629,0.201321038687216,"RSAD2",1
"GO:1902808","positive regulation of cell cycle G1/S phase transition","1/27","51/12706",0.0196078431372549,9.22730573710966,2.71667925042633,0.103003718760835,0.249211043344629,0.201321038687216,"ANXA1",1
"GO:0009141","nucleoside triphosphate metabolic process","2/27","258/12706",0.00775193798449612,3.64800459374103,1.98292146126917,0.103516807795375,0.249813520853125,0.201807740224067,"MT-ATP8/BPGM",2
"GO:1905517","macrophage migration","1/27","52/12706",0.0192307692307692,9.04985754985755,2.68412457148349,0.104917499842894,0.25254950343862,0.204017958714185,"LGALS3",1
"GO:0019216","regulation of lipid metabolic process","2/27","261/12706",0.00766283524904215,3.60607350645665,1.96307178136807,0.10553886222318,0.252758895349691,0.204187112522394,"HPGD/SNCA",2
"GO:0048545","response to steroid hormone","2/27","261/12706",0.00766283524904215,3.60607350645665,1.96307178136807,0.10553886222318,0.252758895349691,0.204187112522394,"ANXA1/FECH",2
"GO:0015800","acidic amino acid transport","1/27","53/12706",0.0188679245283019,8.87910552061495,2.6524353874922,0.106827348705249,0.252802155170894,0.204222059256781,"SNCA",1
"GO:0030239","myofibril assembly","1/27","53/12706",0.0188679245283019,8.87910552061495,2.6524353874922,0.106827348705249,0.252802155170894,0.204222059256781,"ACTA1",1
"GO:0048844","artery morphogenesis","1/27","53/12706",0.0188679245283019,8.87910552061495,2.6524353874922,0.106827348705249,0.252802155170894,0.204222059256781,"HPGD",1
"GO:0070231","T cell apoptotic process","1/27","53/12706",0.0188679245283019,8.87910552061495,2.6524353874922,0.106827348705249,0.252802155170894,0.204222059256781,"LGALS3",1
"GO:0009416","response to light stimulus","2/27","263/12706",0.00760456273764259,3.57865089424025,1.94999990191569,0.106893088867186,0.252802155170894,0.204222059256781,"DYNLRB1/FECH",2
"GO:0019058","viral life cycle","2/27","264/12706",0.00757575757575758,3.56509539842873,1.94351144460913,0.107572035901938,0.253773431329758,0.205006688711922,"RSAD2/ISG20",2
"GO:0043370","regulation of CD4-positive, alpha-beta T cell differentiation","1/27","54/12706",0.0185185185185185,8.71467764060357,2.62157198773513,0.108733273117243,0.253979447824474,0.205173115745597,"ANXA1",1
"GO:0048008","platelet-derived growth factor receptor signaling pathway","1/27","54/12706",0.0185185185185185,8.71467764060357,2.62157198773513,0.108733273117243,0.253979447824474,0.205173115745597,"SNCA",1
"GO:1903036","positive regulation of response to wounding","1/27","54/12706",0.0185185185185185,8.71467764060357,2.62157198773513,0.108733273117243,0.253979447824474,0.205173115745597,"ANXA1",1
"GO:1904705","regulation of vascular associated smooth muscle cell proliferation","1/27","54/12706",0.0185185185185185,8.71467764060357,2.62157198773513,0.108733273117243,0.253979447824474,0.205173115745597,"HPGD",1
"GO:0032623","interleukin-2 production","1/27","55/12706",0.0181818181818182,8.55622895622896,2.59149718512632,0.11063528083348,0.255894806035385,0.206720406344374,"ANXA1",1
"GO:0032663","regulation of interleukin-2 production","1/27","55/12706",0.0181818181818182,8.55622895622896,2.59149718512632,0.11063528083348,0.255894806035385,0.206720406344374,"ANXA1",1
"GO:0045428","regulation of nitric oxide biosynthetic process","1/27","55/12706",0.0181818181818182,8.55622895622896,2.59149718512632,0.11063528083348,0.255894806035385,0.206720406344374,"HBB",1
"GO:0070228","regulation of lymphocyte apoptotic process","1/27","55/12706",0.0181818181818182,8.55622895622896,2.59149718512632,0.11063528083348,0.255894806035385,0.206720406344374,"LGALS3",1
"GO:0002366","leukocyte activation involved in immune response","2/27","270/12706",0.00740740740740741,3.48587105624143,1.90522748910963,0.111670903562126,0.256513004641948,0.207219807911488,"LGALS3/ANXA1",2
"GO:0006066","alcohol metabolic process","2/27","271/12706",0.00738007380073801,3.47300806341397,1.89895205127329,0.112358174253809,0.256513004641948,0.207219807911488,"FECH/SNCA",2
"GO:0032890","regulation of organic acid transport","1/27","56/12706",0.0178571428571429,8.40343915343915,2.56217611317347,0.112533379593855,0.256513004641948,0.207219807911488,"SNCA",1
"GO:0097479","synaptic vesicle localization","1/27","56/12706",0.0178571428571429,8.40343915343915,2.56217611317347,0.112533379593855,0.256513004641948,0.207219807911488,"SNCA",1
"GO:1903078","positive regulation of protein localization to plasma membrane","1/27","56/12706",0.0178571428571429,8.40343915343915,2.56217611317347,0.112533379593855,0.256513004641948,0.207219807911488,"LGALS3",1
"GO:1990874","vascular associated smooth muscle cell proliferation","1/27","56/12706",0.0178571428571429,8.40343915343915,2.56217611317347,0.112533379593855,0.256513004641948,0.207219807911488,"HPGD",1
"GO:0046651","lymphocyte proliferation","2/27","272/12706",0.00735294117647059,3.46023965141612,1.89270596156035,0.113046603548633,0.256513004641948,0.207219807911488,"LGALS3/ANXA1",2
"GO:0000209","protein polyubiquitination","2/27","273/12706",0.00732600732600733,3.44756478089811,1.88648895942805,0.113736183898339,0.256513004641948,0.207219807911488,"UBE2C/UBE2L6",2
"GO:0002263","cell activation involved in immune response","2/27","273/12706",0.00732600732600733,3.44756478089811,1.88648895942805,0.113736183898339,0.256513004641948,0.207219807911488,"LGALS3/ANXA1",2
"GO:0010038","response to metal ion","2/27","273/12706",0.00732600732600733,3.44756478089811,1.88648895942805,0.113736183898339,0.256513004641948,0.207219807911488,"FECH/SNCA",2
"GO:0002711","positive regulation of T cell mediated immunity","1/27","57/12706",0.0175438596491228,8.25601039636127,2.53357604257775,0.114427577123575,0.256513004641948,0.207219807911488,"RSAD2",1
"GO:0031146","SCF-dependent proteasomal ubiquitin-dependent protein catabolic process","1/27","57/12706",0.0175438596491228,8.25601039636127,2.53357604257775,0.114427577123575,0.256513004641948,0.207219807911488,"UBE2C",1
"GO:0031648","protein destabilization","1/27","57/12706",0.0175438596491228,8.25601039636127,2.53357604257775,0.114427577123575,0.256513004641948,0.207219807911488,"SNCA",1
"GO:0010965","regulation of mitotic sister chromatid separation","1/27","58/12706",0.0172413793103448,8.11366538952746,2.5056662152638,0.116317881133194,0.257697226117099,0.208176461734743,"UBE2C",1
"GO:0035924","cellular response to vascular endothelial growth factor stimulus","1/27","58/12706",0.0172413793103448,8.11366538952746,2.5056662152638,0.116317881133194,0.257697226117099,0.208176461734743,"ANXA1",1
"GO:0045806","negative regulation of endocytosis","1/27","58/12706",0.0172413793103448,8.11366538952746,2.5056662152638,0.116317881133194,0.257697226117099,0.208176461734743,"LGALS3",1
"GO:0070509","calcium ion import","1/27","58/12706",0.0172413793103448,8.11366538952746,2.5056662152638,0.116317881133194,0.257697226117099,0.208176461734743,"LGALS3",1
"GO:2000379","positive regulation of reactive oxygen species metabolic process","1/27","58/12706",0.0172413793103448,8.11366538952746,2.5056662152638,0.116317881133194,0.257697226117099,0.208176461734743,"SNCA",1
"GO:0032943","mononuclear cell proliferation","2/27","278/12706",0.00719424460431655,3.38555822009059,1.85583137027476,0.117201089002612,0.258247730151096,0.208621177355843,"LGALS3/ANXA1",2
"GO:0032496","response to lipopolysaccharide","2/27","279/12706",0.00716845878136201,3.37342360281428,1.84978360235615,0.117897418543809,0.258247730151096,0.208621177355843,"HPGD/SNCA",2
"GO:0031113","regulation of microtubule polymerization","1/27","59/12706",0.0169491525423729,7.97614563716259,2.47841769391425,0.118204299318631,0.258247730151096,0.208621177355843,"SNCA",1
"GO:0048255","mRNA stabilization","1/27","59/12706",0.0169491525423729,7.97614563716259,2.47841769391425,0.118204299318631,0.258247730151096,0.208621177355843,"TENT5C",1
"GO:0051279","regulation of release of sequestered calcium ion into cytosol","1/27","59/12706",0.0169491525423729,7.97614563716259,2.47841769391425,0.118204299318631,0.258247730151096,0.208621177355843,"SNCA",1
"GO:0080164","regulation of nitric oxide metabolic process","1/27","59/12706",0.0169491525423729,7.97614563716259,2.47841769391425,0.118204299318631,0.258247730151096,0.208621177355843,"HBB",1
"GO:0045787","positive regulation of cell cycle","2/27","280/12706",0.00714285714285714,3.36137566137566,1.8437631872067,0.118594846988549,0.258503975233104,0.208828180726865,"ANXA1/UBE2C",2
"GO:0002460","adaptive immune response based on somatic recombination of immune receptors built from immunoglobulin superfamily domains","2/27","281/12706",0.00711743772241993,3.34941347040991,1.8377698891058,0.119293366983939,0.258774829238488,0.209046985676135,"ANXA1/RSAD2",2
"GO:0051607","defense response to virus","2/27","281/12706",0.00711743772241993,3.34941347040991,1.8377698891058,0.119293366983939,0.258774829238488,0.209046985676135,"RSAD2/ISG20",2
"GO:0008344","adult locomotory behavior","1/27","60/12706",0.0166666666666667,7.84320987654321,2.45180322532457,0.120086839361201,0.258774829238488,0.209046985676135,"SNCA",1
"GO:0015837","amine transport","1/27","60/12706",0.0166666666666667,7.84320987654321,2.45180322532457,0.120086839361201,0.258774829238488,0.209046985676135,"SNCA",1
"GO:0045913","positive regulation of carbohydrate metabolic process","1/27","60/12706",0.0166666666666667,7.84320987654321,2.45180322532457,0.120086839361201,0.258774829238488,0.209046985676135,"SNCA",1
"GO:0006576","biogenic amine metabolic process","1/27","61/12706",0.0163934426229508,7.71463266545234,2.42579711610157,0.121965508927646,0.259561601302683,0.209682566535827,"SNCA",1
"GO:0032272","negative regulation of protein polymerization","1/27","61/12706",0.0163934426229508,7.71463266545234,2.42579711610157,0.121965508927646,0.259561601302683,0.209682566535827,"SNCA",1
"GO:0051306","mitotic sister chromatid separation","1/27","61/12706",0.0163934426229508,7.71463266545234,2.42579711610157,0.121965508927646,0.259561601302683,0.209682566535827,"UBE2C",1
"GO:0097352","autophagosome maturation","1/27","61/12706",0.0163934426229508,7.71463266545234,2.42579711610157,0.121965508927646,0.259561601302683,0.209682566535827,"MAP1LC3B2",1
"GO:0140962","multicellular organismal-level chemical homeostasis","1/27","61/12706",0.0163934426229508,7.71463266545234,2.42579711610157,0.121965508927646,0.259561601302683,0.209682566535827,"FECH",1
"GO:0030217","T cell differentiation","2/27","285/12706",0.00701754385964912,3.30240415854451,1.81406325276505,0.122098216257605,0.259561601302683,0.209682566535827,"ANXA1/RSAD2",2
"GO:0006879","intracellular iron ion homeostasis","1/27","62/12706",0.0161290322580645,7.59020310633214,2.40037511940832,0.123840315670149,0.262674750277939,0.212197472684748,"ALAS2",1
"GO:0046635","positive regulation of alpha-beta T cell activation","1/27","63/12706",0.0158730158730159,7.46972369194591,2.3755143316129,0.125711267226373,0.265452809812832,0.21444168234574,"ANXA1",1
"GO:0097006","regulation of plasma lipoprotein particle levels","1/27","63/12706",0.0158730158730159,7.46972369194591,2.3755143316129,0.125711267226373,0.265452809812832,0.21444168234574,"FECH",1
"GO:0007585","respiratory gaseous exchange by respiratory system","1/27","64/12706",0.015625,7.35300925925926,2.35119309783282,0.127578371219483,0.268198087052513,0.216659409369227,"BPGM",1
"GO:0034248","regulation of amide metabolic process","1/27","64/12706",0.015625,7.35300925925926,2.35119309783282,0.127578371219483,0.268198087052513,0.216659409369227,"SNCA",1
"GO:0043269","regulation of monoatomic ion transport","2/27","295/12706",0.00677966101694915,3.19045825486503,1.75658559498232,0.129183199171919,0.270911033084576,0.218851018158898,"LGALS3/SNCA",2
"GO:0030593","neutrophil chemotaxis","1/27","65/12706",0.0153846153846154,7.23988603988604,2.3273909254835,0.129441635258169,0.270911033084576,0.218851018158898,"LGALS3",1
"GO:0002237","response to molecule of bacterial origin","2/27","296/12706",0.00675675675675676,3.17967967967968,1.75097262412119,0.129897226342805,0.271264406446563,0.219136485011912,"HPGD/SNCA",2
"GO:0006809","nitric oxide biosynthetic process","1/27","66/12706",0.0151515151515152,7.13019079685746,2.30408840504085,0.131301066936679,0.272392125706355,0.220047494450667,"HBB",1
"GO:0046928","regulation of neurotransmitter secretion","1/27","66/12706",0.0151515151515152,7.13019079685746,2.30408840504085,0.131301066936679,0.272392125706355,0.220047494450667,"SNCA",1
"GO:0070527","platelet aggregation","1/27","66/12706",0.0151515151515152,7.13019079685746,2.30408840504085,0.131301066936679,0.272392125706355,0.220047494450667,"HBB",1
"GO:0006887","exocytosis","2/27","300/12706",0.00666666666666667,3.13728395061728,1.72875591607914,0.132763037073127,0.27383959445164,0.221216808247347,"ANXA1/SNCA",2
"GO:0042776","proton motive force-driven mitochondrial ATP synthesis","1/27","67/12706",0.0149253731343284,7.02377003869541,2.28126713731663,0.133156673834836,0.27383959445164,0.221216808247347,"MT-ATP8",1
"GO:0043279","response to alkaloid","1/27","67/12706",0.0149253731343284,7.02377003869541,2.28126713731663,0.133156673834836,0.27383959445164,0.221216808247347,"SNCA",1
"GO:0050854","regulation of antigen receptor-mediated signaling pathway","1/27","67/12706",0.0149253731343284,7.02377003869541,2.28126713731663,0.133156673834836,0.27383959445164,0.221216808247347,"LGALS3",1
"GO:1990778","protein localization to cell periphery","2/27","303/12706",0.0066006600660066,3.10622173328444,1.71233505641195,0.134922388929262,0.275254324327799,0.222359674487574,"LGALS3/SNCA",2
"GO:0009308","amine metabolic process","1/27","68/12706",0.0147058823529412,6.92047930283224,2.25890966662272,0.135008463518075,0.275254324327799,0.222359674487574,"SNCA",1
"GO:0048488","synaptic vesicle endocytosis","1/27","68/12706",0.0147058823529412,6.92047930283224,2.25890966662272,0.135008463518075,0.275254324327799,0.222359674487574,"SNCA",1
"GO:1902373","negative regulation of mRNA catabolic process","1/27","68/12706",0.0147058823529412,6.92047930283224,2.25890966662272,0.135008463518075,0.275254324327799,0.222359674487574,"TENT5C",1
"GO:0006816","calcium ion transport","2/27","304/12706",0.00657894736842105,3.09600389863548,1.70690649232333,0.135644039912153,0.275955401627735,0.222926028242723,"LGALS3/SNCA",2
"GO:0070661","leukocyte proliferation","2/27","305/12706",0.00655737704918033,3.08585306618093,1.70150015863783,0.136366613073575,0.27604732534422,0.223000287303776,"LGALS3/ANXA1",2
"GO:0009123","nucleoside monophosphate metabolic process","1/27","69/12706",0.0144927536231884,6.82018250134192,2.23699941926864,0.136856443537462,0.27604732534422,0.223000287303776,"ATIC",1
"GO:0018958","phenol-containing compound metabolic process","1/27","69/12706",0.0144927536231884,6.82018250134192,2.23699941926864,0.136856443537462,0.27604732534422,0.223000287303776,"SNCA",1
"GO:0046637","regulation of alpha-beta T cell differentiation","1/27","69/12706",0.0144927536231884,6.82018250134192,2.23699941926864,0.136856443537462,0.27604732534422,0.223000287303776,"ANXA1",1
"GO:0045921","positive regulation of exocytosis","1/27","70/12706",0.0142857142857143,6.72275132275132,2.21552064689605,0.138700621429722,0.277988957357027,0.224568802760878,"SNCA",1
"GO:0060291","long-term synaptic potentiation","1/27","70/12706",0.0142857142857143,6.72275132275132,2.21552064689605,0.138700621429722,0.277988957357027,0.224568802760878,"SNCA",1
"GO:2000514","regulation of CD4-positive, alpha-beta T cell activation","1/27","70/12706",0.0142857142857143,6.72275132275132,2.21552064689605,0.138700621429722,0.277988957357027,0.224568802760878,"ANXA1",1
"GO:0009410","response to xenobiotic stimulus","2/27","310/12706",0.00645161290322581,3.03608124253286,1.67479587269936,0.139993075464673,0.279310484164985,0.22563637643683,"FECH/SNCA",2
"GO:0032637","interleukin-8 production","1/27","71/12706",0.0140845070422535,6.62806468440271,2.1944583742067,0.140541004717265,0.279310484164985,0.22563637643683,"ANXA1",1
"GO:0032677","regulation of interleukin-8 production","1/27","71/12706",0.0140845070422535,6.62806468440271,2.1944583742067,0.140541004717265,0.279310484164985,0.22563637643683,"ANXA1",1
"GO:1905818","regulation of chromosome separation","1/27","71/12706",0.0140845070422535,6.62806468440271,2.1944583742067,0.140541004717265,0.279310484164985,0.22563637643683,"UBE2C",1
"GO:1901990","regulation of mitotic cell cycle phase transition","2/27","313/12706",0.00638977635782748,3.00698142231689,1.65902913224935,0.142179589350373,0.280129476286692,0.226297985739555,"ANXA1/UBE2C",2
"GO:0140238","presynaptic endocytosis","1/27","72/12706",0.0138888888888889,6.53600823045267,2.17379835068652,0.142377600908214,0.280129476286692,0.226297985739555,"SNCA",1
"GO:1901568","fatty acid derivative metabolic process","1/27","72/12706",0.0138888888888889,6.53600823045267,2.17379835068652,0.142377600908214,0.280129476286692,0.226297985739555,"HPGD",1
"GO:0006401","RNA catabolic process","2/27","315/12706",0.00634920634920635,2.98788947677837,1.64862184051705,0.143641586663738,0.280129476286692,0.226297985739555,"TENT5C/ISG20",2
"GO:0014812","muscle cell migration","1/27","73/12706",0.0136986301369863,6.44647387113141,2.15352700596947,0.144210417496426,0.280129476286692,0.226297985739555,"ANXA1",1
"GO:0015986","proton motive force-driven ATP synthesis","1/27","73/12706",0.0136986301369863,6.44647387113141,2.15352700596947,0.144210417496426,0.280129476286692,0.226297985739555,"MT-ATP8",1
"GO:0043112","receptor metabolic process","1/27","73/12706",0.0136986301369863,6.44647387113141,2.15352700596947,0.144210417496426,0.280129476286692,0.226297985739555,"SNCA",1
"GO:0044344","cellular response to fibroblast growth factor stimulus","1/27","73/12706",0.0136986301369863,6.44647387113141,2.15352700596947,0.144210417496426,0.280129476286692,0.226297985739555,"SNCA",1
"GO:0048661","positive regulation of smooth muscle cell proliferation","1/27","73/12706",0.0136986301369863,6.44647387113141,2.15352700596947,0.144210417496426,0.280129476286692,0.226297985739555,"HPGD",1
"GO:0060079","excitatory postsynaptic potential","1/27","73/12706",0.0136986301369863,6.44647387113141,2.15352700596947,0.144210417496426,0.280129476286692,0.226297985739555,"SNCA",1
"GO:1905477","positive regulation of protein localization to membrane","1/27","73/12706",0.0136986301369863,6.44647387113141,2.15352700596947,0.144210417496426,0.280129476286692,0.226297985739555,"LGALS3",1
"GO:0000245","spliceosomal complex assembly","1/27","74/12706",0.0135135135135135,6.35935935935936,2.13363140852098,0.146039461961525,0.281945573501231,0.227765089976514,"SNRPD3",1
"GO:0043489","RNA stabilization","1/27","74/12706",0.0135135135135135,6.35935935935936,2.13363140852098,0.146039461961525,0.281945573501231,0.227765089976514,"TENT5C",1
"GO:0046209","nitric oxide metabolic process","1/27","74/12706",0.0135135135135135,6.35935935935936,2.13363140852098,0.146039461961525,0.281945573501231,0.227765089976514,"HBB",1
"GO:0050900","leukocyte migration","2/27","319/12706",0.00626959247648903,2.95042377800999,1.62805087281777,0.146575716813576,0.282404537893366,0.228135856804922,"LGALS3/ANXA1",2
"GO:0070227","lymphocyte apoptotic process","1/27","75/12706",0.0133333333333333,6.27456790123457,2.11409922735282,0.147864741768922,0.284309036002846,0.229674374249545,"LGALS3",1
"GO:0015711","organic anion transport","2/27","323/12706",0.00619195046439629,2.91388602224516,1.60779661953783,0.149523015448616,0.28550362388941,0.230639402407602,"ANXA1/SNCA",2
"GO:2001057","reactive nitrogen species metabolic process","1/27","76/12706",0.0131578947368421,6.19200779727095,2.09491869650982,0.149686264369844,0.28550362388941,0.230639402407602,"HBB",1
"GO:0002720","positive regulation of cytokine production involved in immune response","1/27","77/12706",0.012987012987013,6.11159211159211,2.07607858209416,0.151504037201357,0.28550362388941,0.230639402407602,"RSAD2",1
"GO:0006835","dicarboxylic acid transport","1/27","77/12706",0.012987012987013,6.11159211159211,2.07607858209416,0.151504037201357,0.28550362388941,0.230639402407602,"SNCA",1
"GO:0008625","extrinsic apoptotic signaling pathway via death domain receptors","1/27","77/12706",0.012987012987013,6.11159211159211,2.07607858209416,0.151504037201357,0.28550362388941,0.230639402407602,"LGALS3",1
"GO:0009581","detection of external stimulus","1/27","77/12706",0.012987012987013,6.11159211159211,2.07607858209416,0.151504037201357,0.28550362388941,0.230639402407602,"FECH",1
"GO:0036465","synaptic vesicle recycling","1/27","77/12706",0.012987012987013,6.11159211159211,2.07607858209416,0.151504037201357,0.28550362388941,0.230639402407602,"SNCA",1
"GO:0051304","chromosome separation","1/27","77/12706",0.012987012987013,6.11159211159211,2.07607858209416,0.151504037201357,0.28550362388941,0.230639402407602,"UBE2C",1
"GO:0051588","regulation of neurotransmitter transport","1/27","77/12706",0.012987012987013,6.11159211159211,2.07607858209416,0.151504037201357,0.28550362388941,0.230639402407602,"SNCA",1
"GO:0071774","response to fibroblast growth factor","1/27","77/12706",0.012987012987013,6.11159211159211,2.07607858209416,0.151504037201357,0.28550362388941,0.230639402407602,"SNCA",1
"GO:0001510","RNA methylation","1/27","78/12706",0.0128205128205128,6.0332383665717,2.05756815161544,0.153318067686396,0.287205726794715,0.232014418218497,"SNRPD3",1
"GO:0009582","detection of abiotic stimulus","1/27","78/12706",0.0128205128205128,6.0332383665717,2.05756815161544,0.153318067686396,0.287205726794715,0.232014418218497,"FECH",1
"GO:0099565","chemical synaptic transmission, postsynaptic","1/27","78/12706",0.0128205128205128,6.0332383665717,2.05756815161544,0.153318067686396,0.287205726794715,0.232014418218497,"SNCA",1
"GO:0021549","cerebellum development","1/27","79/12706",0.0126582278481013,5.95686826066573,2.03937714547506,0.155128363233788,0.288313225184998,0.232909092560708,"ATIC",1
"GO:0043255","regulation of carbohydrate biosynthetic process","1/27","79/12706",0.0126582278481013,5.95686826066573,2.03937714547506,0.155128363233788,0.288313225184998,0.232909092560708,"SNCA",1
"GO:0060840","artery development","1/27","79/12706",0.0126582278481013,5.95686826066573,2.03937714547506,0.155128363233788,0.288313225184998,0.232909092560708,"HPGD",1
"GO:0062208","positive regulation of pattern recognition receptor signaling pathway","1/27","79/12706",0.0126582278481013,5.95686826066573,2.03937714547506,0.155128363233788,0.288313225184998,0.232909092560708,"RSAD2",1
"GO:0042093","T-helper cell differentiation","1/27","80/12706",0.0125,5.88240740740741,2.0214957504112,0.156934931238278,0.289895635154832,0.234187416404149,"ANXA1",1
"GO:0140029","exocytic process","1/27","80/12706",0.0125,5.88240740740741,2.0214957504112,0.156934931238278,0.289895635154832,0.234187416404149,"SNCA",1
"GO:1903037","regulation of leukocyte cell-cell adhesion","2/27","333/12706",0.00600600600600601,2.82638193749305,1.5584860869903,0.156946198531967,0.289895635154832,0.234187416404149,"LGALS3/ANXA1",2
"GO:0050727","regulation of inflammatory response","2/27","334/12706",0.00598802395209581,2.81791971612331,1.55365538042343,0.157692660890984,0.289895635154832,0.234187416404149,"ANXA1/SNCA",2
"GO:0002287","alpha-beta T cell activation involved in immune response","1/27","81/12706",0.0123456790123457,5.80978509373571,2.00391457474696,0.158737779080553,0.289895635154832,0.234187416404149,"ANXA1",1
"GO:0002293","alpha-beta T cell differentiation involved in immune response","1/27","81/12706",0.0123456790123457,5.80978509373571,2.00391457474696,0.158737779080553,0.289895635154832,0.234187416404149,"ANXA1",1
"GO:0002294","CD4-positive, alpha-beta T cell differentiation involved in immune response","1/27","81/12706",0.0123456790123457,5.80978509373571,2.00391457474696,0.158737779080553,0.289895635154832,0.234187416404149,"ANXA1",1
"GO:0016079","synaptic vesicle exocytosis","1/27","81/12706",0.0123456790123457,5.80978509373571,2.00391457474696,0.158737779080553,0.289895635154832,0.234187416404149,"SNCA",1
"GO:0071677","positive regulation of mononuclear cell migration","1/27","81/12706",0.0123456790123457,5.80978509373571,2.00391457474696,0.158737779080553,0.289895635154832,0.234187416404149,"LGALS3",1
"GO:0051262","protein tetramerization","1/27","82/12706",0.0121951219512195,5.73893405600723,1.98662462529864,0.160536914127272,0.292053693777691,0.235930768535222,"SNCA",1
"GO:2001237","negative regulation of extrinsic apoptotic signaling pathway","1/27","82/12706",0.0121951219512195,5.73893405600723,1.98662462529864,0.160536914127272,0.292053693777691,0.235930768535222,"LGALS3",1
"GO:0015695","organic cation transport","1/27","83/12706",0.0120481927710843,5.66979027219991,1.96961728581392,0.162332343731087,0.292484460941612,0.236278756697018,"SNCA",1
"GO:0015908","fatty acid transport","1/27","83/12706",0.0120481927710843,5.66979027219991,1.96961728581392,0.162332343731087,0.292484460941612,0.236278756697018,"ANXA1",1
"GO:0019217","regulation of fatty acid metabolic process","1/27","83/12706",0.0120481927710843,5.66979027219991,1.96961728581392,0.162332343731087,0.292484460941612,0.236278756697018,"SNCA",1
"GO:0034109","homotypic cell-cell adhesion","1/27","83/12706",0.0120481927710843,5.66979027219991,1.96961728581392,0.162332343731087,0.292484460941612,0.236278756697018,"HBB",1
"GO:0043535","regulation of blood vessel endothelial cell migration","1/27","83/12706",0.0120481927710843,5.66979027219991,1.96961728581392,0.162332343731087,0.292484460941612,0.236278756697018,"ANXA1",1
"GO:0009895","negative regulation of catabolic process","2/27","341/12706",0.00586510263929619,2.76007385684805,1.52032955151749,0.162937960799397,0.292484460941612,0.236278756697018,"TENT5C/SNCA",2
"GO:0141188","nucleic acid catabolic process","2/27","341/12706",0.00586510263929619,2.76007385684805,1.52032955151749,0.162937960799397,0.292484460941612,0.236278756697018,"TENT5C/ISG20",2
"GO:0019646","aerobic electron transport chain","1/27","84/12706",0.0119047619047619,5.60229276895944,1.95288429682158,0.164124075230672,0.292945990883427,0.236651596062499,"SNCA",1
"GO:1902369","negative regulation of RNA catabolic process","1/27","84/12706",0.0119047619047619,5.60229276895944,1.95288429682158,0.164124075230672,0.292945990883427,0.236651596062499,"TENT5C",1
"GO:1990266","neutrophil migration","1/27","84/12706",0.0119047619047619,5.60229276895944,1.95288429682158,0.164124075230672,0.292945990883427,0.236651596062499,"LGALS3",1
"GO:0016032","viral process","2/27","343/12706",0.00583090379008746,2.74398013173523,1.51096141555505,0.164442885427608,0.292962277993441,0.236664753336195,"RSAD2/ISG20",2
"GO:0050863","regulation of T cell activation","2/27","344/12706",0.00581395348837209,2.73600344530577,1.50630233826913,0.165196362371432,0.293369834933469,0.236993991500722,"LGALS3/ANXA1",2
"GO:0032355","response to estradiol","1/27","85/12706",0.0117647058823529,5.53638344226579,1.93641773678464,0.165912115950746,0.293369834933469,0.236993991500722,"HPGD",1
"GO:0043648","dicarboxylic acid metabolic process","1/27","85/12706",0.0117647058823529,5.53638344226579,1.93641773678464,0.165912115950746,0.293369834933469,0.236993991500722,"ATIC",1
"GO:0060078","regulation of postsynaptic membrane potential","1/27","85/12706",0.0117647058823529,5.53638344226579,1.93641773678464,0.165912115950746,0.293369834933469,0.236993991500722,"SNCA",1
"GO:0002709","regulation of T cell mediated immunity","1/27","86/12706",0.0116279069767442,5.47200689061154,1.9202100044584,0.167696473202099,0.294871493771721,0.238207081871892,"RSAD2",1
"GO:0019751","polyol metabolic process","1/27","86/12706",0.0116279069767442,5.47200689061154,1.9202100044584,0.167696473202099,0.294871493771721,0.238207081871892,"SNCA",1
"GO:0022037","metencephalon development","1/27","86/12706",0.0116279069767442,5.47200689061154,1.9202100044584,0.167696473202099,0.294871493771721,0.238207081871892,"ATIC",1
"GO:0016050","vesicle organization","2/27","348/12706",0.00574712643678161,2.70455512984249,1.48782994181981,0.168216896225444,0.295237817865064,0.238503010760028,"ANXA1/SNCA",2
"GO:0002292","T cell differentiation involved in immune response","1/27","87/12706",0.0114942528735632,5.40911025968497,1.90425380236328,0.169477154281619,0.295803298801498,0.238959825225201,"ANXA1",1
"GO:0090130","tissue migration","1/27","87/12706",0.0114942528735632,5.40911025968497,1.90425380236328,0.169477154281619,0.295803298801498,0.238959825225201,"ACTA1",1
"GO:1904064","positive regulation of cation transmembrane transport","1/27","87/12706",0.0114942528735632,5.40911025968497,1.90425380236328,0.169477154281619,0.295803298801498,0.238959825225201,"SNCA",1
"GO:0030071","regulation of mitotic metaphase/anaphase transition","1/27","88/12706",0.0113636363636364,5.3476430976431,1.88854212129012,0.171254166472316,0.298354404204071,0.241020693726667,"UBE2C",1
"GO:0006935","chemotaxis","2/27","353/12706",0.0056657223796034,2.66624698352744,1.46509985050334,0.172007032827761,0.298566335880848,0.24119189924279,"LGALS3/ANXA1",2
"GO:0042330","taxis","2/27","353/12706",0.0056657223796034,2.66624698352744,1.46509985050334,0.172007032827761,0.298566335880848,0.24119189924279,"LGALS3/ANXA1",2
"GO:0006096","glycolytic process","1/27","89/12706",0.0112359550561798,5.28755722014149,1.87306822576235,0.173027517043345,0.299239545014634,0.2417357401587,"BPGM",1
"GO:1902099","regulation of metaphase/anaphase transition of cell cycle","1/27","89/12706",0.0112359550561798,5.28755722014149,1.87306822576235,0.173027517043345,0.299239545014634,0.2417357401587,"UBE2C",1
"GO:0006637","acyl-CoA metabolic process","1/27","90/12706",0.0111111111111111,5.22880658436214,1.85782564038612,0.174797213250037,0.299637806857037,0.242057469431633,"SNCA",1
"GO:0035383","thioester metabolic process","1/27","90/12706",0.0111111111111111,5.22880658436214,1.85782564038612,0.174797213250037,0.299637806857037,0.242057469431633,"SNCA",1
"GO:0042102","positive regulation of T cell proliferation","1/27","90/12706",0.0111111111111111,5.22880658436214,1.85782564038612,0.174797213250037,0.299637806857037,0.242057469431633,"ANXA1",1
"GO:1903312","negative regulation of mRNA metabolic process","1/27","90/12706",0.0111111111111111,5.22880658436214,1.85782564038612,0.174797213250037,0.299637806857037,0.242057469431633,"TENT5C",1
"GO:0042060","wound healing","2/27","357/12706",0.00560224089635854,2.63637306774562,1.44719566065081,0.175050266058634,0.299637806857037,0.242057469431633,"HBB/ANXA1",2
"GO:0000423","mitophagy","1/27","91/12706",0.010989010989011,5.17134717134717,1.8428081370247,0.176563262333918,0.299637806857037,0.242057469431633,"MAP1LC3B2",1
"GO:0031110","regulation of microtubule polymerization or depolymerization","1/27","91/12706",0.010989010989011,5.17134717134717,1.8428081370247,0.176563262333918,0.299637806857037,0.242057469431633,"SNCA",1
"GO:0042773","ATP synthesis coupled electron transport","1/27","91/12706",0.010989010989011,5.17134717134717,1.8428081370247,0.176563262333918,0.299637806857037,0.242057469431633,"SNCA",1
"GO:0042775","mitochondrial ATP synthesis coupled electron transport","1/27","91/12706",0.010989010989011,5.17134717134717,1.8428081370247,0.176563262333918,0.299637806857037,0.242057469431633,"SNCA",1
"GO:0007091","metaphase/anaphase transition of mitotic cell cycle","1/27","92/12706",0.0108695652173913,5.11513687600644,1.82800972273914,0.17832567152274,0.299637806857037,0.242057469431633,"UBE2C",1
"GO:0010595","positive regulation of endothelial cell migration","1/27","92/12706",0.0108695652173913,5.11513687600644,1.82800972273914,0.17832567152274,0.299637806857037,0.242057469431633,"ANXA1",1
"GO:0014902","myotube differentiation","1/27","92/12706",0.0108695652173913,5.11513687600644,1.82800972273914,0.17832567152274,0.299637806857037,0.242057469431633,"ACTA1",1
"GO:0019364","pyridine nucleotide catabolic process","1/27","92/12706",0.0108695652173913,5.11513687600644,1.82800972273914,0.17832567152274,0.299637806857037,0.242057469431633,"BPGM",1
"GO:0030216","keratinocyte differentiation","1/27","92/12706",0.0108695652173913,5.11513687600644,1.82800972273914,0.17832567152274,0.299637806857037,0.242057469431633,"ANXA1",1
"GO:0046032","ADP catabolic process","1/27","92/12706",0.0108695652173913,5.11513687600644,1.82800972273914,0.17832567152274,0.299637806857037,0.242057469431633,"BPGM",1
"GO:1901655","cellular response to ketone","1/27","92/12706",0.0108695652173913,5.11513687600644,1.82800972273914,0.17832567152274,0.299637806857037,0.242057469431633,"FECH",1
"GO:0034767","positive regulation of monoatomic ion transmembrane transport","1/27","93/12706",0.010752688172043,5.06013540422143,1.81342462844136,0.1800844480305,0.301514182616691,0.243573268698918,"SNCA",1
"GO:0044784","metaphase/anaphase transition of cell cycle","1/27","93/12706",0.010752688172043,5.06013540422143,1.81342462844136,0.1800844480305,0.301514182616691,0.243573268698918,"UBE2C",1
"GO:0007159","leukocyte cell-cell adhesion","2/27","364/12706",0.00549450549450549,2.58567358567359,1.41644080137606,0.18039854900745,0.301514182616691,0.243573268698918,"LGALS3/ANXA1",2
"GO:0009137","purine nucleoside diphosphate catabolic process","1/27","94/12706",0.0106382978723404,5.00630417651694,1.79904729821065,0.18183959905747,0.30285257166966,0.244654464261904,"BPGM",1
"GO:0009181","purine ribonucleoside diphosphate catabolic process","1/27","94/12706",0.0106382978723404,5.00630417651694,1.79904729821065,0.18183959905747,0.30285257166966,0.244654464261904,"BPGM",1
"GO:0023061","signal release","2/27","367/12706",0.00544959128065395,2.56453728933293,1.40347824294463,0.182699093441375,0.303101589308113,0.244855629061634,"ANXA1/SNCA",2
"GO:0008037","cell recognition","1/27","95/12706",0.0105263157894737,4.95360623781676,1.78487237922795,0.183591131790221,0.303101589308113,0.244855629061634,"LGALS3",1
"GO:0010927","cellular component assembly involved in morphogenesis","1/27","95/12706",0.0105263157894737,4.95360623781676,1.78487237922795,0.183591131790221,0.303101589308113,0.244855629061634,"ACTA1",1
"GO:0032989","cellular anatomical entity morphogenesis","1/27","95/12706",0.0105263157894737,4.95360623781676,1.78487237922795,0.183591131790221,0.303101589308113,0.244855629061634,"ACTA1",1
"GO:0072526","pyridine-containing compound catabolic process","1/27","95/12706",0.0105263157894737,4.95360623781676,1.78487237922795,0.183591131790221,0.303101589308113,0.244855629061634,"BPGM",1
"GO:0009615","response to virus","2/27","369/12706",0.00542005420054201,2.55063735822543,1.39490733963577,0.184235487097442,0.303635489188468,0.245286931290561,"RSAD2/ISG20",2
"GO:1902106","negative regulation of leukocyte differentiation","1/27","96/12706",0.0104166666666667,4.90200617283951,1.77089471228627,0.185339053401644,0.304614232382496,0.246077592867132,"ANXA1",1
"GO:0009314","response to radiation","2/27","371/12706",0.00539083557951483,2.53688729160427,1.38639222199186,0.185773987775369,0.304614232382496,0.246077592867132,"DYNLRB1/FECH",2
"GO:0003014","renal system process","1/27","97/12706",0.0103092783505155,4.85147002672776,1.75710932283856,0.187083371050983,0.304614232382496,0.246077592867132,"HBB",1
"GO:0006754","ATP biosynthetic process","1/27","97/12706",0.0103092783505155,4.85147002672776,1.75710932283856,0.187083371050983,0.304614232382496,0.246077592867132,"MT-ATP8",1
"GO:0009191","ribonucleoside diphosphate catabolic process","1/27","97/12706",0.0103092783505155,4.85147002672776,1.75710932283856,0.187083371050983,0.304614232382496,0.246077592867132,"BPGM",1
"GO:0042116","macrophage activation","1/27","97/12706",0.0103092783505155,4.85147002672776,1.75710932283856,0.187083371050983,0.304614232382496,0.246077592867132,"SNCA",1
"GO:0051224","negative regulation of protein transport","1/27","97/12706",0.0103092783505155,4.85147002672776,1.75710932283856,0.187083371050983,0.304614232382496,0.246077592867132,"RSAD2",1
"GO:0009134","nucleoside diphosphate catabolic process","1/27","98/12706",0.0102040816326531,4.80196523053666,1.74351141254731,0.18882409188385,0.30554392709918,0.24682863143875,"BPGM",1
"GO:0044272","sulfur compound biosynthetic process","1/27","98/12706",0.0102040816326531,4.80196523053666,1.74351141254731,0.18882409188385,0.30554392709918,0.24682863143875,"SNCA",1
"GO:0046031","ADP metabolic process","1/27","98/12706",0.0102040816326531,4.80196523053666,1.74351141254731,0.18882409188385,0.30554392709918,0.24682863143875,"BPGM",1
"GO:0043254","regulation of protein-containing complex assembly","2/27","376/12706",0.00531914893617021,2.50315208825847,1.36534380630784,0.189629174536089,0.30554392709918,0.24682863143875,"LGALS3/SNCA",2
"GO:0031398","positive regulation of protein ubiquitination","1/27","99/12706",0.0101010101010101,4.75346053123831,1.73009635130312,0.190561223032258,0.30554392709918,0.24682863143875,"UBE2C",1
"GO:0032612","interleukin-1 production","1/27","99/12706",0.0101010101010101,4.75346053123831,1.73009635130312,0.190561223032258,0.30554392709918,0.24682863143875,"ANXA1",1
"GO:0032652","regulation of interleukin-1 production","1/27","99/12706",0.0101010101010101,4.75346053123831,1.73009635130312,0.190561223032258,0.30554392709918,0.24682863143875,"ANXA1",1
"GO:0046785","microtubule polymerization","1/27","99/12706",0.0101010101010101,4.75346053123831,1.73009635130312,0.190561223032258,0.30554392709918,0.24682863143875,"SNCA",1
"GO:1903707","negative regulation of hemopoiesis","1/27","99/12706",0.0101010101010101,4.75346053123831,1.73009635130312,0.190561223032258,0.30554392709918,0.24682863143875,"ANXA1",1
"GO:0006638","neutral lipid metabolic process","1/27","100/12706",0.01,4.70592592592593,1.71685966968153,0.192294771614644,0.305912347533583,0.2471262538215,"SNCA",1
"GO:0021987","cerebral cortex development","1/27","100/12706",0.01,4.70592592592593,1.71685966968153,0.192294771614644,0.305912347533583,0.2471262538215,"ATIC",1
"GO:0051209","release of sequestered calcium ion into cytosol","1/27","100/12706",0.01,4.70592592592593,1.71685966968153,0.192294771614644,0.305912347533583,0.2471262538215,"SNCA",1
"GO:0070555","response to interleukin-1","1/27","100/12706",0.01,4.70592592592593,1.71685966968153,0.192294771614644,0.305912347533583,0.2471262538215,"SNCA",1
"GO:1903829","positive regulation of protein localization","2/27","380/12706",0.00526315789473684,2.47680311890838,1.34874557654605,0.19272216237989,0.305912347533583,0.2471262538215,"LGALS3/SNCA",2
"GO:0010507","negative regulation of autophagy","1/27","101/12706",0.0099009900990099,4.65933259992666,1.70379705181018,0.194024744735888,0.305912347533583,0.2471262538215,"SNCA",1
"GO:0030534","adult behavior","1/27","101/12706",0.0099009900990099,4.65933259992666,1.70379705181018,0.194024744735888,0.305912347533583,0.2471262538215,"SNCA",1
"GO:0033045","regulation of sister chromatid segregation","1/27","101/12706",0.0099009900990099,4.65933259992666,1.70379705181018,0.194024744735888,0.305912347533583,0.2471262538215,"UBE2C",1
"GO:0051283","negative regulation of sequestering of calcium ion","1/27","101/12706",0.0099009900990099,4.65933259992666,1.70379705181018,0.194024744735888,0.305912347533583,0.2471262538215,"SNCA",1
"GO:0061041","regulation of wound healing","1/27","101/12706",0.0099009900990099,4.65933259992666,1.70379705181018,0.194024744735888,0.305912347533583,0.2471262538215,"ANXA1",1
"GO:0035150","regulation of tube size","1/27","102/12706",0.00980392156862745,4.61365286855483,1.69090432861991,0.195751149487346,0.307098818267047,0.248084724671054,"HBB",1
"GO:0035296","regulation of tube diameter","1/27","102/12706",0.00980392156862745,4.61365286855483,1.69090432861991,0.195751149487346,0.307098818267047,0.248084724671054,"HBB",1
"GO:0097746","blood vessel diameter maintenance","1/27","102/12706",0.00980392156862745,4.61365286855483,1.69090432861991,0.195751149487346,0.307098818267047,0.248084724671054,"HBB",1
"GO:0030098","lymphocyte differentiation","2/27","386/12706",0.00518134715025907,2.43830358856266,1.32423657348271,0.197375586963657,0.308777516244197,0.249440833196047,"ANXA1/RSAD2",2
"GO:0051282","regulation of sequestering of calcium ion","1/27","103/12706",0.00970873786407767,4.56886012225818,1.6781774714557,0.19747399294687,0.308777516244197,0.249440833196047,"SNCA",1
"GO:0022904","respiratory electron transport chain","1/27","104/12706",0.00961538461538462,4.52492877492878,1.66561258602499,0.199193282178834,0.310439612753174,0.25078353049828,"SNCA",1
"GO:1903076","regulation of protein localization to plasma membrane","1/27","104/12706",0.00961538461538462,4.52492877492878,1.66561258602499,0.199193282178834,0.310439612753174,0.25078353049828,"LGALS3",1
"GO:0007088","regulation of mitotic nuclear division","1/27","105/12706",0.00952380952380952,4.48183421516755,1.65320590666243,0.200909024234156,0.312085282307901,0.252112957555954,"UBE2C",1
"GO:0043534","blood vessel endothelial cell migration","1/27","105/12706",0.00952380952380952,4.48183421516755,1.65320590666243,0.200909024234156,0.312085282307901,0.252112957555954,"ANXA1",1
"GO:0002708","positive regulation of lymphocyte mediated immunity","1/27","106/12706",0.00943396226415094,4.43955276030748,1.6409537908917,0.202621226150327,0.313714697116546,0.253429253484603,"RSAD2",1
"GO:0009206","purine ribonucleoside triphosphate biosynthetic process","1/27","106/12706",0.00943396226415094,4.43955276030748,1.6409537908917,0.202621226150327,0.313714697116546,0.253429253484603,"MT-ATP8",1
"GO:0009145","purine nucleoside triphosphate biosynthetic process","1/27","107/12706",0.00934579439252336,4.39806161301488,1.62885271426637,0.204329894951434,0.314814463557095,0.25431768169851,"MT-ATP8",1
"GO:0051208","sequestering of calcium ion","1/27","107/12706",0.00934579439252336,4.39806161301488,1.62885271426637,0.204329894951434,0.314814463557095,0.25431768169851,"SNCA",1
"GO:0070936","protein K48-linked ubiquitination","1/27","107/12706",0.00934579439252336,4.39806161301488,1.62885271426637,0.204329894951434,0.314814463557095,0.25431768169851,"UBE2C",1
"GO:0009135","purine nucleoside diphosphate metabolic process","1/27","108/12706",0.00925925925925926,4.35733882030178,1.61689926547301,0.206035037648181,0.315386967014852,0.254780169191925,"BPGM",1
"GO:0009179","purine ribonucleoside diphosphate metabolic process","1/27","108/12706",0.00925925925925926,4.35733882030178,1.61689926547301,0.206035037648181,0.315386967014852,0.254780169191925,"BPGM",1
"GO:0010565","regulation of ketone metabolic process","1/27","108/12706",0.00925925925925926,4.35733882030178,1.61689926547301,0.206035037648181,0.315386967014852,0.254780169191925,"SNCA",1
"GO:1903169","regulation of calcium ion transmembrane transport","1/27","108/12706",0.00925925925925926,4.35733882030178,1.61689926547301,0.206035037648181,0.315386967014852,0.254780169191925,"SNCA",1
"GO:0043603","amide metabolic process","2/27","398/12706",0.0050251256281407,2.36478689745021,1.27655447541965,0.206728568422717,0.315937359818886,0.255224794957729,"HPGDS/SNCA",2
"GO:0000422","autophagy of mitochondrion","1/27","109/12706",0.00917431192660551,4.31736323479443,1.60509014168088,0.207736661237917,0.316025937582423,0.255296351045776,"MAP1LC3B2",1
"GO:0001776","leukocyte homeostasis","1/27","109/12706",0.00917431192660551,4.31736323479443,1.60509014168088,0.207736661237917,0.316025937582423,0.255296351045776,"ANXA1",1
"GO:0002824","positive regulation of adaptive immune response based on somatic recombination of immune receptors built from immunoglobulin superfamily domains","1/27","110/12706",0.00909090909090909,4.27811447811448,1.59342214412374,0.209434772704661,0.316025937582423,0.255296351045776,"RSAD2",1
"GO:0031623","receptor internalization","1/27","110/12706",0.00909090909090909,4.27811447811448,1.59342214412374,0.209434772704661,0.316025937582423,0.255296351045776,"SNCA",1
"GO:0042177","negative regulation of protein catabolic process","1/27","110/12706",0.00909090909090909,4.27811447811448,1.59342214412374,0.209434772704661,0.316025937582423,0.255296351045776,"SNCA",1
"GO:1901987","regulation of cell cycle phase transition","2/27","402/12706",0.00497512437810945,2.34125667956514,1.26103888621317,0.209858721802716,0.316025937582423,0.255296351045776,"ANXA1/UBE2C",2
"GO:0002040","sprouting angiogenesis","1/27","111/12706",0.00900900900900901,4.23957290623957,1.58189217390007,0.211129379019124,0.316025937582423,0.255296351045776,"ANXA1",1
"GO:0002367","cytokine production involved in immune response","1/27","111/12706",0.00900900900900901,4.23957290623957,1.58189217390007,0.211129379019124,0.316025937582423,0.255296351045776,"RSAD2",1
"GO:0002718","regulation of cytokine production involved in immune response","1/27","111/12706",0.00900900900900901,4.23957290623957,1.58189217390007,0.211129379019124,0.316025937582423,0.255296351045776,"RSAD2",1
"GO:0007006","mitochondrial membrane organization","1/27","111/12706",0.00900900900900901,4.23957290623957,1.58189217390007,0.211129379019124,0.316025937582423,0.255296351045776,"SNCA",1
"GO:0045582","positive regulation of T cell differentiation","1/27","111/12706",0.00900900900900901,4.23957290623957,1.58189217390007,0.211129379019124,0.316025937582423,0.255296351045776,"ANXA1",1
"GO:0046165","alcohol biosynthetic process","1/27","111/12706",0.00900900900900901,4.23957290623957,1.58189217390007,0.211129379019124,0.316025937582423,0.255296351045776,"SNCA",1
"GO:1904950","negative regulation of establishment of protein localization","1/27","111/12706",0.00900900900900901,4.23957290623957,1.58189217390007,0.211129379019124,0.316025937582423,0.255296351045776,"RSAD2",1
"GO:0002456","T cell mediated immunity","1/27","112/12706",0.00892857142857143,4.20171957671958,1.57049722797914,0.212820487138734,0.316056798796299,0.255321281769348,"RSAD2",1
"GO:0006090","pyruvate metabolic process","1/27","112/12706",0.00892857142857143,4.20171957671958,1.57049722797914,0.212820487138734,0.316056798796299,0.255321281769348,"BPGM",1
"GO:0009201","ribonucleoside triphosphate biosynthetic process","1/27","112/12706",0.00892857142857143,4.20171957671958,1.57049722797914,0.212820487138734,0.316056798796299,0.255321281769348,"MT-ATP8",1
"GO:0022900","electron transport chain","1/27","112/12706",0.00892857142857143,4.20171957671958,1.57049722797914,0.212820487138734,0.316056798796299,0.255321281769348,"SNCA",1
"GO:0043414","macromolecule methylation","1/27","112/12706",0.00892857142857143,4.20171957671958,1.57049722797914,0.212820487138734,0.316056798796299,0.255321281769348,"SNRPD3",1
"GO:0044772","mitotic cell cycle phase transition","2/27","407/12706",0.00491400491400491,2.31249431249431,1.24189949315606,0.213779427248781,0.316983288679227,0.256069731368776,"ANXA1/UBE2C",2
"GO:0048660","regulation of smooth muscle cell proliferation","1/27","114/12706",0.0087719298245614,4.12800519818064,1.54810085365947,0.216192236556837,0.320059242226554,0.258554589803581,"HPGD",1
"GO:0030003","intracellular monoatomic cation homeostasis","2/27","411/12706",0.0048661800486618,2.28998828512211,1.22678689086798,0.216922029599852,0.320540832895763,0.258943634897434,"ALAS2/SNCA",2
"GO:0006865","amino acid transport","1/27","115/12706",0.00869565217391304,4.09210950080515,1.53709386525768,0.217872891703991,0.320540832895763,0.258943634897434,"SNCA",1
"GO:0034341","response to type II interferon","1/27","115/12706",0.00869565217391304,4.09210950080515,1.53709386525768,0.217872891703991,0.320540832895763,0.258943634897434,"SNCA",1
"GO:0050806","positive regulation of synaptic transmission","1/27","115/12706",0.00869565217391304,4.09210950080515,1.53709386525768,0.217872891703991,0.320540832895763,0.258943634897434,"SNCA",1
"GO:0002821","positive regulation of adaptive immune response","1/27","116/12706",0.00862068965517241,4.05683269476373,1.52621077442653,0.219550076353661,0.321011394483097,0.259323770329062,"RSAD2",1
"GO:0007269","neurotransmitter secretion","1/27","116/12706",0.00862068965517241,4.05683269476373,1.52621077442653,0.219550076353661,0.321011394483097,0.259323770329062,"SNCA",1
"GO:0030902","hindbrain development","1/27","116/12706",0.00862068965517241,4.05683269476373,1.52621077442653,0.219550076353661,0.321011394483097,0.259323770329062,"ATIC",1
"GO:0099643","signal release from synapse","1/27","116/12706",0.00862068965517241,4.05683269476373,1.52621077442653,0.219550076353661,0.321011394483097,0.259323770329062,"SNCA",1
"GO:0043467","regulation of generation of precursor metabolites and energy","1/27","117/12706",0.00854700854700855,4.0221589110478,1.51544900399704,0.221223797397223,0.322461806375614,0.260495461698782,"SNCA",1
"GO:0048659","smooth muscle cell proliferation","1/27","117/12706",0.00854700854700855,4.0221589110478,1.51544900399704,0.221223797397223,0.322461806375614,0.260495461698782,"HPGD",1
"GO:0007519","skeletal muscle tissue development","1/27","118/12706",0.00847457627118644,3.98807281858129,1.5048060524182,0.222894061712918,0.323684541184964,0.261483227885039,"ACTA1",1
"GO:0015718","monocarboxylic acid transport","1/27","118/12706",0.00847457627118644,3.98807281858129,1.5048060524182,0.222894061712918,0.323684541184964,0.261483227885039,"ANXA1",1
"GO:0022407","regulation of cell-cell adhesion","2/27","419/12706",0.00477326968973747,2.2462653584372,1.19707489145751,0.223222059477374,0.323684541184964,0.261483227885039,"LGALS3/ANXA1",2
"GO:0006873","intracellular monoatomic ion homeostasis","2/27","420/12706",0.00476190476190476,2.24091710758377,1.19340781491228,0.224010863072477,0.323684541184964,0.261483227885039,"ALAS2/SNCA",2
"GO:0008203","cholesterol metabolic process","1/27","119/12706",0.00840336134453781,3.95455960161843,1.49427949091219,0.224560876165869,0.323684541184964,0.261483227885039,"FECH",1
"GO:0008277","regulation of G protein-coupled receptor signaling pathway","1/27","119/12706",0.00840336134453781,3.95455960161843,1.49427949091219,0.224560876165869,0.323684541184964,0.261483227885039,"SNCA",1
"GO:0009185","ribonucleoside diphosphate metabolic process","1/27","119/12706",0.00840336134453781,3.95455960161843,1.49427949091219,0.224560876165869,0.323684541184964,0.261483227885039,"BPGM",1
"GO:0008380","RNA splicing","2/27","421/12706",0.00475059382422803,2.23559426409783,1.18975096823254,0.224799940336704,0.323684541184964,0.261483227885039,"LGALS3/SNRPD3",2
"GO:0009142","nucleoside triphosphate biosynthetic process","1/27","120/12706",0.00833333333333333,3.9216049382716,1.48386696075972,0.226224247608113,0.324178100756651,0.261881941859718,"MT-ATP8",1
"GO:0009154","purine ribonucleotide catabolic process","1/27","120/12706",0.00833333333333333,3.9216049382716,1.48386696075972,0.226224247608113,0.324178100756651,0.261881941859718,"BPGM",1
"GO:0002250","adaptive immune response","2/27","423/12706",0.00472813238770686,2.22502407845197,1.18246773316973,0.226378897845698,0.324178100756651,0.261881941859718,"ANXA1/RSAD2",2
"GO:0007292","female gamete generation","1/27","121/12706",0.00826446280991736,3.88919498010407,1.47356617070843,0.227884182878618,0.324178100756651,0.261881941859718,"HPGD",1
"GO:0030168","platelet activation","1/27","121/12706",0.00826446280991736,3.88919498010407,1.47356617070843,0.227884182878618,0.324178100756651,0.261881941859718,"HBB",1
"GO:0055002","striated muscle cell development","1/27","121/12706",0.00826446280991736,3.88919498010407,1.47356617070843,0.227884182878618,0.324178100756651,0.261881941859718,"ACTA1",1
"GO:0071675","regulation of mononuclear cell migration","1/27","121/12706",0.00826446280991736,3.88919498010407,1.47356617070843,0.227884182878618,0.324178100756651,0.261881941859718,"LGALS3",1
"GO:1903322","positive regulation of protein modification by small protein conjugation or removal","1/27","121/12706",0.00826446280991736,3.88919498010407,1.47356617070843,0.227884182878618,0.324178100756651,0.261881941859718,"UBE2C",1
"GO:0051783","regulation of nuclear division","1/27","122/12706",0.00819672131147541,3.85731633272617,1.46337489449778,0.229540688803313,0.32555545968206,0.262994618592606,"UBE2C",1
"GO:1901875","positive regulation of post-translational protein modification","1/27","122/12706",0.00819672131147541,3.85731633272617,1.46337489449778,0.229540688803313,0.32555545968206,0.262994618592606,"UBE2C",1
"GO:0002687","positive regulation of leukocyte migration","1/27","123/12706",0.00813008130081301,3.82595603733815,1.45329096849437,0.231193772195105,0.326431803726222,0.263702558701722,"LGALS3",1
"GO:0031333","negative regulation of protein-containing complex assembly","1/27","123/12706",0.00813008130081301,3.82595603733815,1.45329096849437,0.231193772195105,0.326431803726222,0.263702558701722,"SNCA",1
"GO:0051983","regulation of chromosome segregation","1/27","123/12706",0.00813008130081301,3.82595603733815,1.45329096849437,0.231193772195105,0.326431803726222,0.263702558701722,"UBE2C",1
"GO:0002702","positive regulation of production of molecular mediator of immune response","1/27","124/12706",0.00806451612903226,3.79510155316607,1.4433122894318,0.232843439853909,0.326809931901777,0.264008023323345,"RSAD2",1
"GO:0009132","nucleoside diphosphate metabolic process","1/27","124/12706",0.00806451612903226,3.79510155316607,1.4433122894318,0.232843439853909,0.326809931901777,0.264008023323345,"BPGM",1
"GO:0062013","positive regulation of small molecule metabolic process","1/27","124/12706",0.00806451612903226,3.79510155316607,1.4433122894318,0.232843439853909,0.326809931901777,0.264008023323345,"SNCA",1
"GO:2000377","regulation of reactive oxygen species metabolic process","1/27","124/12706",0.00806451612903226,3.79510155316607,1.4433122894318,0.232843439853909,0.326809931901777,0.264008023323345,"SNCA",1
"GO:0002705","positive regulation of leukocyte mediated immunity","1/27","125/12706",0.008,3.76474074074074,1.43343681224968,0.234489698566669,0.327059146605538,0.264209347319039,"RSAD2",1
"GO:0009261","ribonucleotide catabolic process","1/27","125/12706",0.008,3.76474074074074,1.43343681224968,0.234489698566669,0.327059146605538,0.264209347319039,"BPGM",1
"GO:0039531","regulation of cytoplasmic pattern recognition receptor signaling pathway","1/27","125/12706",0.008,3.76474074074074,1.43343681224968,0.234489698566669,0.327059146605538,0.264209347319039,"RSAD2",1
"GO:0051963","regulation of synapse assembly","1/27","125/12706",0.008,3.76474074074074,1.43343681224968,0.234489698566669,0.327059146605538,0.264209347319039,"SNCA",1
"GO:0044089","positive regulation of cellular component biogenesis","2/27","434/12706",0.00460829493087558,2.16862945895204,1.14311714135733,0.235080818667281,0.327059146605538,0.264209347319039,"LGALS3/SNCA",2
"GO:0001819","positive regulation of cytokine production","2/27","435/12706",0.00459770114942529,2.16364410387399,1.13959763579007,0.235873261123944,0.327059146605538,0.264209347319039,"ANXA1/RSAD2",2
"GO:0045621","positive regulation of lymphocyte differentiation","1/27","126/12706",0.00793650793650794,3.73486184597296,1.42366254802677,0.236132555107381,0.327059146605538,0.264209347319039,"ANXA1",1
"GO:1902652","secondary alcohol metabolic process","1/27","126/12706",0.00793650793650794,3.73486184597296,1.42366254802677,0.236132555107381,0.327059146605538,0.264209347319039,"FECH",1
"GO:2000241","regulation of reproductive process","1/27","126/12706",0.00793650793650794,3.73486184597296,1.42366254802677,0.236132555107381,0.327059146605538,0.264209347319039,"HPGDS",1
"GO:0006195","purine nucleotide catabolic process","1/27","127/12706",0.0078740157480315,3.70545348498104,1.41398756200329,0.237772016237119,0.327889690029612,0.264880288151217,"BPGM",1
"GO:0008360","regulation of cell shape","1/27","127/12706",0.0078740157480315,3.70545348498104,1.41398756200329,0.237772016237119,0.327889690029612,0.264880288151217,"ANXA1",1
"GO:0032388","positive regulation of intracellular transport","1/27","127/12706",0.0078740157480315,3.70545348498104,1.41398756200329,0.237772016237119,0.327889690029612,0.264880288151217,"DYNLRB1",1
"GO:0016125","sterol metabolic process","1/27","128/12706",0.0078125,3.67650462962963,1.404409971688,0.239408088704055,0.329186121968076,0.265927589349976,"FECH",1
"GO:0060538","skeletal muscle organ development","1/27","128/12706",0.0078125,3.67650462962963,1.404409971688,0.239408088704055,0.329186121968076,0.265927589349976,"ACTA1",1
"GO:0043524","negative regulation of neuron apoptotic process","1/27","129/12706",0.00775193798449612,3.64800459374103,1.39492794504568,0.241040779243488,0.330950039425748,0.267352541029368,"SNCA",1
"GO:0022613","ribonucleoprotein complex biogenesis","2/27","443/12706",0.00451467268623025,2.12457152412006,1.11177600636831,0.242219922310469,0.33208702392131,0.268271035236309,"SNRPD3/ISG20",2
"GO:0045807","positive regulation of endocytosis","1/27","132/12706",0.00757575757575758,3.56509539842873,1.36703764769319,0.245918626457092,0.33558788156953,0.271099145453966,"SNCA",1
"GO:0050671","positive regulation of lymphocyte proliferation","1/27","132/12706",0.00757575757575758,3.56509539842873,1.36703764769319,0.245918626457092,0.33558788156953,0.271099145453966,"ANXA1",1
"GO:1903034","regulation of response to wounding","1/27","132/12706",0.00757575757575758,3.56509539842873,1.36703764769319,0.245918626457092,0.33558788156953,0.271099145453966,"ANXA1",1
"GO:0006397","mRNA processing","2/27","448/12706",0.00446428571428571,2.10085978835979,1.09468186310285,0.246192378233884,0.33558788156953,0.271099145453966,"LGALS3/SNRPD3",2
"GO:0050852","T cell receptor signaling pathway","1/27","133/12706",0.0075187969924812,3.53829016986912,1.35792050525098,0.247537856382785,0.33693642034261,0.272188540301252,"LGALS3",1
"GO:0008217","regulation of blood pressure","1/27","134/12706",0.00746268656716418,3.51188501934771,1.34889046485417,0.249153737865141,0.338162748953261,0.273179209680725,"HBB",1
"GO:0032946","positive regulation of mononuclear cell proliferation","1/27","134/12706",0.00746268656716418,3.51188501934771,1.34889046485417,0.249153737865141,0.338162748953261,0.273179209680725,"ANXA1",1
"GO:0031109","microtubule polymerization or depolymerization","1/27","135/12706",0.00740740740740741,3.48587105624143,1.339945963169,0.250766277562694,0.339863751539124,0.274553336616673,"SNCA",1
"GO:0060341","regulation of cellular localization","2/27","455/12706",0.0043956043956044,2.06853886853887,1.07111713934741,0.251760150292222,0.340095735166264,0.274740740770789,"LGALS3/DYNLRB1",2
"GO:0006633","fatty acid biosynthetic process","1/27","136/12706",0.00735294117647059,3.46023965141612,1.33108547657297,0.252375482121266,0.340095735166264,0.274740740770789,"HPGDS",1
"GO:0007565","female pregnancy","1/27","136/12706",0.00735294117647059,3.46023965141612,1.33108547657297,0.252375482121266,0.340095735166264,0.274740740770789,"HPGD",1
"GO:0097553","calcium ion transmembrane import into cytosol","1/27","136/12706",0.00735294117647059,3.46023965141612,1.33108547657297,0.252375482121266,0.340095735166264,0.274740740770789,"SNCA",1
"GO:0007346","regulation of mitotic cell cycle","2/27","458/12706",0.00436681222707424,2.0549894873039,1.06114564986871,0.254148298384542,0.341997567954163,0.27627710507925,"ANXA1/UBE2C",2
"GO:0051249","regulation of lymphocyte activation","2/27","459/12706",0.00435729847494553,2.05051238602437,1.05783851923771,0.254944580007373,0.342581779384907,0.276749050665898,"LGALS3/ANXA1",2
"GO:0051494","negative regulation of cytoskeleton organization","1/27","138/12706",0.0072463768115942,3.41009125067096,1.31361064499105,0.255583912341329,0.342953732021131,0.277049526479739,"SNCA",1
"GO:0010594","regulation of endothelial cell migration","1/27","139/12706",0.00719424460431655,3.38555822009059,1.30499343990882,0.257183151231111,0.343839021543646,0.277764693046274,"ANXA1",1
"GO:1902904","negative regulation of supramolecular fiber organization","1/27","139/12706",0.00719424460431655,3.38555822009059,1.30499343990882,0.257183151231111,0.343839021543646,0.277764693046274,"SNCA",1
"GO:0002683","negative regulation of immune system process","2/27","462/12706",0.00432900432900433,2.0371973705307,1.04796662146176,0.257334066863532,0.343839021543646,0.277764693046274,"LGALS3/ANXA1",2
"GO:0000045","autophagosome assembly","1/27","140/12706",0.00714285714285714,3.36137566137566,1.29645452737918,0.25877908143854,0.34450839150312,0.27830543254842,"MAP1LC3B2",1
"GO:0050729","positive regulation of inflammatory response","1/27","140/12706",0.00714285714285714,3.36137566137566,1.29645452737918,0.25877908143854,0.34450839150312,0.27830543254842,"SNCA",1
"GO:0009611","response to wounding","2/27","464/12706",0.00431034482758621,2.02841634738186,1.04142617747676,0.2589275542904,0.34450839150312,0.27830543254842,"HBB/ANXA1",2
"GO:2001236","regulation of extrinsic apoptotic signaling pathway","1/27","141/12706",0.00709219858156028,3.33753611767796,1.28799256389227,0.260371709546225,0.345943310717315,0.279464608413009,"LGALS3",1
"GO:0005975","carbohydrate metabolic process","2/27","469/12706",0.00426439232409382,2.00679143962726,1.02521551859585,0.262912785550814,0.348829586439088,0.281796238739043,"BPGM/SNCA",2
"GO:0009913","epidermal cell differentiation","1/27","143/12706",0.00699300699300699,3.29085729085729,1.27129427229633,0.263547085729949,0.348835653929594,0.281801140261361,"ANXA1",1
"GO:0031349","positive regulation of defense response","2/27","470/12706",0.00425531914893617,2.00252167060678,1.02199713848656,0.263710060728096,0.348835653929594,0.281801140261361,"RSAD2/SNCA",2
"GO:0009411","response to UV","1/27","144/12706",0.00694444444444444,3.26800411522634,1.26305541643366,0.265129846908433,0.348835653929594,0.281801140261361,"FECH",1
"GO:0051347","positive regulation of transferase activity","1/27","144/12706",0.00694444444444444,3.26800411522634,1.26305541643366,0.265129846908433,0.348835653929594,0.281801140261361,"UBE2C",1
"GO:0055001","muscle cell development","1/27","144/12706",0.00694444444444444,3.26800411522634,1.26305541643366,0.265129846908433,0.348835653929594,0.281801140261361,"ACTA1",1
"GO:0072523","purine-containing compound catabolic process","1/27","144/12706",0.00694444444444444,3.26800411522634,1.26305541643366,0.265129846908433,0.348835653929594,0.281801140261361,"BPGM",1
"GO:0034764","positive regulation of transmembrane transport","1/27","145/12706",0.00689655172413793,3.24546615581098,1.25488845217989,0.266709332192104,0.349705277242926,0.282503651138716,"SNCA",1
"GO:2000045","regulation of G1/S transition of mitotic cell cycle","1/27","145/12706",0.00689655172413793,3.24546615581098,1.25488845217989,0.266709332192104,0.349705277242926,0.282503651138716,"ANXA1",1
"GO:1903131","mononuclear cell differentiation","2/27","474/12706",0.00421940928270042,1.98562275355524,1.00920146273336,0.266899799333396,0.349705277242926,0.282503651138716,"ANXA1/RSAD2",2
"GO:0021543","pallium development","1/27","146/12706",0.00684931506849315,3.2232369355657,1.24679218950826,0.268285548100934,0.350549901247906,0.283185966736374,"ATIC",1
"GO:0071248","cellular response to metal ion","1/27","146/12706",0.00684931506849315,3.2232369355657,1.24679218950826,0.268285548100934,0.350549901247906,0.283185966736374,"SNCA",1
"GO:0044703","multi-organism reproductive process","1/27","147/12706",0.00680272108843537,3.20131015369111,1.23876546632212,0.269858501142437,0.350667777583441,0.283281191193478,"HPGD",1
"GO:0070507","regulation of microtubule cytoskeleton organization","1/27","147/12706",0.00680272108843537,3.20131015369111,1.23876546632212,0.269858501142437,0.350667777583441,0.283281191193478,"SNCA",1
"GO:0070665","positive regulation of leukocyte proliferation","1/27","147/12706",0.00680272108843537,3.20131015369111,1.23876546632212,0.269858501142437,0.350667777583441,0.283281191193478,"ANXA1",1
"GO:1905037","autophagosome organization","1/27","147/12706",0.00680272108843537,3.20131015369111,1.23876546632212,0.269858501142437,0.350667777583441,0.283281191193478,"MAP1LC3B2",1
"GO:0009166","nucleotide catabolic process","1/27","148/12706",0.00675675675675676,3.17967967967968,1.230807147612,0.27142819781169,0.352223697023126,0.284538115098241,"BPGM",1
"GO:0048167","regulation of synaptic plasticity","1/27","149/12706",0.00671140939597315,3.15833954760129,1.22291612464354,0.27299464459136,0.35328718711823,0.285397238063686,"SNCA",1
"GO:1905475","regulation of protein localization to membrane","1/27","149/12706",0.00671140939597315,3.15833954760129,1.22291612464354,0.27299464459136,0.35328718711823,0.285397238063686,"LGALS3",1
"GO:0006109","regulation of carbohydrate metabolic process","1/27","150/12706",0.00666666666666667,3.13728395061728,1.21509131417519,0.274557847951719,0.354824759784598,0.286639340829663,"SNCA",1
"GO:0006836","neurotransmitter transport","1/27","151/12706",0.00662251655629139,3.11650723571253,1.20733165770419,0.276117814350676,0.35635395958491,0.287874679713636,"SNCA",1
"GO:0044706","multi-multicellular organism process","1/27","152/12706",0.00657894736842105,3.09600389863548,1.19963612073982,0.277674550233793,0.357874829047913,0.289103289071753,"HPGD",1
"GO:0002757","immune response-activating signaling pathway","2/27","488/12706",0.00409836065573771,1.92865816636308,0.965366999432879,0.278068993479972,0.35789560249259,0.28912007055705,"LGALS3/RSAD2",2
"GO:0045596","negative regulation of cell differentiation","2/27","489/12706",0.00408997955010225,1.9247140801333,0.962290789351297,0.278866926209392,0.358434935046311,0.28955576148172,"ANXA1/TENT5C",2
"GO:0044283","small molecule biosynthetic process","2/27","491/12706",0.00407331975560081,1.91687410424681,0.956159695497348,0.280462784985233,0.359997007592986,0.290817656072669,"HPGDS/SNCA",2
"GO:0009451","RNA modification","1/27","155/12706",0.00645161290322581,3.03608124253286,1.17692422761575,0.282325439059027,0.360918736959243,0.291562259967075,"SNRPD3",1
"GO:0043604","amide biosynthetic process","1/27","155/12706",0.00645161290322581,3.03608124253286,1.17692422761575,0.282325439059027,0.360918736959243,0.291562259967075,"SNCA",1
"GO:0046496","nicotinamide nucleotide metabolic process","1/27","155/12706",0.00645161290322581,3.03608124253286,1.17692422761575,0.282325439059027,0.360918736959243,0.291562259967075,"BPGM",1
"GO:0030855","epithelial cell differentiation","2/27","494/12706",0.00404858299595142,1.90523316839106,0.947015856930004,0.28285650458291,0.361109653624066,0.291716488851754,"LGALS3/ANXA1",2
"GO:0016051","carbohydrate biosynthetic process","1/27","156/12706",0.00641025641025641,3.01661918328585,1.16947527999873,0.283869317088301,0.361427152039747,0.291972974719992,"SNCA",1
"GO:0016052","carbohydrate catabolic process","1/27","156/12706",0.00641025641025641,3.01661918328585,1.16947527999873,0.283869317088301,0.361427152039747,0.291972974719992,"BPGM",1
"GO:0048514","blood vessel morphogenesis","2/27","497/12706",0.00402414486921529,1.8937327669722,0.937934572031853,0.28525005966054,0.362210142870968,0.292605500972875,"HPGD/ANXA1",2
"GO:0071396","cellular response to lipid","2/27","497/12706",0.00402414486921529,1.8937327669722,0.937934572031853,0.28525005966054,0.362210142870968,0.292605500972875,"ANXA1/FECH",2
"GO:0044770","cell cycle phase transition","2/27","498/12706",0.00401606425702811,1.8899300907333,0.934921223005081,0.286047858943542,0.362736292976663,0.293030542673926,"ANXA1/UBE2C",2
"GO:0072524","pyridine-containing compound metabolic process","1/27","161/12706",0.0062111801242236,2.92293535771797,1.1331019999383,0.291540857405155,0.368713437306519,0.297859080321056,"BPGM",1
"GO:1902806","regulation of cell cycle G1/S phase transition","1/27","161/12706",0.0062111801242236,2.92293535771797,1.1331019999383,0.291540857405155,0.368713437306519,0.297859080321056,"ANXA1",1
"GO:0051606","detection of stimulus","1/27","162/12706",0.00617283950617284,2.90489254686786,1.12599557298552,0.293065639936048,0.369653460506002,0.298618462587468,"FECH",1
"GO:1902600","proton transmembrane transport","1/27","162/12706",0.00617283950617284,2.90489254686786,1.12599557298552,0.293065639936048,0.369653460506002,0.298618462587468,"MT-ATP8",1
"GO:0002706","regulation of lymphocyte mediated immunity","1/27","163/12706",0.00613496932515337,2.88707112019995,1.11894328706272,0.294587262043967,0.37009236373651,0.298973023336716,"RSAD2",1
"GO:0033002","muscle cell proliferation","1/27","163/12706",0.00613496932515337,2.88707112019995,1.11894328706272,0.294587262043967,0.37009236373651,0.298973023336716,"HPGD",1
"GO:0043488","regulation of mRNA stability","1/27","163/12706",0.00613496932515337,2.88707112019995,1.11894328706272,0.294587262043967,0.37009236373651,0.298973023336716,"TENT5C",1
"GO:0009267","cellular response to starvation","1/27","167/12706",0.00598802395209581,2.81791971612331,1.0912599083644,0.300642272048745,0.376698793851805,0.304309919145889,"MAP1LC3B2",1
"GO:0045580","regulation of T cell differentiation","1/27","167/12706",0.00598802395209581,2.81791971612331,1.0912599083644,0.300642272048745,0.376698793851805,0.304309919145889,"ANXA1",1
"GO:0002700","regulation of production of molecular mediator of immune response","1/27","169/12706",0.00591715976331361,2.78457155380232,1.0777231734265,0.303650977720355,0.378962829714322,0.306138883245352,"RSAD2",1
"GO:0032271","regulation of protein polymerization","1/27","169/12706",0.00591715976331361,2.78457155380232,1.0777231734265,0.303650977720355,0.378962829714322,0.306138883245352,"SNCA",1
"GO:1901292","nucleoside phosphate catabolic process","1/27","169/12706",0.00591715976331361,2.78457155380232,1.0777231734265,0.303650977720355,0.378962829714322,0.306138883245352,"BPGM",1
"GO:0051651","maintenance of location in cell","1/27","172/12706",0.00581395348837209,2.73600344530577,1.057783228544,0.30814067737791,0.383554053683557,0.309847827945101,"SNCA",1
"GO:1901654","response to ketone","1/27","172/12706",0.00581395348837209,2.73600344530577,1.057783228544,0.30814067737791,0.383554053683557,0.309847827945101,"FECH",1
"GO:1902107","positive regulation of leukocyte differentiation","1/27","174/12706",0.00574712643678161,2.70455512984249,1.04472550885728,0.311118310289085,0.386243991513746,0.312020849937665,"ANXA1",1
"GO:1903708","positive regulation of hemopoiesis","1/27","174/12706",0.00574712643678161,2.70455512984249,1.04472550885728,0.311118310289085,0.386243991513746,0.312020849937665,"ANXA1",1
"GO:0007179","transforming growth factor beta receptor signaling pathway","1/27","175/12706",0.00571428571428571,2.68910052910053,1.03826538014087,0.312602495225424,0.387577929860093,0.313098450070577,"HPGD",1
"GO:0031032","actomyosin structure organization","1/27","176/12706",0.00568181818181818,2.67382154882155,1.03185023862205,0.314083600694175,0.388396191185215,0.313759469011312,"ACTA1",1
"GO:0062207","regulation of pattern recognition receptor signaling pathway","1/27","176/12706",0.00568181818181818,2.67382154882155,1.03185023862205,0.314083600694175,0.388396191185215,0.313759469011312,"RSAD2",1
"GO:0007416","synapse assembly","1/27","177/12706",0.00564971751412429,2.65871521238753,1.02547947431854,0.315561632839526,0.389206394610419,0.314413978510253,"SNCA",1
"GO:0042180","ketone metabolic process","1/27","177/12706",0.00564971751412429,2.65871521238753,1.02547947431854,0.315561632839526,0.389206394610419,0.314413978510253,"SNCA",1
"GO:0043487","regulation of RNA stability","1/27","178/12706",0.00561797752808989,2.64377861007074,1.01915248902943,0.317036597793899,0.390008610550101,0.31506203545051,"TENT5C",1
"GO:0099504","synaptic vesicle cycle","1/27","178/12706",0.00561797752808989,2.64377861007074,1.01915248902943,0.317036597793899,0.390008610550101,0.31506203545051,"SNCA",1
"GO:0051235","maintenance of location","1/27","179/12706",0.00558659217877095,2.62900889716532,1.01286869604184,0.318508501677963,0.39080290867361,0.31570369611332,"SNCA",1
"GO:0061013","regulation of mRNA catabolic process","1/27","179/12706",0.00558659217877095,2.62900889716532,1.01286869604184,0.318508501677963,0.39080290867361,0.31570369611332,"TENT5C",1
"GO:0072330","monocarboxylic acid biosynthetic process","1/27","180/12706",0.00555555555555556,2.61440329218107,1.00662751984638,0.319977350600666,0.392096598015842,0.316748781750864,"HPGDS",1
"GO:0031396","regulation of protein ubiquitination","1/27","181/12706",0.00552486187845304,2.5999590750972,1.00042839586137,0.321443150659247,0.392874961916857,0.317377570214352,"UBE2C",1
"GO:1903828","negative regulation of protein localization","1/27","181/12706",0.00552486187845304,2.5999590750972,1.00042839586137,0.321443150659247,0.392874961916857,0.317377570214352,"RSAD2",1
"GO:0050851","antigen receptor-mediated signaling pathway","1/27","182/12706",0.00549450549450549,2.58567358567359,0.99427077016522,0.322905907939263,0.39415353407812,0.318410443686119,"LGALS3",1
"GO:0045055","regulated exocytosis","1/27","183/12706",0.00546448087431694,2.57154422181745,0.988154099236868,0.324365628514609,0.395425108988171,0.319437664543687,"SNCA",1
"GO:0000070","mitotic sister chromatid segregation","1/27","186/12706",0.00537634408602151,2.53006770211071,0.97004453061861,0.328726630577106,0.399198193229708,0.322485688533179,"UBE2C",1
"GO:0043542","endothelial cell migration","1/27","186/12706",0.00537634408602151,2.53006770211071,0.97004453061861,0.328726630577106,0.399198193229708,0.322485688533179,"ANXA1",1
"GO:0051650","establishment of vesicle localization","1/27","186/12706",0.00537634408602151,2.53006770211071,0.97004453061861,0.328726630577106,0.399198193229708,0.322485688533179,"SNCA",1
"GO:0046883","regulation of hormone secretion","1/27","188/12706",0.00531914893617021,2.50315208825847,0.958166739793087,0.331618892593998,0.402194195376823,0.324905959545536,"ANXA1",1
"GO:0022618","protein-RNA complex assembly","1/27","191/12706",0.00523560209424084,2.463835563312,0.940633120299482,0.335934796785219,0.406386595599511,0.32829272104734,"SNRPD3",1
"GO:1904062","regulation of monoatomic cation transmembrane transport","1/27","191/12706",0.00523560209424084,2.463835563312,0.940633120299482,0.335934796785219,0.406386595599511,0.32829272104734,"SNCA",1
"GO:0032259","methylation","1/27","192/12706",0.00520833333333333,2.45100308641975,0.934862180912242,0.337367458430189,0.407598487452055,0.329271727929445,"SNRPD3",1
"GO:0002181","cytoplasmic translation","1/27","195/12706",0.00512820512820513,2.41329534662868,0.917763831673136,0.341647607527211,0.411718008561454,0.332599615239363,"UBA52",1
"GO:0043523","regulation of neuron apoptotic process","1/27","195/12706",0.00512820512820513,2.41329534662868,0.917763831673136,0.341647607527211,0.411718008561454,0.332599615239363,"SNCA",1
"GO:0015850","organic hydroxy compound transport","1/27","196/12706",0.00510204081632653,2.40098261526833,0.912134416710618,0.343068398398985,0.412379548774383,0.333134029609661,"SNCA",1
"GO:0042594","response to starvation","1/27","196/12706",0.00510204081632653,2.40098261526833,0.912134416710618,0.343068398398985,0.412379548774383,0.333134029609661,"MAP1LC3B2",1
"GO:0002753","cytoplasmic pattern recognition receptor signaling pathway","1/27","197/12706",0.0050761421319797,2.38879488625681,0.906539310726805,0.344486236388052,0.412511366611515,0.333240516479315,"RSAD2",1
"GO:0045619","regulation of lymphocyte differentiation","1/27","197/12706",0.0050761421319797,2.38879488625681,0.906539310726805,0.344486236388052,0.412511366611515,0.333240516479315,"ANXA1",1
"GO:2001234","negative regulation of apoptotic signaling pathway","1/27","197/12706",0.0050761421319797,2.38879488625681,0.906539310726805,0.344486236388052,0.412511366611515,0.333240516479315,"LGALS3",1
"GO:0003018","vascular process in circulatory system","1/27","199/12706",0.0050251256281407,2.36478689745021,0.895450376839003,0.347313077312806,0.41495735729387,0.335216469784522,"HBB",1
"GO:0002440","production of molecular mediator of immune response","1/27","200/12706",0.005,2.35296296296296,0.889955742187694,0.348722092017576,0.41495735729387,0.335216469784522,"RSAD2",1
"GO:0007596","blood coagulation","1/27","200/12706",0.005,2.35296296296296,0.889955742187694,0.348722092017576,0.41495735729387,0.335216469784522,"HBB",1
"GO:0043588","skin development","1/27","200/12706",0.005,2.35296296296296,0.889955742187694,0.348722092017576,0.41495735729387,0.335216469784522,"ANXA1",1
"GO:0071826","protein-RNA complex organization","1/27","200/12706",0.005,2.35296296296296,0.889955742187694,0.348722092017576,0.41495735729387,0.335216469784522,"SNRPD3",1
"GO:0051648","vesicle localization","1/27","201/12706",0.00497512437810945,2.34125667956514,0.884493802707142,0.350128177377845,0.41610710527568,0.336145274763707,"SNCA",1
"GO:0050817","coagulation","1/27","202/12706",0.00495049504950495,2.32966629996333,0.87906417200698,0.351531339249959,0.417250498030692,0.337068945777548,"HBB",1
"GO:0050708","regulation of protein secretion","1/27","203/12706",0.00492610837438424,2.31819011129356,0.873666470222803,0.352931583479027,0.418387566379899,0.337987507724276,"RSAD2",1
"GO:0010721","negative regulation of cell development","1/27","205/12706",0.0048780487804878,2.29557362240289,0.862965365724232,0.35572334233236,0.421169313950454,0.340234696704161,"ANXA1",1
"GO:0007599","hemostasis","1/27","206/12706",0.00485436893203883,2.28443006112909,0.857661234648471,0.357114868590821,0.422288332108646,0.341138677101232,"HBB",1
"GO:0000082","G1/S transition of mitotic cell cycle","1/27","207/12706",0.00483091787439614,2.27339416711397,0.852387575499749,0.358503500474665,0.422873206295553,0.341611158084535,"ANXA1",1
"GO:0097191","extrinsic apoptotic signaling pathway","1/27","207/12706",0.00483091787439614,2.27339416711397,0.852387575499749,0.358503500474665,0.422873206295553,0.341611158084535,"LGALS3",1
"GO:0034765","regulation of monoatomic ion transmembrane transport","1/27","208/12706",0.00480769230769231,2.26246438746439,0.847144038982239,0.359889243773104,0.423979109102561,0.342504543461065,"SNCA",1
"GO:0099003","vesicle-mediated transport in synapse","1/27","209/12706",0.00478468899521531,2.25163919900762,0.841930281526529,0.361272104264232,0.425078868947716,0.343392966346992,"SNCA",1
"GO:0021537","telencephalon development","1/27","210/12706",0.00476190476190476,2.24091710758377,0.836745965168323,0.36265208771505,0.426172515501164,0.344276450710855,"ATIC",1
"GO:1901888","regulation of cell junction assembly","1/27","211/12706",0.004739336492891,2.23029664735826,0.831590757430283,0.364029199881479,0.427260078272803,0.345155020391738,"SNCA",1
"GO:0006909","phagocytosis","1/27","212/12706",0.00471698113207547,2.21977638015374,0.826464331206915,0.365403446508386,0.428341586613299,0.346028699100095,"ANXA1",1
"GO:0071560","cellular response to transforming growth factor beta stimulus","1/27","215/12706",0.00465116279069767,2.18880275624462,0.811254548812093,0.369509050435231,0.432618269445209,0.349483546920242,"HPGD",1
"GO:0002703","regulation of leukocyte mediated immunity","1/27","216/12706",0.00462962962962963,2.17866941015089,0.806240081163159,0.370871892132313,0.433141740687862,0.349906424545886,"RSAD2",1
"GO:0006364","rRNA processing","1/27","216/12706",0.00462962962962963,2.17866941015089,0.806240081163159,0.370871892132313,0.433141740687862,0.349906424545886,"ISG20",1
"GO:0046434","organophosphate catabolic process","1/27","218/12706",0.00458715596330275,2.15868161739721,0.796292516945311,0.373589070264493,0.435240468559372,0.351601847306224,"BPGM",1
"GO:0051259","protein complex oligomerization","1/27","218/12706",0.00458715596330275,2.15868161739721,0.796292516945311,0.373589070264493,0.435240468559372,0.351601847306224,"SNCA",1
"GO:0051146","striated muscle cell differentiation","1/27","219/12706",0.0045662100456621,2.14882462371047,0.791358830755035,0.374943418046592,0.436281025180905,0.352442443842592,"ACTA1",1
"GO:0022604","regulation of cell morphogenesis","1/27","220/12706",0.00454545454545455,2.13905723905724,0.786451489742273,0.37629494585253,0.436779164142936,0.352844857202372,"ANXA1",1
"GO:1901136","carbohydrate derivative catabolic process","1/27","220/12706",0.00454545454545455,2.13905723905724,0.786451489742273,0.37629494585253,0.436779164142936,0.352844857202372,"BPGM",1
"GO:0071559","response to transforming growth factor beta","1/27","221/12706",0.00452488687782805,2.12937824702531,0.78157021042689,0.377643659328581,0.437271605538357,0.353242667876763,"HPGD",1
"GO:1903320","regulation of protein modification by small protein conjugation or removal","1/27","221/12706",0.00452488687782805,2.12937824702531,0.78157021042689,0.377643659328581,0.437271605538357,0.353242667876763,"UBE2C",1
"GO:0006874","intracellular calcium ion homeostasis","1/27","222/12706",0.0045045045045045,2.11978645311979,0.776714713698027,0.378989564110169,0.438293554582176,0.354068232587804,"SNCA",1
"GO:0000819","sister chromatid segregation","1/27","224/12706",0.00446428571428571,2.10085978835979,0.767079972882397,0.381672970077494,0.440320280113792,0.355705489443211,"UBE2C",1
"GO:0044843","cell cycle G1/S phase transition","1/27","224/12706",0.00446428571428571,2.10085978835979,0.767079972882397,0.381672970077494,0.440320280113792,0.355705489443211,"ANXA1",1
"GO:1901873","regulation of post-translational protein modification","1/27","226/12706",0.00442477876106195,2.08226810881678,0.757545118537349,0.384345208621566,0.442863054026798,0.357759627487988,"UBE2C",1
"GO:0006898","receptor-mediated endocytosis","1/27","229/12706",0.00436681222707424,2.0549894873039,0.743425581981552,0.388332725241687,0.445725415352303,0.360071938962693,"SNCA",1
"GO:0060485","mesenchyme development","1/27","229/12706",0.00436681222707424,2.0549894873039,0.743425581981552,0.388332725241687,0.445725415352303,0.360071938962693,"ACTA1",1
"GO:0001822","kidney development","1/27","230/12706",0.00434782608695652,2.04605475040258,0.738766794481941,0.389656362046887,0.445725415352303,0.360071938962693,"HPGD",1
"GO:0032886","regulation of microtubule-based process","1/27","230/12706",0.00434782608695652,2.04605475040258,0.738766794481941,0.389656362046887,0.445725415352303,0.360071938962693,"SNCA",1
"GO:0034599","cellular response to oxidative stress","1/27","230/12706",0.00434782608695652,2.04605475040258,0.738766794481941,0.389656362046887,0.445725415352303,0.360071938962693,"SNCA",1
"GO:0046879","hormone secretion","1/27","230/12706",0.00434782608695652,2.04605475040258,0.738766794481941,0.389656362046887,0.445725415352303,0.360071938962693,"ANXA1",1
"GO:0033044","regulation of chromosome organization","1/27","232/12706",0.00431034482758621,2.02841634738186,0.72951934013682,0.392295365802865,0.447661539263583,0.361636004790654,"UBE2C",1
"GO:0050870","positive regulation of T cell activation","1/27","232/12706",0.00431034482758621,2.02841634738186,0.72951934013682,0.392295365802865,0.447661539263583,0.361636004790654,"ANXA1",1
"GO:0050807","regulation of synapse organization","1/27","233/12706",0.00429184549356223,2.01971069782229,0.72493019705633,0.393610743798962,0.448621401968456,0.362411414074885,"SNCA",1
"GO:0070588","calcium ion transmembrane transport","1/27","234/12706",0.00427350427350427,2.0110794555239,0.720363798344842,0.394923379886305,0.449575833179837,0.363182435616515,"SNCA",1
"GO:0050803","regulation of synapse structure or activity","1/27","237/12706",0.00421940928270042,1.98562275355524,0.706798789779472,0.398844891604228,0.451716823039271,0.364911999028053,"SNCA",1
"GO:0072001","renal system development","1/27","237/12706",0.00421940928270042,1.98562275355524,0.706798789779472,0.398844891604228,0.451716823039271,0.364911999028053,"HPGD",1
"GO:0008544","epidermis development","1/27","238/12706",0.00420168067226891,1.97727980080921,0.702321106265888,0.400146614912166,0.451716823039271,0.364911999028053,"ANXA1",1
"GO:0009914","hormone transport","1/27","238/12706",0.00420168067226891,1.97727980080921,0.702321106265888,0.400146614912166,0.451716823039271,0.364911999028053,"ANXA1",1
"GO:0031669","cellular response to nutrient levels","1/27","238/12706",0.00420168067226891,1.97727980080921,0.702321106265888,0.400146614912166,0.451716823039271,0.364911999028053,"MAP1LC3B2",1
"GO:0051402","neuron apoptotic process","1/27","238/12706",0.00420168067226891,1.97727980080921,0.702321106265888,0.400146614912166,0.451716823039271,0.364911999028053,"SNCA",1
"GO:1903532","positive regulation of secretion by cell","1/27","238/12706",0.00420168067226891,1.97727980080921,0.702321106265888,0.400146614912166,0.451716823039271,0.364911999028053,"SNCA",1
"GO:0032984","protein-containing complex disassembly","1/27","239/12706",0.00418410041841004,1.96900666356733,0.697865052136107,0.401445623686418,0.452643098936056,0.365660275762298,"MAP1LC3B2",1
"GO:0008202","steroid metabolic process","1/27","240/12706",0.00416666666666667,1.9608024691358,0.693430413876321,0.402741923370421,0.453564118462402,0.366404306224217,"FECH",1
"GO:0055074","calcium ion homeostasis","1/27","241/12706",0.004149377593361,1.95266635930536,0.689016980998187,0.404035519397134,0.45447990648001,0.367144110497927,"SNCA",1
"GO:0006402","mRNA catabolic process","1/27","242/12706",0.00413223140495868,1.94459749005204,0.684624545983338,0.405326417189053,0.455390487720718,0.367879708562636,"TENT5C",1
"GO:0001666","response to hypoxia","1/27","246/12706",0.0040650406504065,1.91297801866908,0.667260735133845,0.410463134093713,0.460614620228532,0.372099938005913,"ALAS2",1
"GO:0007033","vacuole organization","1/27","248/12706",0.00403225806451613,1.89755077658303,0.658699630789664,0.413015443356608,0.462929632008709,0.373970082161259,"MAP1LC3B2",1
"GO:0032386","regulation of intracellular transport","1/27","250/12706",0.004,1.88237037037037,0.650217024955126,0.41555711033484,0.46522725015001,0.375826175151783,"DYNLRB1",1
"GO:0072659","protein localization to plasma membrane","1/27","251/12706",0.00398406374501992,1.87487088682308,0.646004696504168,0.416823966309548,0.465543650683391,0.376081774113878,"LGALS3",1
"GO:1903039","positive regulation of leukocyte cell-cell adhesion","1/27","251/12706",0.00398406374501992,1.87487088682308,0.646004696504168,0.416823966309548,0.465543650683391,0.376081774113878,"ANXA1",1
"GO:0051047","positive regulation of secretion","1/27","253/12706",0.00395256916996047,1.86004977309325,0.637637085428002,0.419349749824905,0.467812338837689,0.377914496490666,"SNCA",1
"GO:0006936","muscle contraction","1/27","256/12706",0.00390625,1.83825231481481,0.625225646348104,0.423118683489908,0.470906205389945,0.380413825651608,"ACTA1",1
"GO:0016072","rRNA metabolic process","1/27","256/12706",0.00390625,1.83825231481481,0.625225646348104,0.423118683489908,0.470906205389945,0.380413825651608,"ISG20",1
"GO:0036293","response to decreased oxygen levels","1/27","258/12706",0.00387596899224806,1.82400229687051,0.617042675251275,0.425618206438733,0.472576083674931,0.381762809333482,"ALAS2",1
"GO:0046394","carboxylic acid biosynthetic process","1/27","258/12706",0.00387596899224806,1.82400229687051,0.617042675251275,0.425618206438733,0.472576083674931,0.381762809333482,"HPGDS",1
"GO:0002449","lymphocyte mediated immunity","1/27","259/12706",0.00386100386100386,1.81695981695982,0.612978086273778,0.426864053838006,0.472849408584021,0.381983610361632,"RSAD2",1
"GO:0007517","muscle organ development","1/27","259/12706",0.00386100386100386,1.81695981695982,0.612978086273778,0.426864053838006,0.472849408584021,0.381983610361632,"ACTA1",1
"GO:0016053","organic acid biosynthetic process","1/27","260/12706",0.00384615384615385,1.80997150997151,0.608931211258557,0.428107298840527,0.473671935325308,0.382648075048597,"HPGDS",1
"GO:0001818","negative regulation of cytokine production","1/27","262/12706",0.00381679389312977,1.79615493355951,0.60088996457417,0.430586002554732,0.475806531798377,0.384372473668212,"ANXA1",1
"GO:0016042","lipid catabolic process","1/27","263/12706",0.00380228136882129,1.78932544712012,0.596895278807136,0.431821471690944,0.475806531798377,0.384372473668212,"HPGD",1
"GO:0140014","mitotic nuclear division","1/27","263/12706",0.00380228136882129,1.78932544712012,0.596895278807136,0.431821471690944,0.475806531798377,0.384372473668212,"UBE2C",1
"GO:0010562","positive regulation of phosphorus metabolic process","1/27","264/12706",0.00378787878787879,1.78254769921437,0.592917678737131,0.433054359279495,0.475806531798377,0.384372473668212,"SNCA",1
"GO:0045937","positive regulation of phosphate metabolic process","1/27","264/12706",0.00378787878787879,1.78254769921437,0.592917678737131,0.433054359279495,0.475806531798377,0.384372473668212,"SNCA",1
"GO:0141091","transforming growth factor beta receptor superfamily signaling pathway","1/27","264/12706",0.00378787878787879,1.78254769921437,0.592917678737131,0.433054359279495,0.475806531798377,0.384372473668212,"HPGD",1
"GO:0051338","regulation of transferase activity","1/27","271/12706",0.003690036900369,1.73650403170698,0.565540348400761,0.441612723528111,0.484646910043611,0.391514027697409,"UBE2C",1
"GO:0043085","positive regulation of catalytic activity","1/27","272/12706",0.00367647058823529,1.73011982570806,0.561694120316948,0.442825144635046,0.485414353215242,0.392133994029449,"UBE2C",1
"GO:0062012","regulation of small molecule metabolic process","1/27","275/12706",0.00363636363636364,1.71124579124579,0.550249604460825,0.446447217005839,0.488818364916115,0.394883868842884,"SNCA",1
"GO:1903311","regulation of mRNA metabolic process","1/27","276/12706",0.0036231884057971,1.70504562533548,0.546465708808078,0.447649527772538,0.489568154072626,0.395489573669441,"TENT5C",1
"GO:0070482","response to oxygen levels","1/27","279/12706",0.003584229390681,1.68671180140714,0.535205021253335,0.451241390958251,0.492926507905896,0.398202564526183,"ALAS2",1
"GO:0002221","pattern recognition receptor signaling pathway","1/27","281/12706",0.00355871886120996,1.67470673520496,0.527772457914873,0.453623459283191,0.494957084754209,0.399842932604379,"RSAD2",1
"GO:0007178","cell surface receptor protein serine/threonine kinase signaling pathway","1/27","282/12706",0.00354609929078014,1.66876805883898,0.524078171468935,0.454810756393803,0.49568084740615,0.400427612347685,"HPGD",1
"GO:0000377","RNA splicing, via transesterification reactions with bulged adenosine as nucleophile","1/27","284/12706",0.00352112676056338,1.65701617110068,0.516732981792614,0.457177901560576,0.497115281467017,0.401586396289145,"SNRPD3",1
"GO:0000398","mRNA splicing, via spliceosome","1/27","284/12706",0.00352112676056338,1.65701617110068,0.516732981792614,0.457177901560576,0.497115281467017,0.401586396289145,"SNRPD3",1
"GO:0014706","striated muscle tissue development","1/27","285/12706",0.00350877192982456,1.65120207927225,0.51308184001838,0.458357759607417,0.497255092418139,0.401699340264347,"ACTA1",1
"GO:0030900","forebrain development","1/27","285/12706",0.00350877192982456,1.65120207927225,0.51308184001838,0.458357759607417,0.497255092418139,0.401699340264347,"ATIC",1
"GO:0022409","positive regulation of cell-cell adhesion","1/27","286/12706",0.0034965034965035,1.64542864542865,0.509444843621024,0.459535147940933,0.497961340151343,0.402269870868894,"ANXA1",1
"GO:0000375","RNA splicing, via transesterification reactions","1/27","288/12706",0.00347222222222222,1.63400205761317,0.502212825285087,0.461882535343351,0.499361003925497,0.403400566206644,"SNRPD3",1
"GO:0002429","immune response-activating cell surface receptor signaling pathway","1/27","288/12706",0.00347222222222222,1.63400205761317,0.502212825285087,0.461882535343351,0.499361003925497,0.403400566206644,"LGALS3",1
"GO:0002758","innate immune response-activating signaling pathway","1/27","289/12706",0.00346020761245675,1.62834807125465,0.498617575905061,0.463052544325935,0.499484272442799,0.403500146649017,"RSAD2",1
"GO:0098813","nuclear chromosome segregation","1/27","289/12706",0.00346020761245675,1.62834807125465,0.498617575905061,0.463052544325935,0.499484272442799,0.403500146649017,"UBE2C",1
"GO:0009306","protein secretion","1/27","291/12706",0.00343642611683849,1.61715667557592,0.491468038083755,0.465385217566246,0.500858266004173,0.404610104727973,"RSAD2",1
"GO:0042391","regulation of membrane potential","1/27","291/12706",0.00343642611683849,1.61715667557592,0.491468038083755,0.465385217566246,0.500858266004173,0.404610104727973,"SNCA",1
"GO:0035592","establishment of protein localization to extracellular region","1/27","292/12706",0.00342465753424658,1.61161846778285,0.48791353008957,0.466547891680278,0.501538983556298,0.405160011196031,"RSAD2",1
"GO:0062197","cellular response to chemical stress","1/27","293/12706",0.00341296928327645,1.60611806345595,0.484372385126325,0.467708130678556,0.501646135625753,0.405246572231331,"SNCA",1
"GO:1902105","regulation of leukocyte differentiation","1/27","293/12706",0.00341296928327645,1.60611806345595,0.484372385126325,0.467708130678556,0.501646135625753,0.405246572231331,"ANXA1",1
"GO:0071692","protein localization to extracellular region","1/27","296/12706",0.00337837837837838,1.58983983983984,0.473828068318443,0.471174285975132,0.504791477386721,0.407787484792211,"RSAD2",1
"GO:0060537","muscle tissue development","1/27","299/12706",0.00334448160535117,1.57388826954044,0.463400253060364,0.474618701219057,0.507906438182385,0.410303854590421,"ACTA1",1
"GO:0042254","ribosome biogenesis","1/27","302/12706",0.0033112582781457,1.55825361785627,0.453086220953068,0.478041507553194,0.510991261181155,0.412795878065559,"ISG20",1
"GO:0050878","regulation of body fluid levels","1/27","305/12706",0.00327868852459016,1.54292653309047,0.442883344546182,0.481442835360771,0.514046187642539,0.415263750115148,"HBB",1
"GO:0034762","regulation of transmembrane transport","1/27","306/12706",0.00326797385620915,1.53788428951828,0.439506645490067,0.482571860717215,0.514091193962258,0.415300107729609,"SNCA",1
"GO:0051251","positive regulation of lymphocyte activation","1/27","306/12706",0.00326797385620915,1.53788428951828,0.439506645490067,0.482571860717215,0.514091193962258,0.415300107729609,"ANXA1",1
"GO:0002218","activation of innate immune response","1/27","307/12706",0.00325732899022801,1.53287489443841,0.436141922108778,0.483698518762428,0.514711809616712,0.415801461869069,"RSAD2",1
"GO:0042692","muscle cell differentiation","1/27","308/12706",0.00324675324675325,1.52789802789803,0.432789083412226,0.484822814269599,0.515328519437124,0.4162996607448,"ACTA1",1
"GO:0002768","immune response-regulating cell surface receptor signaling pathway","1/27","315/12706",0.00317460317460317,1.49394473838918,0.4096445467565,0.492627130766513,0.523036212912594,0.422526194029758,"LGALS3",1
"GO:0006644","phospholipid metabolic process","1/27","323/12706",0.00309597523219814,1.45694301112258,0.383863730684695,0.501406959953437,0.531165715695355,0.429093479019503,"SNCA",1
"GO:0010639","negative regulation of organelle organization","1/27","323/12706",0.00309597523219814,1.45694301112258,0.383863730684695,0.501406959953437,0.531165715695355,0.429093479019503,"SNCA",1
"GO:0031401","positive regulation of protein modification process","1/27","326/12706",0.00306748466257669,1.44353556009998,0.374372240287545,0.504661525876267,0.534015440133052,0.431395581992429,"UBE2C",1
"GO:1902903","regulation of supramolecular fiber organization","1/27","328/12706",0.00304878048780488,1.43473351400181,0.368096357723094,0.506819860890936,0.535700098774107,0.432756505741628,"SNCA",1
"GO:0002696","positive regulation of leukocyte activation","1/27","332/12706",0.00301204819277108,1.41744756804998,0.355666234635005,0.51110939453719,0.53963112414306,0.43593211987077,"ANXA1",1
"GO:0003012","muscle system process","1/27","333/12706",0.003003003003003,1.41319096874652,0.352583631518725,0.512176151151664,0.540154558516693,0.436354967712384,"ACTA1",1
"GO:2001233","regulation of apoptotic signaling pathway","1/27","334/12706",0.0029940119760479,1.40895985806165,0.34951086025385,0.513240666137431,0.540674465663708,0.436774966142041,"LGALS3",1
"GO:0042176","regulation of protein catabolic process","1/27","337/12706",0.0029673590504451,1.39641718870206,0.340350857253906,0.516420806574988,0.543419447185693,0.438992454274856,"SNCA",1
"GO:0031647","regulation of protein stability","1/27","338/12706",0.0029585798816568,1.39228577690116,0.337316736487399,0.517476400254548,0.543823910225206,0.439319193082785,"SNCA",1
"GO:0006869","lipid transport","1/27","339/12706",0.00294985250737463,1.38817873921119,0.334292112494107,0.518529774865894,0.543823910225206,0.439319193082785,"ANXA1",1
"GO:0007018","microtubule-based movement","1/27","339/12706",0.00294985250737463,1.38817873921119,0.334292112494107,0.518529774865894,0.543823910225206,0.439319193082785,"DYNLRB1",1
"GO:0045786","negative regulation of cell cycle","1/27","340/12706",0.00294117647058824,1.38409586056645,0.331276920252991,0.519580934894892,0.544322884175601,0.43972228097417,"HPGD",1
"GO:0002443","leukocyte mediated immunity","1/27","343/12706",0.00291545189504373,1.37199006586762,0.322287293454718,0.522721172215965,0.54700689039414,0.441890511211912,"RSAD2",1
"GO:0010506","regulation of autophagy","1/27","350/12706",0.00285714285714286,1.34455026455026,0.301629890137788,0.52997171384214,0.553370023504045,0.447030863540599,"SNCA",1
"GO:0050867","positive regulation of cell activation","1/27","350/12706",0.00285714285714286,1.34455026455026,0.301629890137788,0.52997171384214,0.553370023504045,0.447030863540599,"ANXA1",1
"GO:0050804","modulation of chemical synaptic transmission","1/27","353/12706",0.0028328611898017,1.33312349176372,0.292909264237018,0.533046513572505,0.555966925953241,0.449128728432239,"SNCA",1
"GO:0099177","regulation of trans-synaptic signaling","1/27","354/12706",0.00282485875706215,1.32935760619376,0.290019635825453,0.534067135618449,0.55625383124204,0.449360500146568,"SNCA",1
"GO:0010876","lipid localization","1/27","355/12706",0.0028169014084507,1.32561293688054,0.287138536797912,0.535085609334309,0.55625383124204,0.449360500146568,"ANXA1",1
"GO:0051656","establishment of organelle localization","1/27","355/12706",0.0028169014084507,1.32561293688054,0.287138536797912,0.535085609334309,0.55625383124204,0.449360500146568,"SNCA",1
"GO:0001701","in utero embryonic development","1/27","361/12706",0.00277008310249307,1.30358058889915,0.270027980723252,0.54115157962273,0.560097805605145,0.452465791553728,"TENT5C",1
"GO:0010720","positive regulation of cell development","1/27","361/12706",0.00277008310249307,1.30358058889915,0.270027980723252,0.54115157962273,0.560097805605145,0.452465791553728,"ANXA1",1
"GO:0034329","cell junction assembly","1/27","361/12706",0.00277008310249307,1.30358058889915,0.270027980723252,0.54115157962273,0.560097805605145,0.452465791553728,"SNCA",1
"GO:0045089","positive regulation of innate immune response","1/27","361/12706",0.00277008310249307,1.30358058889915,0.270027980723252,0.54115157962273,0.560097805605145,0.452465791553728,"RSAD2",1
"GO:0051223","regulation of protein transport","1/27","364/12706",0.00274725274725275,1.29283679283679,0.261583459083695,0.544155912643414,0.562591796022589,0.454480520654723,"RSAD2",1
"GO:0010817","regulation of hormone levels","1/27","365/12706",0.00273972602739726,1.28929477422628,0.258784678810616,0.545153140836464,0.563007501344208,0.454816341355174,"ANXA1",1
"GO:1903706","regulation of hemopoiesis","1/27","368/12706",0.00271739130434783,1.27878421900161,0.250435809654982,0.548132236679907,0.565466843946774,0.456803080789316,"ANXA1",1
"GO:0030522","intracellular receptor signaling pathway","1/27","373/12706",0.00268096514745308,1.26164233939033,0.236676309987618,0.553055688359064,0.569924489311193,0.460404116212224,"RSAD2",1
"GO:0008015","blood circulation","1/27","379/12706",0.00263852242744063,1.24166910974299,0.220413791414624,0.55889566026848,0.575163926708702,0.464636709458682,"HBB",1
"GO:0000280","nuclear division","1/27","381/12706",0.0026246719160105,1.23515116166035,0.215051694160814,0.560825936266361,0.575163926708702,0.464636709458682,"UBE2C",1
"GO:0007005","mitochondrion organization","1/27","382/12706",0.00261780104712042,1.231917781656,0.212381459379788,0.561788021436406,0.575163926708702,0.464636709458682,"SNCA",1
"GO:0016236","macroautophagy","1/27","382/12706",0.00261780104712042,1.231917781656,0.212381459379788,0.561788021436406,0.575163926708702,0.464636709458682,"MAP1LC3B2",1
"GO:0072657","protein localization to membrane","1/27","382/12706",0.00261780104712042,1.231917781656,0.212381459379788,0.561788021436406,0.575163926708702,0.464636709458682,"LGALS3",1
"GO:0090066","regulation of anatomical structure size","1/27","382/12706",0.00261780104712042,1.231917781656,0.212381459379788,0.561788021436406,0.575163926708702,0.464636709458682,"HBB",1
"GO:0002833","positive regulation of response to biotic stimulus","1/27","383/12706",0.00261096605744125,1.22870128614254,0.209718375778462,0.562748076890903,0.575523979177075,0.464927571917833,"RSAD2",1
"GO:0007015","actin filament organization","1/27","385/12706",0.0025974025974026,1.22231842231842,0.20441349024866,0.564662115116183,0.57685784114461,0.466005110349379,"ACTA1",1
"GO:0007059","chromosome segregation","1/27","393/12706",0.00254452926208651,1.19743662237301,0.183471564405396,0.572237899024916,0.58396661540191,0.471747816603746,"UBE2C",1
"GO:0140694","membraneless organelle assembly","1/27","399/12706",0.0025062656641604,1.17943005662304,0.168047578013507,0.577836258508435,0.589044289384676,0.475849731938661,"ACTA1",1
"GO:0050808","synapse organization","1/27","405/12706",0.00246913580246914,1.16195701874714,0.152856458056791,0.583364028567717,0.594039150726652,0.479884748445031,"SNCA",1
"GO:0022411","cellular component disassembly","1/27","413/12706",0.00242130750605327,1.13944937673751,0.132950317379051,0.590626061359616,0.600787369942147,0.485336186244574,"MAP1LC3B2",1
"GO:0048285","organelle fission","1/27","428/12706",0.00233644859813084,1.09951540325372,0.0966440436934772,0.603915178023165,0.613645282932238,0.495723239578063,"UBE2C",1
"GO:0045785","positive regulation of cell adhesion","1/27","429/12706",0.00233100233100233,1.09695243028576,0.0942687902756458,0.604786190418781,0.613870961519492,0.495905550309504,"ANXA1",1
"GO:0031667","response to nutrient levels","1/27","433/12706",0.0023094688221709,1.08681892053717,0.084822228566425,0.60825183139307,0.616726937296725,0.49821270332416,"MAP1LC3B2",1
"GO:0044093","positive regulation of molecular function","1/27","434/12706",0.00230414746543779,1.08431472947602,0.0824740569344997,0.609113658212299,0.61693952962402,0.498384442535928,"UBE2C",1
"GO:0045088","regulation of innate immune response","1/27","436/12706",0.00229357798165138,1.07934080869861,0.0777936774595267,0.610831837857879,0.618018094773854,0.499255743636161,"RSAD2",1
"GO:0001525","angiogenesis","1/27","438/12706",0.00228310502283105,1.07441231185523,0.073134396998636,0.612542743609646,0.619087003690945,0.50011924410774,"ANXA1",1
"GO:0003013","circulatory system process","1/27","448/12706",0.00223214285714286,1.05042989417989,0.0501468861890012,0.620989196422101,0.625618508855492,0.505395613028917,"HBB",1
"GO:0048729","tissue morphogenesis","1/27","448/12706",0.00223214285714286,1.05042989417989,0.0501468861890012,0.620989196422101,0.625618508855492,0.505395613028917,"ACTA1",1
"GO:0070201","regulation of establishment of protein localization","1/27","448/12706",0.00223214285714286,1.05042989417989,0.0501468861890012,0.620989196422101,0.625618508855492,0.505395613028917,"RSAD2",1
"GO:0043161","proteasome-mediated ubiquitin-dependent protein catabolic process","1/27","454/12706",0.00220264317180617,1.03654756077664,0.036593971473844,0.625971658971045,0.629967222751711,0.508908649958543,"UBE2C",1
"GO:0051493","regulation of cytoskeleton organization","1/27","457/12706",0.00218818380743982,1.02974309101224,0.0298827525511262,0.628439177928756,0.631778387163234,0.510371769311793,"SNCA",1
"GO:0050790","regulation of catalytic activity","1/27","479/12706",0.00208768267223382,0.982448001237145,-0.0180701224733248,0.646061354218714,0.648804714533868,0.524126207579379,"UBE2C",1
"GO:0019220","regulation of phosphate metabolic process","1/27","497/12706",0.00201207243460765,0.946866383486102,-0.0557614733476788,0.659878192205466,0.661329445666533,0.534244105434409,"SNCA",1
"GO:0051174","regulation of phosphorus metabolic process","1/27","498/12706",0.00200803212851406,0.944965045366652,-0.0578172910766973,0.660630365914243,0.661329445666533,0.534244105434409,"SNCA",1
"GO:0051276","chromosome organization","1/27","498/12706",0.00200803212851406,0.944965045366652,-0.0578172910766973,0.660630365914243,0.661329445666533,0.534244105434409,"UBE2C",1
"GO:0051248","negative regulation of protein metabolic process","1/27","500/12706",0.002,0.941185185185185,-0.061917265660511,0.662129910784496,0.662129910784496,0.534890748002163,"SNCA",1
