"ID","Description","GeneRatio","BgRatio","RichFactor","FoldEnrichment","zScore","pvalue","p.adjust","qvalue","geneID","Count"
"GO:0019882","antigen processing and presentation","15/342","102/12706",0.147058823529412,5.46353629170967,7.52741479663774,8.68085087949887e-08,0.000330045950438547,0.000285737060002031,"CTSD/GET3/HLA-DRA/HLA-B/HLA-A/HLA-DRB5/IFI30/HLA-DPA1/HLA-DMA/CD68/CALR/CTSS/RAB27A/AP3D1/CTSH",15
"GO:0007159","leukocyte cell-cell adhesion","29/342","364/12706",0.0796703296703297,2.95991581517897,6.30980921049282,1.74383155455612e-07,0.000331502378521118,0.000286997961636684,"S100A8/S100A9/HLA-DRA/IL2RG/HLA-A/HLA-DRB5/AIF1/SPN/HLA-DPA1/SELPLG/SYK/HLA-DMA/CD4/TGFB1/CD69/DOCK8/ARID1A/RARA/SMARCA2/NFKBIZ/PAG1/SIRPA/RUNX1/EP300/ARID2/AP3D1/RIPOR2/ITGB2/STK10",29
"GO:0006909","phagocytosis","21/342","212/12706",0.0990566037735849,3.6801555776233,6.5448255317345,2.71612733557195e-07,0.000344223870994819,0.000298011585204684,"IL2RG/AIF1/SYK/CD302/TGFB1/RARA/CYBA/RAB31/MYH9/CALR/HCK/SIRPA/LYAR/LYST/ARAP1/FGR/ITGAM/RAB27A/MYO1G/CFP/ITGB2",21
"GO:0048002","antigen processing and presentation of peptide antigen","11/342","59/12706",0.186440677966102,6.92665279016751,7.58861676837819,4.03159878189895e-07,0.000383203464219495,0.000331758141868369,"CTSD/GET3/HLA-DRA/HLA-B/HLA-A/HLA-DRB5/IFI30/HLA-DPA1/HLA-DMA/CALR/CTSS",11
"GO:0050764","regulation of phagocytosis","13/342","88/12706",0.147727272727273,5.48837054758107,7.02676885932225,6.03069679056244e-07,0.000458574183954368,0.000397010291875553,"IL2RG/SYK/TGFB1/CYBA/RAB31/CALR/HCK/SIRPA/LYAR/ARAP1/FGR/RAB27A/CFP",13
"GO:1903039","positive regulation of leukocyte cell-cell adhesion","22/342","251/12706",0.0876494023904383,3.2563546981664,6.00472684242677,1.15902656016702e-06,0.000657333777282086,0.000569086276353465,"HLA-DRA/IL2RG/HLA-A/HLA-DRB5/AIF1/SPN/HLA-DPA1/SYK/HLA-DMA/CD4/TGFB1/DOCK8/ARID1A/RARA/SMARCA2/NFKBIZ/SIRPA/RUNX1/EP300/ARID2/AP3D1/ITGB2",22
"GO:0050870","positive regulation of T cell activation","21/342","232/12706",0.0905172413793103,3.36290078644888,6.04098140565749,1.21024104181341e-06,0.000657333777282086,0.000569086276353465,"HLA-DRA/IL2RG/HLA-A/HLA-DRB5/AIF1/SPN/HLA-DPA1/SYK/HLA-DMA/CD4/TGFB1/DOCK8/ARID1A/RARA/SMARCA2/NFKBIZ/SIRPA/RUNX1/EP300/ARID2/AP3D1",21
"GO:0042742","defense response to bacterium","19/342","204/12706",0.0931372549019608,3.46023965141612,5.89146958085932,2.56916737652809e-06,0.00122099679569497,0.0010570771561057,"S100A8/S100A9/HLA-A/SPN/GRN/SYK/CD4/RNF213/FOXP1/HUWE1/CYBA/HCK/NFKBIZ/LYST/PRG2/FGR/PIM1/CFP/ACP5",19
"GO:0022409","positive regulation of cell-cell adhesion","23/342","286/12706",0.0804195804195804,2.9877520140678,5.65464454872626,2.91236079608155e-06,0.00123031063852245,0.00106514060928035,"HLA-DRA/IL2RG/HLA-A/HLA-DRB5/AIF1/SPN/HLA-DPA1/SYK/HLA-DMA/CD4/TGFB1/DOCK8/ARID1A/PLAUR/RARA/SMARCA2/NFKBIZ/SIRPA/RUNX1/EP300/ARID2/AP3D1/ITGB2",23
"GO:1903037","regulation of leukocyte cell-cell adhesion","25/342","333/12706",0.0750750750750751,2.7891927014734,5.50253251768742,3.7115049061881e-06,0.00141111416533272,0.00122167114122634,"HLA-DRA/IL2RG/HLA-A/HLA-DRB5/AIF1/SPN/HLA-DPA1/SYK/HLA-DMA/CD4/TGFB1/CD69/DOCK8/ARID1A/RARA/SMARCA2/NFKBIZ/PAG1/SIRPA/RUNX1/EP300/ARID2/AP3D1/RIPOR2/ITGB2",25
"GO:0019884","antigen processing and presentation of exogenous antigen","9/342","48/12706",0.1875,6.96600877192982,6.88720246299221,4.43303929862715e-06,0.00153221958303459,0.00132651807529255,"CTSD/HLA-DRA/HLA-A/HLA-DRB5/IFI30/HLA-DPA1/HLA-DMA/CTSS/AP3D1",9
"GO:0032928","regulation of superoxide anion generation","6/342","18/12706",0.333333333333333,12.3840155945419,8.03814875596188,5.13894937180252e-06,0.00162819045929943,0.00140960479698478,"SYK/TGFB1/CYBA/ITGAM/ACP5/ITGB2",6
"GO:0030100","regulation of endocytosis","21/342","257/12706",0.0817120622568093,3.03577035975152,5.48338834469561,6.17713074480538e-06,0.00178770801595878,0.00154770701456383,"RAB5C/IL2RG/SYK/RAB4B/AAK1/TGFB1/LRPAP1/PICALM/PPP3R1/CYBA/RAB31/CALR/HCK/SIRPA/LYAR/ARAP1/RABEP1/FGR/RAB27A/CFP/APOC2",21
"GO:0050863","regulation of T cell activation","25/342","344/12706",0.0726744186046512,2.7000033999728,5.31625165770262,6.58282804403549e-06,0.00178770801595878,0.00154770701456383,"HLA-DRA/IL2RG/HLA-A/HLA-DRB5/AIF1/JUNB/SPN/HLA-DPA1/SYK/HLA-DMA/CD4/TGFB1/CD69/DOCK8/ARID1A/RARA/SMARCA2/NFKBIZ/PAG1/SIRPA/RUNX1/EP300/ARID2/AP3D1/RIPOR2",25
"GO:0002478","antigen processing and presentation of exogenous peptide antigen","8/342","39/12706",0.205128205128205,7.62093267356425,6.88708557710907,7.5329937118803e-06,0.00179467261188448,0.00155373660881053,"CTSD/HLA-DRA/HLA-A/HLA-DRB5/IFI30/HLA-DPA1/HLA-DMA/CTSS",8
"GO:0002683","negative regulation of immune system process","30/342","462/12706",0.0649350649350649,2.41247057036531,5.1435104278576,7.55254123886155e-06,0.00179467261188448,0.00155373660881053,"LST1/HLA-B/HLA-A/SPN/DUSP1/GRN/SYK/CD84/CD68/TGFB1/ADAR/CD69/PRKDC/RARA/CD59/DGKZ/GPS2/OGT/HCK/RANBP2/PAG1/LYAR/PRG2/RUNX1/FGR/QKI/PIM1/ACP5/RIPOR2/TSC22D3",30
"GO:0050867","positive regulation of cell activation","25/342","350/12706",0.0714285714285714,2.65371762740184,5.21767852515899,8.89344764993461e-06,0.00190417002976028,0.00164853392482084,"HLA-DRA/IL2RG/HLA-A/HLA-DRB5/AIF1/SPN/HLA-DPA1/SYK/HLA-DMA/JUND/CD4/TGFB1/PRKDC/DOCK8/ARID1A/FLNA/RARA/PLEK/SMARCA2/NFKBIZ/SIRPA/RUNX1/EP300/ARID2/AP3D1",25
"GO:0019886","antigen processing and presentation of exogenous peptide antigen via MHC class II","7/342","29/12706",0.241379310344828,8.96773543053035,7.1440839315158,9.01500803147949e-06,0.00190417002976028,0.00164853392482084,"CTSD/HLA-DRA/HLA-DRB5/IFI30/HLA-DPA1/HLA-DMA/CTSS",7
"GO:0071396","cellular response to lipid","31/342","497/12706",0.062374245472837,2.3173308859002,4.98257576565693,1.18583692415893e-05,0.00236706569512023,0.00204928553632187,"FOS/DDX17/EGLN2/PAGR1/SYK/JUND/CD4/CD68/TGFB1/FOXP1/HSPA1A/MT-ND3/PRPF8/PABPN1/GNB1/RARA/CYBA/BTG2/XPO1/CALR/UBR5/HCK/CNOT1/HNRNPD/NFKBIZ/SIRPA/EP300/ZBTB7A/PIM1/NFKBIA/ZFP36",31
"GO:1903131","mononuclear cell differentiation","30/342","474/12706",0.0632911392405063,2.35139536605226,4.98705031107321,1.2451686981169e-05,0.00236706569512023,0.00204928553632187,"HLA-DRA/IL2RG/FOS/HLA-B/JUNB/SPN/SYK/CD4/JUN/TGFB1/FOXP1/IRF2BP2/CD69/PRKDC/ARID1A/RARA/MYH9/GPS2/TOP2B/NFATC3/SMARCA2/NFKBIZ/KMT2A/PREX1/RUNX1/EP300/ZBTB7A/QKI/ARID2/AP3D1",30
"GO:0002495","antigen processing and presentation of peptide antigen via MHC class II","7/342","31/12706",0.225806451612903,8.3891718543671,6.85051970313746,1.4500238199426e-05,0.00247182125545909,0.00213997759235321,"CTSD/HLA-DRA/HLA-DRB5/IFI30/HLA-DPA1/HLA-DMA/CTSS",7
"GO:0046637","regulation of alpha-beta T cell differentiation","10/342","69/12706",0.144927536231884,5.38435460632257,6.07336125792394,1.45111280346633e-05,0.00247182125545909,0.00213997759235321,"HLA-DRA/IL2RG/JUNB/SYK/CD69/RARA/NFKBIZ/RUNX1/EP300/AP3D1",10
"GO:0060627","regulation of vesicle-mediated transport","29/342","458/12706",0.0633187772925764,2.35242217625578,4.90267746637888,1.73238721489451e-05,0.00247182125545909,0.00213997759235321,"RAB5C/IL2RG/STXBP2/SYK/RAB4B/CD84/P2RX1/AAK1/TGFB1/LRPAP1/PICALM/PPP3R1/CYBA/RAB31/CALR/HCK/SIRPA/LYAR/STXBP5/ARAP1/RABEP1/FGR/ITGAM/HGS/RAB27A/SORL1/CFP/ITGB2/APOC2",29
"GO:0050900","leukocyte migration","23/342","319/12706",0.0721003134796238,2.67867421950907,5.05009540764627,1.76018225687521e-05,0.00247182125545909,0.00213997759235321,"S100A8/S100A9/AIF1/SPN/DUSP1/SELPLG/SYK/TGFB1/CD69/DOCK8/MYH9/CALR/IL17RA/HCK/PLEC/PREX1/SIRPA/LYST/NINJ1/MYO1G/RIPOR2/ITGB2/STK10",23
"GO:0042554","superoxide anion generation","7/342","32/12706",0.21875,8.12701023391813,6.71346006261473,1.81352263970271e-05,0.00247182125545909,0.00213997759235321,"SYK/TGFB1/SOD2/CYBA/ITGAM/ACP5/ITGB2",7
"GO:1902107","positive regulation of leukocyte differentiation","16/342","174/12706",0.0919540229885057,3.41628016401156,5.33743512347533,1.87489018251905e-05,0.00247182125545909,0.00213997759235321,"HLA-DRA/IL2RG/FOS/SYK/CD4/TGFB1/PRKDC/EVI2B/ARID1A/RARA/SMARCA2/NFKBIZ/RUNX1/EP300/ARID2/AP3D1",16
"GO:1903708","positive regulation of hemopoiesis","16/342","174/12706",0.0919540229885057,3.41628016401156,5.33743512347533,1.87489018251905e-05,0.00247182125545909,0.00213997759235321,"HLA-DRA/IL2RG/FOS/SYK/CD4/TGFB1/PRKDC/EVI2B/ARID1A/RARA/SMARCA2/NFKBIZ/RUNX1/EP300/ARID2/AP3D1",16
"GO:0002396","MHC protein complex assembly","6/342","22/12706",0.272727272727273,10.1323763955343,7.12997350661914,1.88539759096038e-05,0.00247182125545909,0.00213997759235321,"HLA-DRA/HLA-A/HLA-DRB5/HLA-DPA1/HLA-DMA/CALR",6
"GO:0002501","peptide antigen assembly with MHC protein complex","6/342","22/12706",0.272727272727273,10.1323763955343,7.12997350661914,1.88539759096038e-05,0.00247182125545909,0.00213997759235321,"HLA-DRA/HLA-A/HLA-DRB5/HLA-DPA1/HLA-DMA/CALR",6
"GO:0002504","antigen processing and presentation of peptide or polysaccharide antigen via MHC class II","7/342","33/12706",0.212121212121212,7.88073719652667,6.58223089611081,2.24908054135673e-05,0.00285033473941276,0.00246767538695526,"CTSD/HLA-DRA/HLA-DRB5/IFI30/HLA-DPA1/HLA-DMA/CTSS",7
"GO:0035194","regulatory ncRNA-mediated post-transcriptional gene silencing","10/342","74/12706",0.135135135135135,5.02054686265213,5.76880447463439,2.72149756812632e-05,0.00332238800913417,0.00287635518828388,"TSNAX/TGFB1/ADAR/RBM4/CNOT1/TNRC6A/EIF4G1/CELF1/ZFP36/PUM1",10
"GO:0051251","positive regulation of lymphocyte activation","22/342","306/12706",0.0718954248366013,2.67106218705806,4.92111339331899,2.80332383656444e-05,0.00332238800913417,0.00287635518828388,"HLA-DRA/IL2RG/HLA-A/HLA-DRB5/AIF1/SPN/HLA-DPA1/SYK/HLA-DMA/CD4/TGFB1/PRKDC/DOCK8/ARID1A/RARA/SMARCA2/NFKBIZ/SIRPA/RUNX1/EP300/ARID2/AP3D1",22
"GO:0046632","alpha-beta T cell differentiation","13/342","124/12706",0.104838709677419,3.89497264667044,5.38767458259679,2.88433416580805e-05,0.00332238800913417,0.00287635518828388,"HLA-DRA/IL2RG/JUNB/SPN/SYK/FOXP1/CD69/RARA/NFKBIZ/KMT2A/RUNX1/EP300/AP3D1",13
"GO:0030217","T cell differentiation","21/342","285/12706",0.0736842105263158,2.73751923668821,4.93394904639239,2.97109921910999e-05,0.00332238800913417,0.00287635518828388,"HLA-DRA/IL2RG/JUNB/SPN/SYK/CD4/TGFB1/FOXP1/CD69/PRKDC/ARID1A/RARA/NFATC3/SMARCA2/NFKBIZ/KMT2A/PREX1/RUNX1/EP300/ARID2/AP3D1",21
"GO:0002696","positive regulation of leukocyte activation","23/342","332/12706",0.0692771084337349,2.57378637356443,4.83259784884268,3.31381490347079e-05,0.00334668353414729,0.00289738902275218,"HLA-DRA/IL2RG/HLA-A/HLA-DRB5/AIF1/SPN/HLA-DPA1/SYK/HLA-DMA/JUND/CD4/TGFB1/PRKDC/DOCK8/ARID1A/RARA/SMARCA2/NFKBIZ/SIRPA/RUNX1/EP300/ARID2/AP3D1",23
"GO:0017148","negative regulation of translation","14/342","144/12706",0.0972222222222222,3.61200454840806,5.24259935697299,3.35529305170574e-05,0.00334668353414729,0.00289738902275218,"DDX3X/RBM4/RARA/BTG2/CALR/OGT/CNOT1/TNRC6A/EIF4G1/CSNK2A1/CELF1/QKI/ZFP36/CPEB4",14
"GO:0050766","positive regulation of phagocytosis","9/342","61/12706",0.147540983606557,5.48144952545298,5.83505426844508,3.36955426827469e-05,0.00334668353414729,0.00289738902275218,"IL2RG/CYBA/RAB31/CALR/SIRPA/LYAR/ARAP1/RAB27A/CFP",9
"GO:0045621","positive regulation of lymphocyte differentiation","13/342","126/12706",0.103174603174603,3.83314768402488,5.31538902298281,3.42024187590774e-05,0.00334668353414729,0.00289738902275218,"HLA-DRA/IL2RG/SYK/TGFB1/PRKDC/ARID1A/RARA/SMARCA2/NFKBIZ/RUNX1/EP300/ARID2/AP3D1",13
"GO:0051248","negative regulation of protein metabolic process","30/342","500/12706",0.06,2.22912280701754,4.66352690003779,3.43294733907797e-05,0.00334668353414729,0.00289738902275218,"CSNK2B/DUSP1/CD84/DDX3X/ADAR/HSPA1A/TARDBP/PRKDC/RBM4/NOP53/FLNA/RARA/MYCBP2/BTG2/CALR/GPS2/OGT/CNOT1/TNRC6A/EIF4G1/CSNK2A1/CELF1/TIMP2/HIPK2/QKI/ZFP36/CPEB4/PTEN/SORL1/MVP",30
"GO:0141193","nuclear receptor-mediated signaling pathway","15/342","164/12706",0.0914634146341463,3.39805305947796,5.14065198142504,3.63414443779455e-05,0.00345425428812372,0.00299051833078515,"DDX17/EGLN2/PAGR1/JUND/FOXP1/KLF2/HUWE1/RARA/CALR/GPS2/UBR5/CNOT1/EP300/ZBTB7A/PIM1",15
"GO:0046638","positive regulation of alpha-beta T cell differentiation","8/342","48/12706",0.166666666666667,6.19200779727095,5.99369029718549,3.74125476481315e-05,0.00346932941849258,0.00300356961478067,"HLA-DRA/IL2RG/SYK/RARA/NFKBIZ/RUNX1/EP300/AP3D1",8
"GO:0002697","regulation of immune effector process","23/342","337/12706",0.0682492581602374,2.53559963211689,4.75167298709761,4.18380530019042e-05,0.00373866995467632,0.00323675100314872,"S100A9/HLA-DRA/IL2RG/HLA-B/HLA-A/STXBP2/JUNB/SPN/GRN/SYK/CD84/TGFB1/CD69/RARA/CD59/NFKBIZ/PRG2/EP300/FGR/ITGAM/CFP/ACP5/ITGB2",23
"GO:0045582","positive regulation of T cell differentiation","12/342","111/12706",0.108108108108108,4.0164374901217,5.30857090932609,4.30501978487513e-05,0.00373866995467632,0.00323675100314872,"HLA-DRA/IL2RG/SYK/TGFB1/ARID1A/RARA/SMARCA2/NFKBIZ/RUNX1/EP300/ARID2/AP3D1",12
"GO:0046635","positive regulation of alpha-beta T cell activation","9/342","63/12706",0.142857142857143,5.30743525480368,5.70013122111265,4.38638620777275e-05,0.00373866995467632,0.00323675100314872,"HLA-DRA/IL2RG/HLA-A/SYK/RARA/NFKBIZ/RUNX1/EP300/AP3D1",9
"GO:1902105","regulation of leukocyte differentiation","21/342","293/12706",0.0716723549488055,2.66277468415065,4.78905390826496,4.46200467728064e-05,0.00373866995467632,0.00323675100314872,"HLA-DRA/IL2RG/FOS/HLA-B/JUNB/SYK/CD4/TGFB1/FOXP1/CD69/PRKDC/EVI2B/ARID1A/RARA/SMARCA2/NFKBIZ/RUNX1/EP300/QKI/ARID2/AP3D1",21
"GO:0030098","lymphocyte differentiation","25/342","386/12706",0.0647668393782383,2.40622064660788,4.66619257259947,4.62385271234323e-05,0.00373866995467632,0.00323675100314872,"HLA-DRA/IL2RG/JUNB/SPN/SYK/CD4/TGFB1/FOXP1/IRF2BP2/CD69/PRKDC/ARID1A/RARA/GPS2/TOP2B/NFATC3/SMARCA2/NFKBIZ/KMT2A/PREX1/RUNX1/EP300/ZBTB7A/ARID2/AP3D1",25
"GO:0032930","positive regulation of superoxide anion generation","5/342","16/12706",0.3125,11.610014619883,7.06262345099971,4.69308394471203e-05,0.00373866995467632,0.00323675100314872,"SYK/TGFB1/CYBA/ITGAM/ITGB2",5
"GO:0051249","regulation of lymphocyte activation","28/342","459/12706",0.0610021786492375,2.26635579507957,4.59587401994781,4.72004623420472e-05,0.00373866995467632,0.00323675100314872,"HLA-DRA/LST1/IL2RG/HLA-A/HLA-DRB5/AIF1/JUNB/SPN/HLA-DPA1/SYK/HLA-DMA/CD4/TGFB1/CD69/PRKDC/DOCK8/ARID1A/RARA/SMARCA2/NFKBIZ/PAG1/SIRPA/RUNX1/EP300/FGR/ARID2/AP3D1/RIPOR2",28
"GO:0045088","regulation of innate immune response","27/342","436/12706",0.0619266055045872,2.30070014485756,4.59641296949449,4.99756342457495e-05,0.00387770125310897,0.00335711725642231,"S100A8/S100A9/HLA-B/HLA-A/GRN/SYK/DDX3X/TGFB1/ADAR/HSPA1A/PRKDC/NOP53/CYBA/GPS2/OGT/HCK/RANBP2/NFKBIZ/LYAR/EP300/FGR/PIM1/NFKBIA/CTSS/NINJ1/CFP/PUM1",27
"GO:0090322","regulation of superoxide metabolic process","6/342","26/12706",0.230769230769231,8.57354925775978,6.42905870066573,5.31139340985079e-05,0.00403099031229171,0.00348982715649276,"SYK/TGFB1/CYBA/ITGAM/ACP5/ITGB2",6
"GO:0016441","post-transcriptional gene silencing","10/342","80/12706",0.125,4.64400584795322,5.43766008482633,5.40716743626716e-05,0.00403099031229171,0.00348982715649276,"TSNAX/TGFB1/ADAR/RBM4/CNOT1/TNRC6A/EIF4G1/CELF1/ZFP36/PUM1",10
"GO:1903706","regulation of hemopoiesis","24/342","368/12706",0.0652173913043478,2.42295957284516,4.60696568685012,5.8869227103611e-05,0.00430424618169094,0.00372639824196339,"HLA-DRA/IL2RG/FOS/HLA-B/JUNB/SYK/CD4/TGFB1/FOXP1/HSPA1A/CD69/PRKDC/EVI2B/ARID1A/RARA/SMARCA2/NFKBIZ/RUNX1/EP300/QKI/NFKBIA/ARID2/ZFP36/AP3D1",24
"GO:0043367","CD4-positive, alpha-beta T cell differentiation","11/342","98/12706",0.112244897959184,4.17012770020289,5.23947272946643,6.33212922291984e-05,0.00454240666142288,0.00393258551739232,"HLA-DRA/IL2RG/JUNB/SPN/FOXP1/CD69/RARA/NFKBIZ/KMT2A/RUNX1/EP300",11
"GO:0022407","regulation of cell-cell adhesion","26/342","419/12706",0.0620525059665871,2.30537760471186,4.51898739006695,6.6729043793833e-05,0.00469821897229913,0.00406747992092233,"HLA-DRA/IL2RG/HLA-A/HLA-DRB5/AIF1/SPN/HLA-DPA1/SYK/HLA-DMA/CD4/TGFB1/CD69/DOCK8/ARID1A/PLAUR/RARA/SMARCA2/NFKBIZ/PAG1/SIRPA/RUNX1/EP300/ARID2/AP3D1/RIPOR2/ITGB2",26
"GO:0006417","regulation of translation","23/342","352/12706",0.0653409090909091,2.42754851143009,4.51730379310218,8.15616111381372e-05,0.00563813173722178,0.00488120876610441,"RPL26/PPP1R15A/DDX3X/PRKDC/RBM4/SARNP/RARA/BTG2/CALR/OGT/CNOT1/TNRC6A/HNRNPD/EIF4G1/CSNK2A1/MSI2/CELF1/ETF1/QKI/ZFP36/CPEB4/EIF4G3/PUM1",23
"GO:0048545","response to steroid hormone","19/342","261/12706",0.0727969348659004,2.70455512984249,4.62758862373748,8.35542933689315e-05,0.00567273970336925,0.00491117058956107,"FOS/JUNB/DDX17/DUSP1/EGLN2/PAGR1/JUND/JUN/TGFB1/FOXP1/HSPA1A/MT-ND3/CYBA/CALR/UBR5/CNOT1/EP300/ZBTB7A/ZFP36",19
"GO:0006801","superoxide metabolic process","8/342","54/12706",0.148148148148148,5.50400693090752,5.5161647410587,8.96463018150248e-05,0.00587646964656421,0.0050875496510995,"SYK/TGFB1/SOD2/CYBA/PREX1/ITGAM/ACP5/ITGB2",8
"GO:0043370","regulation of CD4-positive, alpha-beta T cell differentiation","8/342","54/12706",0.148148148148148,5.50400693090752,5.5161647410587,8.96463018150248e-05,0.00587646964656421,0.0050875496510995,"HLA-DRA/IL2RG/JUNB/CD69/RARA/NFKBIZ/RUNX1/EP300",8
"GO:0043312","neutrophil degranulation","4/342","10/12706",0.4,14.8608187134503,7.29249795568122,9.52571590261664e-05,0.00613843590877093,0.00531434676672297,"STXBP2/SYK/ITGAM/ITGB2",4
"GO:0045785","positive regulation of cell adhesion","26/342","429/12706",0.0606060606060606,2.25163919900762,4.38614074724431,9.82442783542273e-05,0.00622541243837954,0.00538964663883629,"HLA-DRA/IL2RG/HLA-A/HLA-DRB5/AIF1/SPN/HLA-DPA1/SYK/HLA-DMA/CD4/TGFB1/DOCK8/ARID1A/FLNA/PLAUR/RARA/CALR/SMARCA2/NFKBIZ/PREX1/SIRPA/RUNX1/EP300/ARID2/AP3D1/ITGB2",26
"GO:0046634","regulation of alpha-beta T cell activation","11/342","105/12706",0.104761904761905,3.89211918685603,4.94913408264691,0.000119106425509097,0.00742364966861618,0.00642701971642703,"HLA-DRA/IL2RG/HLA-A/JUNB/SYK/CD69/RARA/NFKBIZ/RUNX1/EP300/AP3D1",11
"GO:2000379","positive regulation of reactive oxygen species metabolic process","8/342","58/12706",0.137931034482759,5.12442024601734,5.23584604319367,0.000150416191725112,0.00922390904740123,0.00798559306493082,"SYK/TGFB1/SOD2/CYBA/SIRPA/ITGAM/RAB27A/ITGB2",8
"GO:0006898","receptor-mediated endocytosis","17/342","229/12706",0.074235807860262,2.75801220664471,4.46483515858437,0.000155342679319491,0.00929456525821113,0.00804676363200149,"RNASEK/SYK/AAK1/GRK2/CLTC/LRPAP1/PICALM/PPP3R1/RAB31/ARAP1/RABEP1/ITGAM/HGS/SORL1/PDLIM7/ITGB2/APOC2",17
"GO:0090224","regulation of spindle organization","7/342","44/12706",0.159090909090909,5.910552897395,5.42658321138393,0.000156457700296032,0.00929456525821113,0.00804676363200149,"HSPA1A/DYNC1H1/CLTC/SENP6/DCTN1/NUMA1/RIPOR2",7
"GO:0045580","regulation of T cell differentiation","14/342","167/12706",0.0838323353293413,3.11454284413629,4.57471626253232,0.000167962531344197,0.00982451606416363,0.00850556818645025,"HLA-DRA/IL2RG/JUNB/SYK/TGFB1/CD69/ARID1A/RARA/SMARCA2/NFKBIZ/RUNX1/EP300/ARID2/AP3D1",14
"GO:0031623","receptor internalization","11/342","110/12706",0.1,3.71520467836257,4.7566750016419,0.000180876297041233,0.0104195709295571,0.00902073653664967,"SYK/GRK2/CLTC/LRPAP1/PICALM/PPP3R1/RAB31/ARAP1/RABEP1/HGS/ITGB2",11
"GO:0030522","intracellular receptor signaling pathway","23/342","373/12706",0.0616621983914209,2.29087687941928,4.20848479087398,0.000192869146431375,0.0109446043989864,0.00947528391030496,"DDX17/EGLN2/PAGR1/JUND/DDX3X/FOXP1/HSPA1A/PRKDC/NOP53/KLF2/HUWE1/RARA/CALR/GPS2/OGT/UBR5/CNOT1/RANBP2/EP300/ZBTB7A/PIM1/NFKBIA/PUM1",23
"GO:0009755","hormone-mediated signaling pathway","14/342","173/12706",0.0809248554913295,3.00652401717202,4.41937427825835,0.000242973788940925,0.0135850933169617,0.0117612854182395,"CSNK2B/DDX17/EGLN2/PAGR1/FOXP1/KLF2/GNAQ/RARA/CALR/UBR5/CNOT1/EP300/ZBTB7A/PIM1",14
"GO:0045619","regulation of lymphocyte differentiation","15/342","197/12706",0.0761421319796954,2.82883604951465,4.30246632841798,0.000286134116383745,0.0156342440298211,0.0135353362721146,"HLA-DRA/IL2RG/JUNB/SYK/TGFB1/CD69/PRKDC/ARID1A/RARA/SMARCA2/NFKBIZ/RUNX1/EP300/ARID2/AP3D1",15
"GO:0042093","T-helper cell differentiation","9/342","80/12706",0.1125,4.1796052631579,4.74467203028467,0.000287847733321273,0.0156342440298211,0.0135353362721146,"HLA-DRA/JUNB/SPN/FOXP1/CD69/RARA/NFKBIZ/KMT2A/EP300",9
"GO:0001767","establishment of lymphocyte polarity","4/342","13/12706",0.307692307692308,11.4313990103464,6.25825108784129,0.000304171617257885,0.0160342524206973,0.0138816432679532,"DOCK8/MYH9/RIPOR2/SNX27",4
"GO:0060213","positive regulation of nuclear-transcribed mRNA poly(A) tail shortening","4/342","13/12706",0.307692307692308,11.4313990103464,6.25825108784129,0.000304171617257885,0.0160342524206973,0.0138816432679532,"BTG2/CNOT1/TNRC6A/ZFP36",4
"GO:0002287","alpha-beta T cell activation involved in immune response","9/342","81/12706",0.111111111111111,4.12800519818064,4.69694172236293,0.000316299035126853,0.0160342524206973,0.0138816432679532,"HLA-DRA/JUNB/SPN/FOXP1/CD69/RARA/NFKBIZ/KMT2A/EP300",9
"GO:0002293","alpha-beta T cell differentiation involved in immune response","9/342","81/12706",0.111111111111111,4.12800519818064,4.69694172236293,0.000316299035126853,0.0160342524206973,0.0138816432679532,"HLA-DRA/JUNB/SPN/FOXP1/CD69/RARA/NFKBIZ/KMT2A/EP300",9
"GO:0002294","CD4-positive, alpha-beta T cell differentiation involved in immune response","9/342","81/12706",0.111111111111111,4.12800519818064,4.69694172236293,0.000316299035126853,0.0160342524206973,0.0138816432679532,"HLA-DRA/JUNB/SPN/FOXP1/CD69/RARA/NFKBIZ/KMT2A/EP300",9
"GO:0046631","alpha-beta T cell activation","14/342","178/12706",0.0786516853932584,2.92207109534135,4.29496338757031,0.000325945089172119,0.0161123028665958,0.0139492153890875,"HLA-DRA/IL2RG/HLA-A/JUNB/SPN/SYK/FOXP1/CD69/RARA/NFKBIZ/KMT2A/RUNX1/EP300/AP3D1",14
"GO:0006913","nucleocytoplasmic transport","20/342","314/12706",0.0636942675159236,2.36637240660037,4.07740728192818,0.000330552241871245,0.0161123028665958,0.0139492153890875,"DDX39B/HNRNPA1/SYK/TGFB1/ADAR/TARDBP/SMG1/RBM4/PABPN1/FLNA/PPP3R1/SARNP/XPO1/CALR/UBR5/RANBP2/IWS1/EP300/NFKBIA/IPO7",20
"GO:0051169","nuclear transport","20/342","314/12706",0.0636942675159236,2.36637240660037,4.07740728192818,0.000330552241871245,0.0161123028665958,0.0139492153890875,"DDX39B/HNRNPA1/SYK/TGFB1/ADAR/TARDBP/SMG1/RBM4/PABPN1/FLNA/PPP3R1/SARNP/XPO1/CALR/UBR5/RANBP2/IWS1/EP300/NFKBIA/IPO7",20
"GO:0097242","amyloid-beta clearance","6/342","36/12706",0.166666666666667,6.19200779727095,5.18822937736747,0.000358147211882493,0.0171504235222448,0.01484796764973,"SYK/CLTC/LRPAP1/PICALM/ITGAM/ITGB2",6
"GO:0035710","CD4-positive, alpha-beta T cell activation","11/342","119/12706",0.092436974789916,3.43422281193179,4.43704243406826,0.000360871615407572,0.0171504235222448,0.01484796764973,"HLA-DRA/IL2RG/JUNB/SPN/FOXP1/CD69/RARA/NFKBIZ/KMT2A/RUNX1/EP300",11
"GO:0002366","leukocyte activation involved in immune response","18/342","270/12706",0.0666666666666667,2.47680311890838,4.07929408634243,0.000378829798128889,0.0177816159566177,0.0153944220760109,"HLA-DRA/STXBP2/JUNB/SPN/GRN/SYK/CD84/TGFB1/FOXP1/CD69/RARA/NFKBIZ/KMT2A/EP300/FGR/ITGAM/RAB27A/ITGB2",18
"GO:0002399","MHC class II protein complex assembly","4/342","14/12706",0.285714285714286,10.6148705096074,5.98636668496868,0.000416845076291771,0.019094517832064,0.016531065993207,"HLA-DRA/HLA-DRB5/HLA-DPA1/HLA-DMA",4
"GO:0002503","peptide antigen assembly with MHC class II protein complex","4/342","14/12706",0.285714285714286,10.6148705096074,5.98636668496868,0.000416845076291771,0.019094517832064,0.016531065993207,"HLA-DRA/HLA-DRB5/HLA-DPA1/HLA-DMA",4
"GO:0045055","regulated exocytosis","14/342","183/12706",0.0765027322404372,2.84223308727191,4.17481103027984,0.000432096533047876,0.0191184374143638,0.0165517743555236,"STXBP2/SYK/CD84/P2RX1/PLEK/RAB31/MYH9/HCK/RAB11FIP1/STXBP5/FGR/ITGAM/RAB27A/ITGB2",14
"GO:0050777","negative regulation of immune response","14/342","183/12706",0.0765027322404372,2.84223308727191,4.17481103027984,0.000432096533047876,0.0191184374143638,0.0165517743555236,"HLA-B/HLA-A/SPN/GRN/SYK/TGFB1/ADAR/CD69/CD59/HCK/RANBP2/LYAR/FGR/PIM1",14
"GO:0002263","cell activation involved in immune response","18/342","273/12706",0.0659340659340659,2.44958550221708,4.02678167025726,0.000432452818946683,0.0191184374143638,0.0165517743555236,"HLA-DRA/STXBP2/JUNB/SPN/GRN/SYK/CD84/TGFB1/FOXP1/CD69/RARA/NFKBIZ/KMT2A/EP300/FGR/ITGAM/RAB27A/ITGB2",18
"GO:0043299","leukocyte degranulation","8/342","68/12706",0.117647058823529,4.37082903336773,4.63524715759559,0.000459444976844953,0.0199975423692404,0.0173128588799841,"STXBP2/SYK/CD84/HCK/FGR/ITGAM/RAB27A/ITGB2",8
"GO:0033002","muscle cell proliferation","13/342","163/12706",0.0797546012269939,2.96304667599469,4.19512211048414,0.00046285737203923,0.0199975423692404,0.0173128588799841,"FOS/AIF1/JUN/TGFB1/FOXP1/SOD2/PRKDC/JARID2/CYBA/RUNX1/PIM1/ARID2/PTEN",13
"GO:2000377","regulation of reactive oxygen species metabolic process","11/342","124/12706",0.0887096774193548,3.29574608564422,4.27248694316574,0.000513854207925178,0.0219513898711407,0.0190044010429572,"NDUFC2/PARL/SYK/TGFB1/SOD2/CYBA/SIRPA/ITGAM/RAB27A/ACP5/ITGB2",11
"GO:0007623","circadian rhythm","13/342","165/12706",0.0787878787878788,2.92713095870991,4.14388797211086,0.000520095858873384,0.0219711606159623,0.0190215175520125,"JUND/TARDBP/PRKDC/RBM4/GNAQ/HUWE1/MYCBP2/OGT/HNRNPD/KMT2A/EP300/PTEN/IMPDH2",13
"GO:0032102","negative regulation of response to external stimulus","20/342","326/12706",0.0613496932515337,2.27926667384207,3.89162023995971,0.000534432220458616,0.0223185807444176,0.0193222962949677,"HLA-B/HLA-A/AIF1/SPN/DUSP1/GRN/SYK/TGFB1/ADAR/PLAUR/GPS2/HCK/RANBP2/SIRPA/LYAR/FGR/PIM1/CHD8/PTEN/ACP5",20
"GO:0002292","T cell differentiation involved in immune response","9/342","87/12706",0.103448275862069,3.84331518451301,4.42581289715744,0.000540060344157397,0.0223185807444176,0.0193222962949677,"HLA-DRA/JUNB/SPN/FOXP1/CD69/RARA/NFKBIZ/KMT2A/EP300",9
"GO:0007507","heart development","25/342","453/12706",0.0551876379690949,2.05033370770561,3.78596048686353,0.000551399569109975,0.022414887037386,0.0194056734034458,"CRIP1/AKAP13/BORCS8/JUN/TGFB1/GRK2/FOXP1/SOD2/PRKDC/JARID2/BASP1/PPP3R1/RARA/CNTRL/CALR/PLEC/RUNX1/EP300/AP1B1/PIM1/HECTD1/ARID2/PTEN/PDLIM7/CTCF",25
"GO:0060211","regulation of nuclear-transcribed mRNA poly(A) tail shortening","4/342","15/12706",0.266666666666667,9.90721247563353,5.74064127513533,0.000556428713662948,0.022414887037386,0.0194056734034458,"BTG2/CNOT1/TNRC6A/ZFP36",4
"GO:2000514","regulation of CD4-positive, alpha-beta T cell activation","8/342","70/12706",0.114285714285714,4.24594820384294,4.52904552718046,0.000560077398356568,0.022414887037386,0.0194056734034458,"HLA-DRA/IL2RG/JUNB/CD69/RARA/NFKBIZ/RUNX1/EP300",8
"GO:0051028","mRNA transport","11/342","127/12706",0.0866141732283465,3.21789381590459,4.1777306987141,0.000629289593681068,0.024922489949744,0.0215766289412357,"DDX39B/HNRNPA1/SMG1/PABPN1/SARNP/XPO1/RANBP2/IWS1/QKI/ZFP36/MVP",11
"GO:0043300","regulation of leukocyte degranulation","6/342","40/12706",0.15,5.57280701754386,4.81741451602458,0.000644749457544925,0.0252715199751114,0.0218788014513617,"STXBP2/SYK/CD84/FGR/ITGAM/ITGB2",6
"GO:0051602","response to electrical stimulus","5/342","27/12706",0.185185185185185,6.88000866363439,5.08672473459977,0.000679889909331898,0.0263769534212232,0.0228358297151541,"SOD2/BTG2/CALR/HNRNPD/PTEN",5
"GO:0031047","regulatory ncRNA-mediated gene silencing","11/342","129/12706",0.0852713178294574,3.16800398930142,4.11611302126156,0.000717657136550842,0.0275609336683465,0.0238608598191864,"DDX17/TSNAX/TGFB1/ADAR/RBM4/CNOT1/TNRC6A/EIF4G1/CELF1/ZFP36/PUM1",11
"GO:0002523","leukocyte migration involved in inflammatory response","4/342","16/12706",0.25,9.28801169590643,5.51696749370868,0.000726261338401558,0.0276124560860272,0.0239054653177018,"S100A8/S100A9/NINJ1/ITGB2",4
"GO:0060236","regulation of mitotic spindle organization","6/342","41/12706",0.146341463414634,5.43688489516474,4.73247559377851,0.000738414434493448,0.0277965512865751,0.0240648456139761,"HSPA1A/DYNC1H1/CLTC/DCTN1/NUMA1/RIPOR2",6
"GO:0061014","positive regulation of mRNA catabolic process","10/342","110/12706",0.0909090909090909,3.37745879851143,4.16498944791623,0.000756076086189227,0.028182365487171,0.0243988639991095,"TARDBP/BTG2/CNOT1/TNRC6A/HNRNPD/CSNK2A1/CELF1/QKI/ZFP36/PUM1",10
"GO:1901654","response to ketone","13/342","172/12706",0.0755813953488372,2.80800353597171,3.9704482811929,0.000769932715155583,0.0284202347866168,0.0246047991854012,"FOS/DUSP1/JUND/TGFB1/FOXP1/GNB1/GNAQ/CYBA/BTG2/CALR/HNRNPD/ITGAM/NASP",13
"GO:0002181","cytoplasmic translation","14/342","195/12706",0.0717948717948718,2.66732643574749,3.90222960272421,0.000813039596392853,0.0295427919791168,0.0255766523211324,"RPL17/RPS17/EIF4A1/RPS16/RPL26/RPS18/RPS6/EIF3A/RBM4/OGT/HNRNPD/EIF4G1/ETF1/CPEB4",14
"GO:0006356","regulation of transcription by RNA polymerase I","6/342","42/12706",0.142857142857143,5.30743525480368,4.650277204274,0.000842258395393416,0.0295427919791168,0.0255766523211324,"NOP53/FLNA/LYAR/WDR43/UBTF/BAZ1B",6
"GO:0042119","neutrophil activation","6/342","42/12706",0.142857142857143,5.30743525480368,4.650277204274,0.000842258395393416,0.0295427919791168,0.0255766523211324,"STXBP2/GRN/SYK/PREX1/ITGAM/ITGB2",6
"GO:0045622","regulation of T-helper cell differentiation","6/342","42/12706",0.142857142857143,5.30743525480368,4.650277204274,0.000842258395393416,0.0295427919791168,0.0255766523211324,"HLA-DRA/JUNB/CD69/RARA/NFKBIZ/EP300",6
"GO:0002758","innate immune response-activating signaling pathway","18/342","289/12706",0.0622837370242214,2.31396831178292,3.75790989013309,0.000843750899192527,0.0295427919791168,0.0255766523211324,"S100A8/S100A9/SYK/DDX3X/HSPA1A/PRKDC/NOP53/CYBA/GPS2/OGT/HCK/RANBP2/NFKBIZ/EP300/NFKBIA/CTSS/NINJ1/PUM1",18
"GO:0071383","cellular response to steroid hormone stimulus","13/342","174/12706",0.0747126436781609,2.77572763325939,3.92248845173198,0.000857547045563549,0.0295427919791168,0.0255766523211324,"DDX17/EGLN2/PAGR1/TGFB1/FOXP1/HSPA1A/MT-ND3/CALR/UBR5/CNOT1/EP300/ZBTB7A/ZFP36",13
"GO:0002286","T cell activation involved in immune response","10/342","112/12706",0.0892857142857143,3.3171470342523,4.09639331883889,0.000870276881026061,0.0295427919791168,0.0255766523211324,"HLA-DRA/JUNB/SPN/FOXP1/CD69/RARA/NFKBIZ/KMT2A/EP300/RAB27A",10
"GO:0002698","negative regulation of immune effector process","10/342","112/12706",0.0892857142857143,3.3171470342523,4.09639331883889,0.000870276881026061,0.0295427919791168,0.0255766523211324,"HLA-B/HLA-A/SPN/GRN/CD84/TGFB1/CD69/CD59/PRG2/ACP5",10
"GO:0046822","regulation of nucleocytoplasmic transport","10/342","112/12706",0.0892857142857143,3.3171470342523,4.09639331883889,0.000870276881026061,0.0295427919791168,0.0255766523211324,"TGFB1/TARDBP/RBM4/FLNA/XPO1/UBR5/RANBP2/IWS1/EP300/NFKBIA",10
"GO:0002483","antigen processing and presentation of endogenous peptide antigen","4/342","17/12706",0.235294117647059,8.74165806673547,5.31209260015474,0.000929718702118239,0.0310069342583644,0.026844232516378,"GET3/HLA-DRA/HLA-B/HLA-A",4
"GO:0035278","miRNA-mediated gene silencing by inhibition of translation","4/342","17/12706",0.235294117647059,8.74165806673547,5.31209260015474,0.000929718702118239,0.0310069342583644,0.026844232516378,"RBM4/TNRC6A/EIF4G1/ZFP36",4
"GO:0048384","retinoic acid receptor signaling pathway","5/342","29/12706",0.172413793103448,6.40552530752168,4.84673805092662,0.000956985977277765,0.0316387885705223,0.0273912599629068,"KLF2/RARA/CALR/UBR5/CNOT1",5
"GO:0007059","chromosome segregation","22/342","393/12706",0.0559796437659033,2.07975834412154,3.61627787115566,0.000976548779613913,0.0320072281042422,0.0277102362418576,"CIAO2B/CIAO2A/DUSP1/DDX3X/HSPA1A/DYNC1H1/ARID1A/FLNA/EML4/SENP6/TOP2B/SMARCA2/NUMA1/CSNK2A1/ARID2/CIAO1/STAG1/BAZ1B/PTEN/PUM1/CTCF/RIPOR2",22
"GO:0051170","import into nucleus","12/342","157/12706",0.0764331210191083,2.83964688792044,3.85745284856671,0.00110303501261748,0.0358439240852279,0.0310318532114698,"HNRNPA1/SYK/TGFB1/ADAR/TARDBP/FLNA/PPP3R1/UBR5/RANBP2/EP300/NFKBIA/IPO7",12
"GO:0002474","antigen processing and presentation of peptide antigen via MHC class I","5/342","30/12706",0.166666666666667,6.19200779727095,4.73506273801193,0.00112336644143147,0.0361952475451056,0.0313360112609832,"GET3/HLA-B/HLA-A/IFI30/CALR",5
"GO:0061158","3'-UTR-mediated mRNA destabilization","4/342","18/12706",0.222222222222222,8.25601039636127,5.12340223503575,0.00117019319795547,0.037387180996863,0.0323679268465878,"TARDBP/HNRNPD/ZFP36/PUM1",4
"GO:0140694","membraneless organelle assembly","22/342","399/12706",0.0551378446115288,2.0484837825558,3.53910098056647,0.00118791848822186,0.0376372174351626,0.0325843957251733,"AKAP13/PRRC2C/RPS6/RNF213/DDX3X/HSPA1A/PRKDC/DYNC1H1/NOP53/FLNA/SENP6/OGT/HCK/CNOT1/TNRC6A/PLEC/NUMA1/CSNK2A1/QKI/STAG1/PTEN/RIPOR2",22
"GO:0045333","cellular respiration","18/342","300/12706",0.06,2.22912280701754,3.583116309493,0.0012910042868624,0.0405652751954616,0.0351193597652782,"NDUFB8/NDUFA7/NDUFC2/IL10RB/SDHAF2/ATP5PO/MT-ATP6/SOD2/MT-ND3/NOP53/OXA1L/PFKL/ETFB/OGT/PLEC/EP300/ZBTB7A/HK3",18
"GO:0090169","regulation of spindle assembly","5/342","31/12706",0.161290322580645,5.99226561026221,4.62834193065687,0.00131024004999453,0.0407081462886241,0.0352430503182612,"HSPA1A/DYNC1H1/SENP6/NUMA1/RIPOR2",5
"GO:0097305","response to alcohol","14/342","205/12706",0.0682926829268293,2.53721295107688,3.69028134014584,0.0013183078638653,0.0407081462886241,0.0352430503182612,"S100A8/FOS/RPS6/JUND/CD4/CD68/TGFB1/SOD2/GNB1/GNAQ/RARA/CYBA/BTG2/HNRNPD",14
"GO:0035195","miRNA-mediated post-transcriptional gene silencing","7/342","62/12706",0.112903225806452,4.19458592718355,4.19361990381781,0.00132767231451588,0.0407081462886241,0.0352430503182612,"TGFB1/RBM4/CNOT1/TNRC6A/EIF4G1/ZFP36/PUM1",7
"GO:0031348","negative regulation of defense response","15/342","230/12706",0.0652173913043478,2.42295957284516,3.62192694433204,0.00142559457489649,0.0433608845900515,0.0375396567216952,"HLA-B/HLA-A/SPN/GRN/SYK/TGFB1/ADAR/GPS2/HCK/RANBP2/SIRPA/LYAR/FGR/PIM1/ACP5",15
"GO:0030595","leukocyte chemotaxis","13/342","185/12706",0.0702702702702703,2.61068436857911,3.67026726188503,0.00150300712408957,0.0453526435380043,0.0392640206936348,"S100A8/S100A9/AIF1/DUSP1/SYK/CALR/IL17RA/PLEC/PREX1/LYST/NINJ1/RIPOR2/ITGB2",13
"GO:0071675","regulation of mononuclear cell migration","10/342","121/12706",0.0826446280991736,3.07041708955585,3.80578989344421,0.00157328910246645,0.0466755237473685,0.040409303346721,"AIF1/SPN/DUSP1/TGFB1/CD69/DOCK8/CALR/NINJ1/RIPOR2/STK10",10
"GO:0002757","immune response-activating signaling pathway","25/342","488/12706",0.0512295081967213,1.90328108522673,3.38418157230315,0.00157981798979433,0.0466755237473685,0.040409303346721,"S100A8/S100A9/HLA-A/FYB1/SYK/DDX3X/FOXP1/HSPA1A/PRKDC/NOP53/CYBA/DGKZ/GPS2/OGT/HCK/RANBP2/NFKBIZ/EP300/FGR/NFKBIA/CTSS/ITGAM/NINJ1/MYO1G/PUM1",25
"GO:1903305","regulation of regulated secretory pathway","9/342","101/12706",0.0891089108910891,3.31057842626368,3.877313037243,0.00158367768632576,0.0466755237473685,0.040409303346721,"STXBP2/SYK/CD84/P2RX1/STXBP5/FGR/ITGAM/RAB27A/ITGB2",9
"GO:0002218","activation of innate immune response","18/342","307/12706",0.0586319218241042,2.17829590262301,3.4757706748185,0.0016698078904045,0.0488354584562916,0.0422792653708087,"S100A8/S100A9/SYK/DDX3X/HSPA1A/PRKDC/NOP53/CYBA/GPS2/OGT/HCK/RANBP2/NFKBIZ/EP300/NFKBIA/CTSS/NINJ1/PUM1",18
"GO:0036230","granulocyte activation","6/342","48/12706",0.125,4.64400584795322,4.20666596557204,0.00172119324631361,0.0492799309129159,0.042664067101716,"STXBP2/GRN/SYK/PREX1/ITGAM/ITGB2",6
"GO:0006515","protein quality control for misfolded or incompletely synthesized proteins","5/342","33/12706",0.151515151515152,5.62909799751905,4.42827432441039,0.00175143749293024,0.0492799309129159,0.042664067101716,"OXA1L/UBE2W/RARA/UBR5/CLPP",5
"GO:0043372","positive regulation of CD4-positive, alpha-beta T cell differentiation","5/342","33/12706",0.151515151515152,5.62909799751905,4.42827432441039,0.00175143749293024,0.0492799309129159,0.042664067101716,"HLA-DRA/IL2RG/RARA/NFKBIZ/EP300",5
"GO:0033273","response to vitamin","7/342","65/12706",0.107692307692308,4.00098965362123,4.03414357164275,0.00175476278565854,0.0492799309129159,0.042664067101716,"CD4/TGFB1/SOD2/RARA/UBR5/NFKBIZ/PIM1",7
"GO:0009205","purine ribonucleoside triphosphate metabolic process","15/342","235/12706",0.0638297872340425,2.37140724150803,3.52915407749709,0.0017625447679811,0.0492799309129159,0.042664067101716,"NDUFB8/NDUFA7/NDUFC2/ATP5PO/MT-ATP6/TGFB1/HSPA1A/MT-ND3/PFKL/OGT/NME4/EP300/ZBTB7A/HK3/IMPDH2",15
"GO:0002283","neutrophil activation involved in immune response","4/342","20/12706",0.2,7.43040935672515,4.78643487937655,0.00177573659523132,0.0492799309129159,0.042664067101716,"STXBP2/SYK/ITGAM/ITGB2",4
"GO:1902074","response to salt","4/342","20/12706",0.2,7.43040935672515,4.78643487937655,0.00177573659523132,0.0492799309129159,0.042664067101716,"HNRNPA1/TGFB1/XPO1/HNRNPD",4
"GO:0007229","integrin-mediated signaling pathway","9/342","103/12706",0.087378640776699,3.24629535002555,3.80688179336432,0.00181626256004295,0.0496793543401677,0.0430098676656896,"FYB1/SYK/FLNA/PLEK/MYH9/HCK/FGR/ITGAM/ITGB2",9
"GO:0061157","mRNA destabilization","9/342","103/12706",0.087378640776699,3.24629535002555,3.80688179336432,0.00181626256004295,0.0496793543401677,0.0430098676656896,"TARDBP/BTG2/CNOT1/TNRC6A/HNRNPD/CSNK2A1/CELF1/ZFP36/PUM1",9
"GO:0050821","protein stabilization","14/342","213/12706",0.0657276995305164,2.44191856793784,3.52953957377226,0.00189160417971235,0.0513705649376168,0.0444740321049663,"IFI30/GRN/AAK1/HSPA1A/NOP53/FLNA/GNAQ/CALR/CSNK2A1/USP33/EP300/PIM1/PTEN/CFP",14
"GO:0071356","cellular response to tumor necrosis factor","13/342","190/12706",0.068421052631579,2.54198214835334,3.56159275037045,0.00190797810734233,0.0514394836614174,0.0445336984438252,"FOS/SYK/FOXP1/HSPA1A/CPNE1/PRPF8/KLF2/CYBA/COMMD7/GPS2/NFKBIA/ZFP36/NKIRAS2",13
"GO:0030099","myeloid cell differentiation","22/342","415/12706",0.0530120481927711,1.96950609455365,3.33965705561223,0.00195352695637106,0.0514394836614174,0.0445336984438252,"FOS/JUNB/CD4/JUN/TGFB1/FOXP1/ADAR/HSPA1A/PRKDC/EVI2B/FLNA/KLF2/RARA/MYH9/LYAR/RUNX1/EP300/ZBTB7A/HIPK2/QKI/NFKBIA/ZFP36",22
"GO:0043484","regulation of RNA splicing","12/342","168/12706",0.0714285714285714,2.65371762740184,3.58858099934234,0.0019683642788633,0.0514394836614174,0.0445336984438252,"HNRNPH2/DDX17/HNRNPA1/HSPA1A/MBNL1/RBM4/POLR2A/HNRNPH1/CELF1/ZBTB7A/QKI/MBNL2",12
"GO:0042307","positive regulation of protein import into nucleus","5/342","34/12706",0.147058823529412,5.46353629170967,4.33427872558739,0.00200879768753942,0.0514394836614174,0.0445336984438252,"TGFB1/TARDBP/FLNA/UBR5/EP300",5
"GO:0010936","negative regulation of macrophage cytokine production","3/342","10/12706",0.3,11.1456140350877,5.33784267290159,0.00201510070820046,0.0514394836614174,0.0445336984438252,"TGFB1/PRG2/ACP5",3
"GO:0036490","regulation of translation in response to endoplasmic reticulum stress","3/342","10/12706",0.3,11.1456140350877,5.33784267290159,0.00201510070820046,0.0514394836614174,0.0445336984438252,"PPP1R15A/DDX3X/EIF4G1",3
"GO:1904627","response to phorbol 13-acetate 12-myristate","3/342","10/12706",0.3,11.1456140350877,5.33784267290159,0.00201510070820046,0.0514394836614174,0.0445336984438252,"FOS/CYBA/BTG2",3
"GO:0032355","response to estradiol","8/342","85/12706",0.0941176470588235,3.49666322669419,3.84099227409931,0.0020159082234485,0.0514394836614174,0.0445336984438252,"ARPC1B/DUSP1/CD4/TGFB1/RARA/CALR/HNRNPD/ITGAM",8
"GO:0045445","myoblast differentiation","8/342","85/12706",0.0941176470588235,3.49666322669419,3.84099227409931,0.0020159082234485,0.0514394836614174,0.0445336984438252,"DDX17/TGFB1/MBNL1/ARID1A/SMARCA2/PLEC/ARID2/RIPOR2",8
"GO:0022613","ribonucleoprotein complex biogenesis","23/342","443/12706",0.0519187358916479,1.92888730479321,3.30969074766856,0.0020319184748609,0.0515023602761409,0.0445881338308072,"RBIS/DDX39B/RPS17/RPS16/RPL26/DDX17/RPS6/DDX3X/ADAR/EIF3A/PRKDC/NOP53/PRPF8/LUC7L3/SNRNP200/XPO1/FBL/LYAR/CELF1/DDX42/WDR43/WDR74/EMG1",23
"GO:0071674","mononuclear cell migration","13/342","192/12706",0.0677083333333333,2.51550316764133,3.51908921430437,0.0020933800616003,0.0520353716673808,0.0450495880849137,"AIF1/SPN/DUSP1/TGFB1/CD69/DOCK8/CALR/PLEC/SIRPA/NINJ1/MYO1G/RIPOR2/STK10",13
"GO:0007492","endoderm development","7/342","67/12706",0.104477611940299,3.88155712664746,3.93304728563627,0.00209400627698823,0.0520353716673808,0.0450495880849137,"DUSP1/TGFB1/BPTF/MYH9/TNRC6A/EP300/ITGB2",7
"GO:0072678","T cell migration","7/342","67/12706",0.104477611940299,3.88155712664746,3.93304728563627,0.00209400627698823,0.0520353716673808,0.0450495880849137,"AIF1/SPN/CD69/DOCK8/PLEC/MYO1G/RIPOR2",7
"GO:0043302","positive regulation of leukocyte degranulation","4/342","21/12706",0.19047619047619,7.07658033973823,4.63494457608911,0.00214751444703096,0.0530185060234526,0.0459007359936145,"SYK/FGR/ITGAM/ITGB2",4
"GO:0009206","purine ribonucleoside triphosphate biosynthetic process","9/342","106/12706",0.0849056603773585,3.15441906653426,3.70440731832558,0.00221559663738829,0.053998066765066,0.0467487900479973,"NDUFB8/NDUFA7/NDUFC2/ATP5PO/MT-ATP6/TGFB1/MT-ND3/NME4/IMPDH2",9
"GO:0050779","RNA destabilization","9/342","106/12706",0.0849056603773585,3.15441906653426,3.70440731832558,0.00221559663738829,0.053998066765066,0.0467487900479973,"TARDBP/BTG2/CNOT1/TNRC6A/HNRNPD/CSNK2A1/CELF1/ZFP36/PUM1",9
"GO:0008380","RNA splicing","22/342","421/12706",0.0522565320665083,1.94143712408496,3.26712444471597,0.00233315131269514,0.0554627684081663,0.0480168545121227,"DDX39B/HNRNPH2/HNRNPUL2/DDX17/HNRNPA1/HSPA1A/MBNL1/TARDBP/RBM4/PRPF8/LUC7L3/ZC3H13/SNRNP200/POLR2A/HNRNPH1/IWS1/CELF1/DDX42/ZBTB7A/QKI/CWC25/MBNL2",22
"GO:0006397","mRNA processing","23/342","448/12706",0.0513392857142857,1.90735954469507,3.25184247945264,0.00234332723510947,0.0554627684081663,0.0480168545121227,"DDX39B/HNRNPUL2/DDX17/HNRNPA1/ADAR/MBNL1/TARDBP/RBM4/PRPF8/PABPN1/LUC7L3/ZC3H13/PCF11/SNRNP200/HNRNPH1/IWS1/CELF1/DDX42/ZBTB7A/QKI/CWC25/CHD8/MBNL2",23
"GO:0009144","purine nucleoside triphosphate metabolic process","15/342","242/12706",0.0619834710743802,2.30281281716688,3.40315613603787,0.00234398831348178,0.0554627684081663,0.0480168545121227,"NDUFB8/NDUFA7/NDUFC2/ATP5PO/MT-ATP6/TGFB1/HSPA1A/MT-ND3/PFKL/OGT/NME4/EP300/ZBTB7A/HK3/IMPDH2",15
"GO:0002886","regulation of myeloid leukocyte mediated immunity","6/342","51/12706",0.117647058823529,4.37082903336773,4.0115446342847,0.00236129518283586,0.0554627684081663,0.0480168545121227,"STXBP2/SYK/CD84/FGR/ITGAM/ITGB2",6
"GO:0045058","T cell selection","6/342","51/12706",0.117647058823529,4.37082903336773,4.0115446342847,0.00236129518283586,0.0554627684081663,0.0480168545121227,"SPN/SYK/CD4/CD69/NFATC3/EP300",6
"GO:0009145","purine nucleoside triphosphate biosynthetic process","9/342","107/12706",0.0841121495327103,3.12493851451058,3.67105683762693,0.00236322158919593,0.0554627684081663,0.0480168545121227,"NDUFB8/NDUFA7/NDUFC2/ATP5PO/MT-ATP6/TGFB1/MT-ND3/NME4/IMPDH2",9
"GO:0006606","protein import into nucleus","11/342","151/12706",0.0728476821192053,2.70644049417141,3.50826308018322,0.00256936147967376,0.0585029442092212,0.050648884670737,"SYK/TGFB1/ADAR/TARDBP/FLNA/PPP3R1/UBR5/RANBP2/EP300/NFKBIA/IPO7",11
"GO:0050657","nucleic acid transport","11/342","151/12706",0.0728476821192053,2.70644049417141,3.50826308018322,0.00256936147967376,0.0585029442092212,0.050648884670737,"DDX39B/HNRNPA1/SMG1/PABPN1/SARNP/XPO1/RANBP2/IWS1/QKI/ZFP36/MVP",11
"GO:0050658","RNA transport","11/342","151/12706",0.0728476821192053,2.70644049417141,3.50826308018322,0.00256936147967376,0.0585029442092212,0.050648884670737,"DDX39B/HNRNPA1/SMG1/PABPN1/SARNP/XPO1/RANBP2/IWS1/QKI/ZFP36/MVP",11
"GO:0035994","response to muscle stretch","4/342","22/12706",0.181818181818182,6.75491759702286,4.49307039289511,0.00256969797026301,0.0585029442092212,0.050648884670737,"FOS/JUN/NFKBIA/RAF1",4
"GO:2000319","regulation of T-helper 17 cell differentiation","4/342","22/12706",0.181818181818182,6.75491759702286,4.49307039289511,0.00256969797026301,0.0585029442092212,0.050648884670737,"JUNB/CD69/NFKBIZ/EP300",4
"GO:0002274","myeloid leukocyte activation","14/342","221/12706",0.0633484162895928,2.35352332565955,3.3758916353837,0.00265824035887794,0.0596852168698435,0.0516724364329025,"AIF1/STXBP2/GRN/SYK/JUND/CD84/JUN/TGFB1/FOXP1/PREX1/FGR/ITGAM/PTPRE/ITGB2",14
"GO:0045921","positive regulation of exocytosis","7/342","70/12706",0.1,3.71520467836257,3.78850333759438,0.00269538080054941,0.0596852168698435,0.0516724364329025,"SYK/STXBP5/FGR/ITGAM/HGS/RAB27A/ITGB2",7
"GO:0072594","establishment of protein localization to organelle","22/342","426/12706",0.0516431924882629,1.91865030337973,3.20757432469068,0.00269565677935118,0.0596852168698435,0.0516724364329025,"TOMM6/TIMM10B/PARL/SYK/CD68/TGFB1/ADAR/TARDBP/OXA1L/FLNA/PPP3R1/HUWE1/UBR5/RANBP2/PAM16/CSNK2A1/EP300/NFKBIA/IPO7/HGS/AP3D1/SORL1",22
"GO:0045824","negative regulation of innate immune response","8/342","89/12706",0.0898876404494382,3.33950982324726,3.68351730411188,0.00269704598492607,0.0596852168698435,0.0516724364329025,"HLA-B/HLA-A/GRN/TGFB1/ADAR/RANBP2/LYAR/PIM1",8
"GO:0051764","actin crosslink formation","3/342","11/12706",0.272727272727273,10.1323763955343,5.03946789004397,0.00271581865294133,0.0596852168698435,0.0516724364329025,"AIF1/FLNA/MARCKS",3
"GO:1900424","regulation of defense response to bacterium","3/342","11/12706",0.272727272727273,10.1323763955343,5.03946789004397,0.00271581865294133,0.0596852168698435,0.0516724364329025,"GRN/FOXP1/CYBA",3
"GO:0007051","spindle organization","13/342","199/12706",0.0653266331658292,2.42701813159364,3.37442938316836,0.00286289625493664,0.0624858114976141,0.0540970493515987,"HSPA1A/DYNC1H1/CLTC/CHD3/FLNA/SENP6/MYH9/DCTN1/NUMA1/TACC1/STAG1/PTEN/RIPOR2",13
"GO:0002532","production of molecular mediator involved in inflammatory response","8/342","90/12706",0.0888888888888889,3.30240415854451,3.64554837132752,0.00289255729184116,0.0624858114976141,0.0540970493515987,"S100A9/GRN/SYK/P2RX1/IL17RA/SIRPA/NFKBIA/ZFP36",8
"GO:0006405","RNA export from nucleus","8/342","90/12706",0.0888888888888889,3.30240415854451,3.64554837132752,0.00289255729184116,0.0624858114976141,0.0540970493515987,"DDX39B/HNRNPA1/SMG1/PABPN1/SARNP/XPO1/RANBP2/IWS1",8
"GO:0043254","regulation of protein-containing complex assembly","20/342","376/12706",0.0531914893617021,1.97617270125669,3.19565533088324,0.00297309964901466,0.0629296183084314,0.0544812748000955,"SYK/DDX3X/TGFB1/HSPA1A/NOP53/PLEK/SENP6/OGT/HCK/EIF4G1/DCTN1/PREX1/NUMA1/STXBP5/EP300/SSH2/EVL/SORL1/ARFGEF1/RAF1",20
"GO:0051236","establishment of RNA localization","11/342","154/12706",0.0714285714285714,2.65371762740184,3.43388811281637,0.00299361863174602,0.0629296183084314,0.0544812748000955,"DDX39B/HNRNPA1/SMG1/PABPN1/SARNP/XPO1/RANBP2/IWS1/QKI/ZFP36/MVP",11
"GO:0045807","positive regulation of endocytosis","10/342","132/12706",0.0757575757575758,2.81454899875953,3.48529727864406,0.00299495663472079,0.0629296183084314,0.0544812748000955,"IL2RG/SYK/CYBA/RAB31/CALR/SIRPA/LYAR/ARAP1/RAB27A/CFP",10
"GO:0002433","immune response-regulating cell surface receptor signaling pathway involved in phagocytosis","4/342","23/12706",0.173913043478261,6.46122552758708,4.35977345603391,0.00304551545732545,0.0629296183084314,0.0544812748000955,"SYK/HCK/FGR/MYO1G",4
"GO:0006353","DNA-templated transcription termination","4/342","23/12706",0.173913043478261,6.46122552758708,4.35977345603391,0.00304551545732545,0.0629296183084314,0.0544812748000955,"MAZ/PCF11/POLR2A/WDR82",4
"GO:0038096","Fc-gamma receptor signaling pathway involved in phagocytosis","4/342","23/12706",0.173913043478261,6.46122552758708,4.35977345603391,0.00304551545732545,0.0629296183084314,0.0544812748000955,"SYK/HCK/FGR/MYO1G",4
"GO:0043555","regulation of translation in response to stress","4/342","23/12706",0.173913043478261,6.46122552758708,4.35977345603391,0.00304551545732545,0.0629296183084314,0.0544812748000955,"PPP1R15A/DDX3X/RBM4/EIF4G1",4
"GO:1903055","positive regulation of extracellular matrix organization","4/342","23/12706",0.173913043478261,6.46122552758708,4.35977345603391,0.00304551545732545,0.0629296183084314,0.0544812748000955,"IER3IP1/TGFB1/RUNX1/COLGALT1",4
"GO:0045471","response to ethanol","8/342","91/12706",0.0879120879120879,3.26611400295611,3.60810952922105,0.00309894494305268,0.0636875063431691,0.0551374158573298,"S100A8/FOS/RPS6/CD4/CD68/TGFB1/SOD2/RARA",8
"GO:0042306","regulation of protein import into nucleus","6/342","54/12706",0.111111111111111,4.12800519818064,3.83094259150612,0.003165860327646,0.0642585084823343,0.055631760575946,"TGFB1/TARDBP/FLNA/UBR5/EP300/NFKBIA",6
"GO:0006887","exocytosis","17/342","300/12706",0.0566666666666667,2.10528265107212,3.22209975361695,0.00316768459475991,0.0642585084823343,0.055631760575946,"STXBP2/SYK/CD84/P2RX1/PLEK/RAB31/MYH9/HCK/RAB11FIP1/STXBP5/FGR/ITGAM/HGS/RAB27A/MYO1G/ARFGEF1/ITGB2",17
"GO:0001906","cell killing","12/342","178/12706",0.0674157303370786,2.50463236743544,3.36217580377316,0.00317743282342947,0.0642585084823343,0.055631760575946,"HLA-DRA/HLA-B/HLA-A/STXBP2/TGFB1/CD59/LYST/PIM1/ITGAM/NINJ1/RAB27A/CTSH",12
"GO:0009201","ribonucleoside triphosphate biosynthetic process","9/342","112/12706",0.0803571428571429,2.98543233082707,3.50996791087586,0.00322270344011045,0.0648291983031743,0.0561258349051818,"NDUFB8/NDUFA7/NDUFC2/ATP5PO/MT-ATP6/TGFB1/MT-ND3/NME4/IMPDH2",9
"GO:0031667","response to nutrient levels","22/342","433/12706",0.0508083140877598,1.8876328619856,3.12552403488706,0.00328231502316876,0.0656808511478296,0.0568631527836494,"FOS/HNRNPA1/SYK/CD4/CD68/TGFB1/SOD2/UBE2W/RARA/CYBA/MAT2A/OGT/UBR5/TNRC6A/NFKBIZ/EIF4G1/PLEC/EP300/PIM1/ZFP36/CPEB4/SORL1",22
"GO:1903311","regulation of mRNA metabolic process","16/342","276/12706",0.0579710144927536,2.15374184252903,3.22291246118231,0.00332009446445698,0.0660890008055782,0.0572165080758169,"DDX17/HNRNPA1/TARDBP/RBM4/NORAD/BTG2/CNOT1/TNRC6A/HNRNPD/IWS1/CSNK2A1/CELF1/ZBTB7A/QKI/ZFP36/PUM1",16
"GO:0001909","leukocyte mediated cytotoxicity","9/342","113/12706",0.079646017699115,2.95901257568701,3.47882621037312,0.00342089604584487,0.0666863910765287,0.0577336983018094,"HLA-DRA/HLA-B/HLA-A/STXBP2/TGFB1/LYST/ITGAM/RAB27A/CTSH",9
"GO:0031507","heterochromatin formation","9/342","113/12706",0.079646017699115,2.95901257568701,3.47882621037312,0.00342089604584487,0.0666863910765287,0.0577336983018094,"SMCHD1/JARID2/MIS18BP1/TRIP12/UBR5/SMARCA2/KMT2A/ATF7IP/CTCF",9
"GO:0045428","regulation of nitric oxide biosynthetic process","6/342","55/12706",0.109090909090909,4.05295055821372,3.77363227321918,0.00347475475940599,0.0666863910765287,0.0577336983018094,"SOD2/KLF2/NFATC3/SIRPA/ACP5/ITGB2",6
"GO:1903313","positive regulation of mRNA metabolic process","10/342","135/12706",0.0740740740740741,2.75200346545376,3.40359456466592,0.00352227066121015,0.0666863910765287,0.0577336983018094,"TARDBP/BTG2/CNOT1/TNRC6A/HNRNPD/CSNK2A1/CELF1/QKI/ZFP36/PUM1",10
"GO:0001768","establishment of T cell polarity","3/342","12/12706",0.25,9.28801169590643,4.77708117165111,0.003549381999643,0.0666863910765287,0.0577336983018094,"DOCK8/MYH9/RIPOR2",3
"GO:0048385","regulation of retinoic acid receptor signaling pathway","3/342","12/12706",0.25,9.28801169590643,4.77708117165111,0.003549381999643,0.0666863910765287,0.0577336983018094,"KLF2/CALR/CNOT1",3
"GO:0060148","positive regulation of post-transcriptional gene silencing","3/342","12/12706",0.25,9.28801169590643,4.77708117165111,0.003549381999643,0.0666863910765287,0.0577336983018094,"TGFB1/ZFP36/PUM1",3
"GO:0070486","leukocyte aggregation","3/342","12/12706",0.25,9.28801169590643,4.77708117165111,0.003549381999643,0.0666863910765287,0.0577336983018094,"S100A8/S100A9/STK10",3
"GO:1900370","positive regulation of post-transcriptional gene silencing by RNA","3/342","12/12706",0.25,9.28801169590643,4.77708117165111,0.003549381999643,0.0666863910765287,0.0577336983018094,"TGFB1/ZFP36/PUM1",3
"GO:2000637","positive regulation of miRNA-mediated gene silencing","3/342","12/12706",0.25,9.28801169590643,4.77708117165111,0.003549381999643,0.0666863910765287,0.0577336983018094,"TGFB1/ZFP36/PUM1",3
"GO:0007005","mitochondrion organization","20/342","382/12706",0.0523560209424084,1.94513333945684,3.11939096031671,0.00355564256326804,0.0666863910765287,0.0577336983018094,"TOMM6/MICOS10/TIMM10B/NDUFC2/MICOS13/PARL/SDHAF2/MCL1/HSPA1A/SOD2/OXA1L/PLAUR/HUWE1/TRABD/CHCHD7/PLEC/EP300/MARCKS/CLPP/CTCF",20
"GO:0002862","negative regulation of inflammatory response to antigenic stimulus","4/342","24/12706",0.166666666666667,6.19200779727095,4.23416689190342,0.00357812303514252,0.0666863910765287,0.0577336983018094,"SPN/SYK/HCK/FGR",4
"GO:0019883","antigen processing and presentation of endogenous antigen","4/342","24/12706",0.166666666666667,6.19200779727095,4.23416689190342,0.00357812303514252,0.0666863910765287,0.0577336983018094,"GET3/HLA-DRA/HLA-B/HLA-A",4
"GO:0002833","positive regulation of response to biotic stimulus","20/342","383/12706",0.0522193211488251,1.94005466233033,3.10681333083132,0.00366143214710179,0.0679061708452731,0.0587897218176497,"S100A8/S100A9/GRN/SYK/DDX3X/HSPA1A/PRKDC/NOP53/CYBA/GPS2/OGT/HCK/RANBP2/NFKBIZ/EP300/NFKBIA/CTSS/NINJ1/CFP/PUM1",20
"GO:0001774","microglial cell activation","5/342","39/12706",0.128205128205128,4.76308292097766,3.91435397221446,0.00372506258299367,0.0680898458679901,0.058948738345249,"AIF1/GRN/JUN/ITGAM/ITGB2",5
"GO:1903307","positive regulation of regulated secretory pathway","5/342","39/12706",0.128205128205128,4.76308292097766,3.91435397221446,0.00372506258299367,0.0680898458679901,0.058948738345249,"SYK/FGR/ITGAM/RAB27A/ITGB2",5
"GO:2000516","positive regulation of CD4-positive, alpha-beta T cell activation","5/342","39/12706",0.128205128205128,4.76308292097766,3.91435397221446,0.00372506258299367,0.0680898458679901,0.058948738345249,"HLA-DRA/IL2RG/RARA/NFKBIZ/EP300",5
"GO:0045637","regulation of myeloid cell differentiation","12/342","182/12706",0.0659340659340659,2.44958550221708,3.27588683624786,0.00380443399653268,0.0692079332766375,0.0599167217686108,"FOS/CD4/TGFB1/FOXP1/HSPA1A/PRKDC/EVI2B/RARA/RUNX1/QKI/NFKBIA/ZFP36",12
"GO:0034612","response to tumor necrosis factor","13/342","206/12706",0.0631067961165049,2.34454664168512,3.23575302233969,0.00384953523388149,0.0696949188534163,0.060338329204749,"FOS/SYK/FOXP1/HSPA1A/CPNE1/PRPF8/KLF2/CYBA/COMMD7/GPS2/NFKBIA/ZFP36/NKIRAS2",13
"GO:0002221","pattern recognition receptor signaling pathway","16/342","281/12706",0.0569395017793594,2.1154190339431,3.14458908014294,0.00395392087704279,0.0712455316327806,0.0616807711774149,"S100A8/S100A9/SYK/DDX3X/HSPA1A/PRKDC/NOP53/CYBA/GPS2/OGT/RANBP2/NFKBIZ/NFKBIA/CTSS/NINJ1/PUM1",16
"GO:0072676","lymphocyte migration","8/342","95/12706",0.0842105263157895,3.12859341335796,3.46338397604486,0.00404139412965855,0.0724782098158576,0.0627479614868039,"AIF1/SPN/CD69/DOCK8/PLEC/MYO1G/RIPOR2/STK10",8
"GO:0045089","positive regulation of innate immune response","19/342","361/12706",0.0526315789473684,1.95537088334872,3.06267521928093,0.00419922003538656,0.0749550918992475,0.0648923204875403,"S100A8/S100A9/SYK/DDX3X/HSPA1A/PRKDC/NOP53/CYBA/GPS2/OGT/HCK/RANBP2/NFKBIZ/EP300/NFKBIA/CTSS/NINJ1/CFP/PUM1",19
"GO:0048511","rhythmic process","14/342","233/12706",0.0600858369098712,2.23231182390884,3.15743198713419,0.00427295337402774,0.0754644851406231,0.0653333273442588,"JUND/TARDBP/PRKDC/RBM4/GNAQ/HUWE1/MYCBP2/OGT/HNRNPD/KMT2A/CSNK2A1/EP300/PTEN/IMPDH2",14
"GO:0009141","nucleoside triphosphate metabolic process","15/342","258/12706",0.0581395348837209,2.16000271997824,3.13068923741733,0.00428549135280435,0.0754644851406231,0.0653333273442588,"NDUFB8/NDUFA7/NDUFC2/ATP5PO/MT-ATP6/TGFB1/HSPA1A/MT-ND3/PFKL/OGT/NME4/EP300/ZBTB7A/HK3/IMPDH2",15
"GO:0071229","cellular response to acid chemical","7/342","76/12706",0.0921052631578947,3.42189904586026,3.52194075800296,0.00428730373234471,0.0754644851406231,0.0653333273442588,"KLF2/CYBA/MAT2A/HNRNPD/PLEC/EP300/CPEB4",7
"GO:0048259","regulation of receptor-mediated endocytosis","8/342","96/12706",0.0833333333333333,3.09600389863548,3.42839654584538,0.00430830838263491,0.0754847394966724,0.0653508625394099,"SYK/AAK1/LRPAP1/PICALM/PPP3R1/ARAP1/RABEP1/APOC2",8
"GO:1900044","regulation of protein K63-linked ubiquitination","3/342","13/12706",0.230769230769231,8.57354925775978,4.54370241558049,0.00452294511435853,0.0787533898954254,0.0681806944275852,"UBE2V1/DDX3X/GPS2",3
"GO:0000288","nuclear-transcribed mRNA catabolic process, deadenylation-dependent decay","6/342","58/12706",0.103448275862069,3.84331518451301,3.60951592475582,0.0045362946836134,0.0787533898954254,0.0681806944275852,"BTG2/CNOT1/TNRC6A/HNRNPD/CSNK2A1/ZFP36",6
"GO:0042116","macrophage activation","8/342","97/12706",0.0824742268041237,3.06408633267016,3.39386288508185,0.00458859010970689,0.0791265570638248,0.0685037636530857,"AIF1/GRN/SYK/JUND/JUN/FOXP1/ITGAM/ITGB2",8
"GO:0043488","regulation of mRNA stability","11/342","163/12706",0.0674846625766871,2.50719334122628,3.22094231781268,0.00461420193549115,0.0791265570638248,0.0685037636530857,"TARDBP/NORAD/BTG2/CNOT1/TNRC6A/HNRNPD/CSNK2A1/CELF1/QKI/ZFP36/PUM1",11
"GO:0002269","leukocyte activation involved in inflammatory response","5/342","41/12706",0.121951219512195,4.53073741263728,3.76595945762669,0.00464103688196553,0.0791265570638248,0.0685037636530857,"AIF1/GRN/JUN/ITGAM/ITGB2",5
"GO:0060420","regulation of heart growth","5/342","41/12706",0.121951219512195,4.53073741263728,3.76595945762669,0.00464103688196553,0.0791265570638248,0.0685037636530857,"FOXP1/JARID2/BASP1/RUNX1/PIM1",5
"GO:0031647","regulation of protein stability","18/342","338/12706",0.0532544378698225,1.97851136717533,3.03246206366327,0.00466533136584668,0.0791856689863798,0.0685549397603504,"IFI30/GRN/AAK1/HSPA1A/TARDBP/PRKDC/NOP53/FLNA/GNAQ/USP34/CALR/CSNK2A1/USP33/EP300/PIM1/PTEN/CFP/CTSH",18
"GO:0030518","nuclear receptor-mediated steroid hormone signaling pathway","9/342","119/12706",0.0756302521008403,2.80981866430783,3.29889366418755,0.00481954585670564,0.0801993801336326,0.0694325595054872,"DDX17/EGLN2/PAGR1/FOXP1/CALR/UBR5/CNOT1/EP300/ZBTB7A",9
"GO:0043401","steroid hormone receptor signaling pathway","9/342","119/12706",0.0756302521008403,2.80981866430783,3.29889366418755,0.00481954585670564,0.0801993801336326,0.0694325595054872,"DDX17/EGLN2/PAGR1/FOXP1/CALR/UBR5/CNOT1/EP300/ZBTB7A",9
"GO:0043304","regulation of mast cell degranulation","4/342","26/12706",0.153846153846154,5.71569950517319,4.00307806837009,0.00482591238266635,0.0801993801336326,0.0694325595054872,"STXBP2/SYK/CD84/FGR",4
"GO:0095500","acetylcholine receptor signaling pathway","4/342","26/12706",0.153846153846154,5.71569950517319,4.00307806837009,0.00482591238266635,0.0801993801336326,0.0694325595054872,"LY6E/GRK2/GNB1/GNAQ",4
"GO:0051168","nuclear export","11/342","164/12706",0.0670731707317073,2.49190557695051,3.19816416485766,0.00483052552619723,0.0801993801336326,0.0694325595054872,"DDX39B/HNRNPA1/TGFB1/ADAR/SMG1/PABPN1/SARNP/XPO1/CALR/RANBP2/IWS1",11
"GO:0072593","reactive oxygen species metabolic process","12/342","188/12706",0.0638297872340425,2.37140724150803,3.15063997442308,0.00492814569475025,0.0805788475089233,0.0697610831308738,"NDUFC2/PARL/SYK/TGFB1/SOD2/CYBA/PREX1/SIRPA/ITGAM/RAB27A/ACP5/ITGB2",12
"GO:0010324","membrane invagination","6/342","59/12706",0.101694915254237,3.77817424918228,3.55723549855959,0.0049381566200892,0.0805788475089233,0.0697610831308738,"AIF1/RAB31/MYH9/ITGAM/HGS/ITGB2",6
"GO:0033619","membrane protein proteolysis","6/342","59/12706",0.101694915254237,3.77817424918228,3.55723549855959,0.0049381566200892,0.0805788475089233,0.0697610831308738,"PARL/TGFB1/MYH9/TIMP2/CLPP/CTSH",6
"GO:0080164","regulation of nitric oxide metabolic process","6/342","59/12706",0.101694915254237,3.77817424918228,3.55723549855959,0.0049381566200892,0.0805788475089233,0.0697610831308738,"SOD2/KLF2/NFATC3/SIRPA/ACP5/ITGB2",6
"GO:0009142","nucleoside triphosphate biosynthetic process","9/342","120/12706",0.075,2.78640350877193,3.26999592859348,0.00509050619936609,0.0826341618950398,0.071540470180733,"NDUFB8/NDUFA7/NDUFC2/ATP5PO/MT-ATP6/TGFB1/MT-ND3/NME4/IMPDH2",9
"GO:0009895","negative regulation of catabolic process","18/342","341/12706",0.0527859237536657,1.96110510881309,2.9920710661,0.00510758233701588,0.0826341618950398,0.071540470180733,"CSNK2B/MCL1/SYK/TARDBP/NOP53/FLNA/MYCBP2/OGT/HNRNPD/EIF4G1/CSNK2A1/TIMP2/EP300/HIPK2/QKI/ZFP36/SORL1/QSOX1",18
"GO:0001913","T cell mediated cytotoxicity","5/342","42/12706",0.119047619047619,4.4228627123364,3.69529882701925,0.00515438532609689,0.0830380212280524,0.0718901111271408,"HLA-DRA/HLA-B/HLA-A/RAB27A/CTSH",5
"GO:0002250","adaptive immune response","21/342","423/12706",0.049645390070922,1.84442785450624,2.93765910767887,0.0052457807654666,0.0841538332080338,0.0728561245996627,"HLA-DRA/HLA-B/HLA-A/HLA-DRB5/JUNB/SPN/HLA-DPA1/SYK/HLA-DMA/CD84/CD4/TGFB1/CD69/IL17RA/NFKBIZ/PAG1/EP300/CTSS/RAB27A/MYO1G/CTSH",21
"GO:0048738","cardiac muscle tissue development","11/342","166/12706",0.0662650602409639,2.46188261819207,3.15310670214515,0.0052872757585011,0.0842655729508907,0.0729528632070199,"AKAP13/TGFB1/FOXP1/JARID2/RARA/CALR/PLEC/RUNX1/PIM1/ARID2/CTCF",11
"GO:0046034","ATP metabolic process","13/342","214/12706",0.0607476635514019,2.25690003825764,3.08398692318164,0.00529707310238371,0.0842655729508907,0.0729528632070199,"NDUFB8/NDUFA7/NDUFC2/ATP5PO/MT-ATP6/TGFB1/HSPA1A/MT-ND3/PFKL/OGT/EP300/ZBTB7A/HK3",13
"GO:2000401","regulation of lymphocyte migration","6/342","60/12706",0.1,3.71520467836257,3.50608547244281,0.00536556293764256,0.0849994595371542,0.0735882250263521,"AIF1/SPN/CD69/DOCK8/RIPOR2/STK10",6
"GO:1900368","regulation of post-transcriptional gene silencing by regulatory ncRNA","4/342","27/12706",0.148148148148148,5.50400693090752,3.89636219448954,0.00554695976933321,0.0871468638140698,0.0754473388373422,"TGFB1/ADAR/ZFP36/PUM1",4
"GO:2000629","negative regulation of miRNA metabolic process","4/342","27/12706",0.148148148148148,5.50400693090752,3.89636219448954,0.00554695976933321,0.0871468638140698,0.0754473388373422,"TGFB1/RARA/NFATC3/QKI",4
"GO:0006403","RNA localization","12/342","191/12706",0.06282722513089,2.33416000734821,3.08979783348222,0.00558174428763489,0.0873324764674397,0.0756080328673784,"DDX39B/HNRNPA1/SMG1/PABPN1/SARNP/XPO1/RANBP2/FBL/IWS1/QKI/ZFP36/MVP",12
"GO:0032602","chemokine production","7/342","80/12706",0.0875,3.25080409356725,3.35869592120136,0.00568817811393165,0.0881982371277667,0.0763575645777918,"AIF1/SYK/DDX3X/TGFB1/FOXP1/IL17RA/SIRPA",7
"GO:0032642","regulation of chemokine production","7/342","80/12706",0.0875,3.25080409356725,3.35869592120136,0.00568817811393165,0.0881982371277667,0.0763575645777918,"AIF1/SYK/DDX3X/TGFB1/FOXP1/IL17RA/SIRPA",7
"GO:0006911","phagocytosis, engulfment","5/342","43/12706",0.116279069767442,4.32000543995648,3.62681671988505,0.00570667183940836,0.0881982371277667,0.0763575645777918,"AIF1/RAB31/MYH9/ITGAM/ITGB2",5
"GO:0060419","heart growth","6/342","61/12706",0.0983606557377049,3.65429968363532,3.456020783178,0.00581943596417616,0.0895769050032298,0.0775511453653478,"FOXP1/JARID2/BASP1/RUNX1/PIM1/ARID2",6
"GO:0002699","positive regulation of immune effector process","13/342","217/12706",0.0599078341013825,2.22569865524025,3.02880025555941,0.0059410195212082,0.0905018698899503,0.0783519330950122,"HLA-DRA/IL2RG/HLA-B/HLA-A/SYK/TGFB1/RARA/NFKBIZ/EP300/FGR/ITGAM/CFP/ITGB2",13
"GO:0006402","mRNA catabolic process","14/342","242/12706",0.0578512396694215,2.14929196268909,3.00213502921301,0.00594508568011384,0.0905018698899503,0.0783519330950122,"HSPA1A/TARDBP/SMG1/NORAD/BTG2/CNOT1/TNRC6A/HNRNPD/CSNK2A1/CELF1/ETF1/QKI/ZFP36/PUM1",14
"GO:0002832","negative regulation of response to biotic stimulus","9/342","123/12706",0.0731707317073171,2.71844244758237,3.18505061795496,0.00597474206795832,0.0905018698899503,0.0783519330950122,"HLA-B/HLA-A/GRN/TGFB1/ADAR/RANBP2/SIRPA/LYAR/PIM1",9
"GO:0035265","organ growth","9/342","123/12706",0.0731707317073171,2.71844244758237,3.18505061795496,0.00597474206795832,0.0905018698899503,0.0783519330950122,"IER3IP1/FOXP1/JARID2/BASP1/RARA/RUNX1/PIM1/ARID2/PTEN",9
"GO:0051493","regulation of cytoskeleton organization","22/342","457/12706",0.0481400437636762,1.78850115807389,2.85516366257693,0.00616871408455361,0.0930170820803362,0.080529476360146,"S100A8/S100A9/AKAP13/CCDC88A/TGFB1/HSPA1A/DYNC1H1/CLTC/FLNA/PLEK/MYCBP2/SENP6/HCK/TAOK1/DCTN1/PREX1/NUMA1/ARAP1/SSH2/EVL/ARFGEF1/RIPOR2",22
"GO:2000404","regulation of T cell migration","5/342","44/12706",0.113636363636364,4.22182349813929,3.56039201091179,0.00629939765520589,0.0930170820803362,0.080529476360146,"AIF1/SPN/CD69/DOCK8/RIPOR2",5
"GO:0006360","transcription by RNA polymerase I","6/342","62/12706",0.0967741935483871,3.59535936615733,3.40699888610384,0.00630069635521119,0.0930170820803362,0.080529476360146,"NOP53/FLNA/LYAR/WDR43/UBTF/BAZ1B",6
"GO:2000036","regulation of stem cell population maintenance","6/342","62/12706",0.0967741935483871,3.59535936615733,3.40699888610384,0.00630069635521119,0.0930170820803362,0.080529476360146,"ARID1A/ZC3H13/OGT/CNOT1/SMARCA2/WDR43",6
"GO:0060541","respiratory system development","11/342","170/12706",0.0647058823529412,2.40395596835225,3.06492143108317,0.00630289511967671,0.0930170820803362,0.080529476360146,"TGFB1/SMCHD1/KLF2/BASP1/PPP3R1/RARA/HS6ST1/EP300/HIPK2/NKIRAS2/CTSH",11
"GO:0043921","host-mediated perturbation of viral transcription","4/342","28/12706",0.142857142857143,5.30743525480368,3.79483842790471,0.00633651348206393,0.0930170820803362,0.080529476360146,"JUN/TARDBP/CHD1/EP300",4
"GO:0060147","regulation of post-transcriptional gene silencing","4/342","28/12706",0.142857142857143,5.30743525480368,3.79483842790471,0.00633651348206393,0.0930170820803362,0.080529476360146,"TGFB1/ADAR/ZFP36/PUM1",4
"GO:1905145","cellular response to acetylcholine","4/342","28/12706",0.142857142857143,5.30743525480368,3.79483842790471,0.00633651348206393,0.0930170820803362,0.080529476360146,"LY6E/GRK2/GNB1/GNAQ",4
"GO:0040029","epigenetic regulation of gene expression","13/342","220/12706",0.0590909090909091,2.19534821903243,2.9745070558719,0.00664600499878897,0.0971850423284449,0.0841378851466118,"SMCHD1/JARID2/ARID1A/MIS18BP1/KLF2/TRIP12/UBR5/SMARCA2/KMT2A/EP300/ATF7IP/HIPK2/CTCF",13
"GO:0044092","negative regulation of molecular function","15/342","271/12706",0.0553505535055351,2.05638635333722,2.92351564586672,0.0066908784319384,0.0973647286508121,0.0842934484595613,"DUSP1/JUN/ADAR/CPNE1/OXA1L/FLNA/COMMD7/PAM16/TIMP2/PIM1/NFKBIA/ZFP36/MVP/ARFGEF1/RIPOR2",15
"GO:0046620","regulation of organ growth","6/342","63/12706",0.0952380952380952,3.53829016986912,3.35897957592719,0.00681026178164917,0.0973647286508121,0.0842934484595613,"FOXP1/JARID2/BASP1/RUNX1/PIM1/PTEN",6
"GO:0002475","antigen processing and presentation via MHC class Ib","3/342","15/12706",0.2,7.43040935672515,4.14435756082121,0.00691438104569155,0.0973647286508121,0.0842934484595613,"HLA-B/HLA-A/AP3D1",3
"GO:0002679","respiratory burst involved in defense response","3/342","15/12706",0.2,7.43040935672515,4.14435756082121,0.00691438104569155,0.0973647286508121,0.0842934484595613,"S100A9/GRN/HCK",3
"GO:0010984","regulation of lipoprotein particle clearance","3/342","15/12706",0.2,7.43040935672515,4.14435756082121,0.00691438104569155,0.0973647286508121,0.0842934484595613,"CNPY2/LRPAP1/APOC2",3
"GO:0019885","antigen processing and presentation of endogenous peptide antigen via MHC class I","3/342","15/12706",0.2,7.43040935672515,4.14435756082121,0.00691438104569155,0.0973647286508121,0.0842934484595613,"GET3/HLA-B/HLA-A",3
"GO:0030852","regulation of granulocyte differentiation","3/342","15/12706",0.2,7.43040935672515,4.14435756082121,0.00691438104569155,0.0973647286508121,0.0842934484595613,"EVI2B/RARA/RUNX1",3
"GO:0035358","regulation of peroxisome proliferator activated receptor signaling pathway","3/342","15/12706",0.2,7.43040935672515,4.14435756082121,0.00691438104569155,0.0973647286508121,0.0842934484595613,"JUND/HUWE1/GPS2",3
"GO:0045056","transcytosis","3/342","15/12706",0.2,7.43040935672515,4.14435756082121,0.00691438104569155,0.0973647286508121,0.0842934484595613,"CLTC/LRPAP1/PICALM",3
"GO:1903428","positive regulation of reactive oxygen species biosynthetic process","3/342","15/12706",0.2,7.43040935672515,4.14435756082121,0.00691438104569155,0.0973647286508121,0.0842934484595613,"SOD2/CYBA/RAB27A",3
"GO:0022904","respiratory electron transport chain","8/342","104/12706",0.0769230769230769,2.8578497525866,3.16394124882301,0.00696140457125217,0.0976651667155009,0.084553552512354,"NDUFB8/NDUFA7/NDUFC2/SDHAF2/SOD2/MT-ND3/ETFB/PLEC",8
"GO:0040008","regulation of growth","22/342","463/12706",0.0475161987041037,1.76532403723492,2.79005531843836,0.00715026050340218,0.0999459207129967,0.0865281137544064,"TLE5/S100A8/S100A9/EGLN2/CCDC85B/GRN/MACF1/DDX3X/TGFB1/FOXP1/HSPA1A/JARID2/BASP1/CYBA/MYCBP2/ARHGAP4/SMARCA2/EIF4G1/CSNK2A1/RUNX1/PIM1/PTEN",22
"GO:0060966","regulation of gene silencing by regulatory ncRNA","4/342","29/12706",0.137931034482759,5.12442024601734,3.69806511063203,0.00719723788282971,0.100015111594915,0.0865880157139732,"TGFB1/ADAR/ZFP36/PUM1",4
"GO:0006935","chemotaxis","18/342","353/12706",0.0509915014164306,1.89443864619055,2.83447464905911,0.00723412827159434,0.100015111594915,0.0865880157139732,"S100A8/S100A9/AIF1/SPN/DUSP1/SYK/TGFB1/TYMP/PLAUR/MYCBP2/CALR/IL17RA/PLEC/PREX1/LYST/NINJ1/RIPOR2/ITGB2",18
"GO:0042330","taxis","18/342","353/12706",0.0509915014164306,1.89443864619055,2.83447464905911,0.00723412827159434,0.100015111594915,0.0865880157139732,"S100A8/S100A9/AIF1/SPN/DUSP1/SYK/TGFB1/TYMP/PLAUR/MYCBP2/CALR/IL17RA/PLEC/PREX1/LYST/NINJ1/RIPOR2/ITGB2",18
"GO:0009611","response to wounding","22/342","464/12706",0.0474137931034483,1.76151945956846,2.7792953308942,0.00732567467571921,0.100356084053025,0.0868832123906557,"VKORC1/GRN/SYK/P2RX1/JUN/MACF1/TGFB1/SOD2/FLNA/PLAUR/GNAQ/PLEK/CD59/MYH9/DGKZ/NFKBIZ/PLEC/ZFP36/RAB27A/PTEN/ARFGEF1/RAF1",22
"GO:0034504","protein localization to nucleus","16/342","300/12706",0.0533333333333333,1.98144249512671,2.86108319774089,0.0073306822141657,0.100356084053025,0.0868832123906557,"SYK/TGFB1/ADAR/TARDBP/NOP53/FLNA/PPP3R1/XPO1/CALR/UBR5/RANBP2/EP300/ZBTB7A/NFKBIA/IPO7/HDGF",16
"GO:0006413","translational initiation","10/342","150/12706",0.0666666666666667,2.47680311890838,3.02596197608142,0.00735897199371348,0.100356084053025,0.0868832123906557,"RPS17/EIF4A1/PPP1R15A/DDX3X/EIF3A/RBM4/OGT/EIF4G1/CSNK2A1/EIF4G3",10
"GO:0021782","glial cell development","8/342","105/12706",0.0761904761904762,2.83063213589529,3.13266615626485,0.00736437334318622,0.100356084053025,0.0868832123906557,"S100A8/S100A9/GRN/TGFB1/PPP3R1/PLEC/PTEN/RAF1",8
"GO:0061900","glial cell activation","5/342","46/12706",0.108695652173913,4.03826595474193,3.43327617450407,0.00761206460069886,0.102993130291306,0.0891662334009564,"AIF1/GRN/JUN/ITGAM/ITGB2",5
"GO:0072538","T-helper 17 type immune response","5/342","46/12706",0.108695652173913,4.03826595474193,3.43327617450407,0.00761206460069886,0.102993130291306,0.0891662334009564,"JUNB/CD69/IL17RA/NFKBIZ/EP300",5
"GO:0018193","peptidyl-amino acid modification","18/342","355/12706",0.0507042253521127,1.88376575240919,2.80880230604574,0.00764989719143535,0.103137975609352,0.0892916331378064,"S100A8/S100A9/VKORC1/CSNK2B/EGLN2/SYK/PRKDC/SMG1/SENP6/HCK/RANBP2/EP300/FGR/HIPK2/PTEN/MVP/ITGB2/RAF1",18
"GO:0030593","neutrophil chemotaxis","6/342","65/12706",0.0923076923076923,3.42941970310391,3.26579862288851,0.00791795575578405,0.106000238674264,0.0917696354645542,"S100A8/S100A9/SYK/PREX1/RIPOR2/ITGB2",6
"GO:0034728","nucleosome organization","6/342","65/12706",0.0923076923076923,3.42941970310391,3.26579862288851,0.00791795575578405,0.106000238674264,0.0917696354645542,"ARID1A/CHD1/CHD2/HMGA1/ARID2/NASP",6
"GO:0062207","regulation of pattern recognition receptor signaling pathway","11/342","176/12706",0.0625,2.32200292397661,2.93720395045086,0.00810675171799657,0.108100160849148,0.0935876416775899,"S100A8/S100A9/DDX3X/HSPA1A/PRKDC/NOP53/CYBA/GPS2/OGT/NINJ1/PUM1",11
"GO:0071404","cellular response to low-density lipoprotein particle stimulus","4/342","30/12706",0.133333333333333,4.95360623781676,3.60565205377728,0.00813167964304483,0.108100160849148,0.0935876416775899,"SYK/CD68/TGFB1/ITGB2",4
"GO:0002544","chronic inflammatory response","3/342","16/12706",0.1875,6.96600877192982,3.97131153641766,0.00834240867045077,0.109750303685307,0.0950162517301022,"S100A8/S100A9/NFKBIZ",3
"GO:0007213","G protein-coupled acetylcholine receptor signaling pathway","3/342","16/12706",0.1875,6.96600877192982,3.97131153641766,0.00834240867045077,0.109750303685307,0.0950162517301022,"GRK2/GNB1/GNAQ",3
"GO:0043129","surfactant homeostasis","3/342","16/12706",0.1875,6.96600877192982,3.97131153641766,0.00834240867045077,0.109750303685307,0.0950162517301022,"TGFB1/NKIRAS2/CTSH",3
"GO:0002275","myeloid cell activation involved in immune response","7/342","86/12706",0.0813953488372093,3.02400380796954,3.13221642731297,0.00839677173329047,0.110084572861967,0.0953056450453695,"STXBP2/GRN/SYK/CD84/FGR/ITGAM/ITGB2",7
"GO:0031349","positive regulation of defense response","22/342","470/12706",0.0468085106382979,1.73903197710589,2.71527183376674,0.0084537365871295,0.110153162793894,0.0953650267328847,"S100A8/S100A9/GRN/SYK/DDX3X/TGFB1/HSPA1A/PRKDC/NOP53/CYBA/GPS2/OGT/IL17RA/HCK/RANBP2/NFKBIZ/EP300/NFKBIA/CTSS/NINJ1/CFP/PUM1",22
"GO:0007052","mitotic spindle organization","9/342","130/12706",0.0692307692307692,2.57206477732794,2.99634446132316,0.00849704255395257,0.110153162793894,0.0953650267328847,"HSPA1A/DYNC1H1/CLTC/FLNA/DCTN1/NUMA1/TACC1/STAG1/RIPOR2",9
"GO:0007584","response to nutrient","9/342","130/12706",0.0692307692307692,2.57206477732794,2.99634446132316,0.00849704255395257,0.110153162793894,0.0953650267328847,"CD4/TGFB1/SOD2/RARA/MAT2A/OGT/UBR5/NFKBIZ/PIM1",9
"GO:0006809","nitric oxide biosynthetic process","6/342","66/12706",0.0909090909090909,3.37745879851143,3.22056685980155,0.00851789317764461,0.110153162793894,0.0953650267328847,"SOD2/KLF2/NFATC3/SIRPA/ACP5/ITGB2",6
"GO:0032496","response to lipopolysaccharide","15/342","279/12706",0.0537634408602151,1.9974218700874,2.80168128183709,0.00864395962795942,0.111404523747463,0.096448391638284,"S100A8/FOS/JUND/CD68/FOXP1/SOD2/PRPF8/PABPN1/RARA/HCK/NFKBIZ/SIRPA/NFKBIA/ZFP36/ACP5",15
"GO:0002761","regulation of myeloid leukocyte differentiation","8/342","108/12706",0.0740740740740741,2.75200346545376,3.04100354297793,0.00867911708591203,0.111479740407559,0.0965135104112622,"FOS/CD4/TGFB1/FOXP1/EVI2B/RARA/RUNX1/QKI",8
"GO:0043487","regulation of RNA stability","11/342","178/12706",0.0617977528089888,2.29591300348249,2.89578201187459,0.00878968595056236,0.1121548263678,0.0970979656280934,"TARDBP/NORAD/BTG2/CNOT1/TNRC6A/HNRNPD/CSNK2A1/CELF1/QKI/ZFP36/PUM1",11
"GO:0017157","regulation of exocytosis","10/342","154/12706",0.0649350649350649,2.41247057036531,2.93294684709908,0.00879067287154245,0.1121548263678,0.0970979656280934,"STXBP2/SYK/CD84/P2RX1/STXBP5/FGR/ITGAM/HGS/RAB27A/ITGB2",10
"GO:0010720","positive regulation of cell development","18/342","361/12706",0.0498614958448753,1.85245662633037,2.73275837737759,0.00901445193457679,0.11368415994447,0.0984219851453131,"HLA-DRA/IL2RG/FOS/SYK/CD4/MACF1/TGFB1/PRKDC/EVI2B/ARID1A/RARA/SMARCA2/NFKBIZ/RUNX1/EP300/QKI/ARID2/AP3D1",18
"GO:0050727","regulation of inflammatory response","17/342","334/12706",0.0508982035928144,1.89097244108275,2.74434330188992,0.00907141027259943,0.11368415994447,0.0984219851453131,"S100A8/S100A9/SPN/GRN/SYK/TGFB1/FOXP1/GPS2/IL17RA/HCK/NFKBIZ/SIRPA/CELF1/FGR/NFKBIA/NINJ1/ACP5",17
"GO:0031342","negative regulation of cell killing","4/342","31/12706",0.129032258064516,4.79381248820977,3.51725304441658,0.00914226328645969,0.11368415994447,0.0984219851453131,"HLA-B/HLA-A/TGFB1/CD59",4
"GO:0055094","response to lipoprotein particle","4/342","31/12706",0.129032258064516,4.79381248820977,3.51725304441658,0.00914226328645969,0.11368415994447,0.0984219851453131,"SYK/CD68/TGFB1/ITGB2",4
"GO:1905144","response to acetylcholine","4/342","31/12706",0.129032258064516,4.79381248820977,3.51725304441658,0.00914226328645969,0.11368415994447,0.0984219851453131,"LY6E/GRK2/GNB1/GNAQ",4
"GO:2000316","regulation of T-helper 17 type immune response","4/342","31/12706",0.129032258064516,4.79381248820977,3.51725304441658,0.00914226328645969,0.11368415994447,0.0984219851453131,"JUNB/CD69/NFKBIZ/EP300",4
"GO:0061013","regulation of mRNA catabolic process","11/342","179/12706",0.0614525139664804,2.2830866738541,2.87527812800942,0.00914744607517278,0.11368415994447,0.0984219851453131,"TARDBP/NORAD/BTG2/CNOT1/TNRC6A/HNRNPD/CSNK2A1/CELF1/QKI/ZFP36/PUM1",11
"GO:0042776","proton motive force-driven mitochondrial ATP synthesis","6/342","67/12706",0.0895522388059701,3.32704896569783,3.17619717944958,0.00914975090557803,0.11368415994447,0.0984219851453131,"NDUFB8/NDUFA7/NDUFC2/ATP5PO/MT-ATP6/MT-ND3",6
"GO:0071621","granulocyte chemotaxis","7/342","88/12706",0.0795454545454545,2.9552764486975,3.06108319610072,0.00948137686087825,0.117420830049053,0.101657004779586,"S100A8/S100A9/SYK/IL17RA/PREX1/RIPOR2/ITGB2",7
"GO:2001034","positive regulation of double-strand break repair via nonhomologous end joining","3/342","17/12706",0.176470588235294,6.5562435500516,3.81252697968005,0.00993084223509346,0.122587864213719,0.106130361138541,"SMCHD1/PRKDC/TOP2B",3
"GO:0000289","nuclear-transcribed mRNA poly(A) tail shortening","4/342","32/12706",0.125,4.64400584795322,3.43255964636369,0.0102312874698158,0.124279089329839,0.107594538147348,"BTG2/CNOT1/TNRC6A/ZFP36",4
"GO:0033280","response to vitamin D","4/342","32/12706",0.125,4.64400584795322,3.43255964636369,0.0102312874698158,0.124279089329839,0.107594538147348,"CD4/TGFB1/UBR5/PIM1",4
"GO:0033574","response to testosterone","4/342","32/12706",0.125,4.64400584795322,3.43255964636369,0.0102312874698158,0.124279089329839,0.107594538147348,"DUSP1/FOXP1/CALR/NASP",4
"GO:0045730","respiratory burst","4/342","32/12706",0.125,4.64400584795322,3.43255964636369,0.0102312874698158,0.124279089329839,0.107594538147348,"S100A9/GRN/CYBA/HCK",4
"GO:0045943","positive regulation of transcription by RNA polymerase I","4/342","32/12706",0.125,4.64400584795322,3.43255964636369,0.0102312874698158,0.124279089329839,0.107594538147348,"LYAR/WDR43/UBTF/BAZ1B",4
"GO:0014706","striated muscle tissue development","15/342","285/12706",0.0526315789473684,1.95537088334872,2.71292032877524,0.0103867920371031,0.125766188933332,0.108881993630645,"FOS/AKAP13/DDX17/TGFB1/FOXP1/JARID2/RARA/BTG2/CALR/PLEC/RUNX1/EP300/PIM1/ARID2/CTCF",15
"GO:0033143","regulation of intracellular steroid hormone receptor signaling pathway","6/342","69/12706",0.0869565217391304,3.23061276379354,3.08992277255998,0.010512751976256,0.12688724766262,0.109852549472857,"PAGR1/FOXP1/CALR/CNOT1/EP300/ZBTB7A",6
"GO:0002456","T cell mediated immunity","8/342","112/12706",0.0714285714285714,2.65371762740184,2.92354250291283,0.0106958701365753,0.128282959808389,0.111060886325987,"HLA-DRA/HLA-B/HLA-A/SPN/NFKBIZ/RAB27A/MYO1G/CTSH",8
"GO:0022900","electron transport chain","8/342","112/12706",0.0714285714285714,2.65371762740184,2.92354250291283,0.0106958701365753,0.128282959808389,0.111060886325987,"NDUFB8/NDUFA7/NDUFC2/SDHAF2/SOD2/MT-ND3/ETFB/PLEC",8
"GO:0030183","B cell differentiation","9/342","136/12706",0.0661764705882353,2.45859133126935,2.84417511980519,0.0112414066185083,0.134401974728203,0.11635841938456,"IL2RG/SYK/IRF2BP2/PRKDC/GPS2/TOP2B/NFKBIZ/EP300/ZBTB7A",9
"GO:0002429","immune response-activating cell surface receptor signaling pathway","15/342","288/12706",0.0520833333333333,1.93500243664717,2.66934094597878,0.0113564022960344,0.134615854818529,0.116543585929162,"HLA-A/FYB1/SYK/FOXP1/CYBA/DGKZ/GPS2/HCK/NFKBIZ/EP300/FGR/NFKBIA/ITGAM/NINJ1/MYO1G",15
"GO:0002431","Fc receptor mediated stimulatory signaling pathway","4/342","33/12706",0.121212121212121,4.50327839801524,3.35129603856018,0.0114009219493862,0.134615854818529,0.116543585929162,"SYK/HCK/FGR/MYO1G",4
"GO:0038094","Fc-gamma receptor signaling pathway","4/342","33/12706",0.121212121212121,4.50327839801524,3.35129603856018,0.0114009219493862,0.134615854818529,0.116543585929162,"SYK/HCK/FGR/MYO1G",4
"GO:0098926","postsynaptic signal transduction","4/342","33/12706",0.121212121212121,4.50327839801524,3.35129603856018,0.0114009219493862,0.134615854818529,0.116543585929162,"LY6E/GRK2/GNB1/GNAQ",4
"GO:0097529","myeloid leukocyte migration","11/342","185/12706",0.0594594594594595,2.20904061956694,2.75504145371469,0.0115360944771233,0.135790189479946,0.117560265373845,"S100A8/S100A9/AIF1/DUSP1/SYK/IL17RA/PREX1/SIRPA/NINJ1/RIPOR2/ITGB2",11
"GO:0006027","glycosaminoglycan catabolic process","3/342","18/12706",0.166666666666667,6.19200779727095,3.66602897457268,0.0116829720425211,0.135836879833838,0.11760068751638,"TGFB1/IDS/GNS",3
"GO:0006337","nucleosome disassembly","3/342","18/12706",0.166666666666667,6.19200779727095,3.66602897457268,0.0116829720425211,0.135836879833838,0.11760068751638,"ARID1A/HMGA1/ARID2",3
"GO:0043923","host-mediated activation of viral transcription","3/342","18/12706",0.166666666666667,6.19200779727095,3.66602897457268,0.0116829720425211,0.135836879833838,0.11760068751638,"JUN/CHD1/EP300",3
"GO:0045472","response to ether","3/342","18/12706",0.166666666666667,6.19200779727095,3.66602897457268,0.0116829720425211,0.135836879833838,0.11760068751638,"CD4/HNRNPD/ITGAM",3
"GO:1902806","regulation of cell cycle G1/S phase transition","10/342","161/12706",0.062111801242236,2.30758054556682,2.77694287030327,0.011799125573033,0.136656699886712,0.118310446176735,"AIF1/PAGR1/DDX3X/PRKDC/ARID1A/DGKZ/SMARCA2/EIF4G1/ARID2/PTEN",10
"GO:0048660","regulation of smooth muscle cell proliferation","8/342","114/12706",0.0701754385964912,2.6071611777983,2.86672075575555,0.0118253693484293,0.136656699886712,0.118310446176735,"AIF1/JUN/TGFB1/FOXP1/SOD2/PRKDC/CYBA/PTEN",8
"GO:0055007","cardiac muscle cell differentiation","7/342","92/12706",0.0760869565217391,2.82678616831935,2.92466484279831,0.0119526539313785,0.137293021894565,0.118861341527812,"AKAP13/TGFB1/FOXP1/RARA/CALR/PLEC/CTCF",7
"GO:1902117","positive regulation of organelle assembly","7/342","92/12706",0.0760869565217391,2.82678616831935,2.92466484279831,0.0119526539313785,0.137293021894565,0.118861341527812,"SEPTIN7/SEPTIN9/CCDC88A/DYNC1H1/CNOT1/NUMA1/USP33",7
"GO:0006406","mRNA export from nucleus","6/342","71/12706",0.0845070422535211,3.13960958734865,3.0067476209259,0.0120138975383563,0.137580838677201,0.119110518714141,"DDX39B/SMG1/PABPN1/SARNP/XPO1/IWS1",6
"GO:0031669","cellular response to nutrient levels","13/342","238/12706",0.0546218487394958,2.02931347977788,2.66599070886192,0.0123833068295018,0.141253851558787,0.122290427150344,"FOS/HNRNPA1/SYK/CD68/UBE2W/MAT2A/OGT/UBR5/TNRC6A/EIF4G1/EP300/PIM1/CPEB4",13
"GO:0010586","miRNA metabolic process","7/342","93/12706",0.0752688172043011,2.79639061812237,2.89170472202832,0.0126369192271901,0.141253851558787,0.122290427150344,"FOS/DDX17/JUN/TGFB1/RARA/NFATC3/QKI",7
"GO:0071346","cellular response to type II interferon","7/342","93/12706",0.0752688172043011,2.79639061812237,2.89170472202832,0.0126369192271901,0.141253851558787,0.122290427150344,"AIF1/STXBP2/HLA-DPA1/HCK/SIRPA/PIM1/RAF1",7
"GO:0002446","neutrophil mediated immunity","4/342","34/12706",0.117647058823529,4.37082903336773,3.27321469169056,0.0126532051842991,0.141253851558787,0.122290427150344,"STXBP2/SYK/ITGAM/ITGB2",4
"GO:0008053","mitochondrial fusion","4/342","34/12706",0.117647058823529,4.37082903336773,3.27321469169056,0.0126532051842991,0.141253851558787,0.122290427150344,"PARL/MCL1/HUWE1/TRABD",4
"GO:0033144","negative regulation of intracellular steroid hormone receptor signaling pathway","4/342","34/12706",0.117647058823529,4.37082903336773,3.27321469169056,0.0126532051842991,0.141253851558787,0.122290427150344,"FOXP1/CALR/CNOT1/ZBTB7A",4
"GO:0072539","T-helper 17 cell differentiation","4/342","34/12706",0.117647058823529,4.37082903336773,3.27321469169056,0.0126532051842991,0.141253851558787,0.122290427150344,"JUNB/CD69/NFKBIZ/EP300",4
"GO:0002763","positive regulation of myeloid leukocyte differentiation","5/342","52/12706",0.0961538461538462,3.57231219073324,3.0912371370558,0.0126690066758407,0.141253851558787,0.122290427150344,"FOS/CD4/TGFB1/EVI2B/RUNX1",5
"GO:0099024","plasma membrane invagination","5/342","52/12706",0.0961538461538462,3.57231219073324,3.0912371370558,0.0126690066758407,0.141253851558787,0.122290427150344,"AIF1/RAB31/MYH9/ITGAM/ITGB2",5
"GO:1902115","regulation of organelle assembly","12/342","213/12706",0.0563380281690141,2.09307305823244,2.67563280052162,0.0127330540477804,0.141552840613044,0.122549276723328,"SEPTIN7/SEPTIN9/CCDC88A/HSPA1A/DYNC1H1/SENP6/HCK/CNOT1/NUMA1/USP33/SDCCAG8/RIPOR2",12
"GO:0045639","positive regulation of myeloid cell differentiation","7/342","94/12706",0.074468085106383,2.76664178175936,2.85917891678327,0.0133489478357719,0.147967054436165,0.128102378034245,"FOS/CD4/TGFB1/HSPA1A/PRKDC/EVI2B/RUNX1",7
"GO:0009152","purine ribonucleotide biosynthetic process","9/342","140/12706",0.0642857142857143,2.38834586466165,2.74716060961394,0.0134086401416043,0.148196656448777,0.128301155822511,"NDUFB8/NDUFA7/NDUFC2/ATP5PO/MT-ATP6/TGFB1/MT-ND3/NME4/IMPDH2",9
"GO:0015986","proton motive force-driven ATP synthesis","6/342","73/12706",0.0821917808219178,3.0535928863254,2.92646559556359,0.013659924021368,0.149831385069786,0.129716421028606,"NDUFB8/NDUFA7/NDUFC2/ATP5PO/MT-ATP6/MT-ND3",6
"GO:0048659","smooth muscle cell proliferation","8/342","117/12706",0.0683760683760684,2.54031089118808,2.78372666713576,0.0136810295787558,0.149831385069786,0.129716421028606,"AIF1/JUN/TGFB1/FOXP1/SOD2/PRKDC/CYBA/PTEN",8
"GO:0030520","estrogen receptor signaling pathway","5/342","53/12706",0.0943396226415094,3.50491007392696,3.03916451400068,0.013688911497046,0.149831385069786,0.129716421028606,"DDX17/EGLN2/PAGR1/UBR5/CNOT1",5
"GO:0044089","positive regulation of cellular component biogenesis","20/342","434/12706",0.0460829493087558,1.71207588864635,2.5103504927893,0.0137484262815617,0.149831385069786,0.129716421028606,"SEPTIN7/SEPTIN9/CCDC88A/SYK/DDX3X/TGFB1/HSPA1A/DYNC1H1/FLNA/PLEK/HCK/CNOT1/EIF4G1/DCTN1/NUMA1/ARAP1/USP33/EVL/HGS/RIPOR2",20
"GO:0001503","ossification","16/342","322/12706",0.0496894409937888,1.84606443645345,2.55753622606881,0.0137953034268545,0.149831385069786,0.129716421028606,"JUNB/JUND/TGFB1/ADAR/CLTC/RRBP1/SNRNP200/FBL/PAM16/RUNX1/FGR/IPO7/PTEN/ATP2B1/PDLIM7/SRGN",16
"GO:0009060","aerobic respiration","14/342","268/12706",0.0522388059701493,1.94077856332373,2.58881146489838,0.013853704889292,0.149831385069786,0.129716421028606,"NDUFB8/NDUFA7/NDUFC2/SDHAF2/ATP5PO/MT-ATP6/MT-ND3/NOP53/OXA1L/PFKL/OGT/EP300/ZBTB7A/HK3",14
"GO:0002360","T cell lineage commitment","4/342","35/12706",0.114285714285714,4.24594820384294,3.19809272659517,0.0139900425301878,0.149831385069786,0.129716421028606,"SPN/CD69/PRKDC/EP300",4
"GO:0030224","monocyte differentiation","4/342","35/12706",0.114285714285714,4.24594820384294,3.19809272659517,0.0139900425301878,0.149831385069786,0.129716421028606,"CD4/JUN/FOXP1/MYH9",4
"GO:0034063","stress granule assembly","4/342","35/12706",0.114285714285714,4.24594820384294,3.19809272659517,0.0139900425301878,0.149831385069786,0.129716421028606,"PRRC2C/DDX3X/DYNC1H1/QKI",4
"GO:0045429","positive regulation of nitric oxide biosynthetic process","4/342","35/12706",0.114285714285714,4.24594820384294,3.19809272659517,0.0139900425301878,0.149831385069786,0.129716421028606,"SOD2/KLF2/NFATC3/ITGB2",4
"GO:0045663","positive regulation of myoblast differentiation","4/342","35/12706",0.114285714285714,4.24594820384294,3.19809272659517,0.0139900425301878,0.149831385069786,0.129716421028606,"ARID1A/SMARCA2/ARID2/RIPOR2",4
"GO:0061515","myeloid cell development","7/342","95/12706",0.0736842105263158,2.73751923668821,2.82707643679234,0.0140893214260309,0.150092431800819,0.129942422060733,"FOXP1/EVI2B/FLNA/KLF2/LYAR/EP300/ZBTB7A",7
"GO:0006364","rRNA processing","12/342","216/12706",0.0555555555555556,2.06400259909032,2.6230661000407,0.0140933714236961,0.150092431800819,0.129942422060733,"RPS17/RPS16/RPL26/DDX17/RPS6/PRKDC/NOP53/FBL/LYAR/WDR43/WDR74/EMG1",12
"GO:0002237","response to molecule of bacterial origin","15/342","296/12706",0.0506756756756757,1.88270507349455,2.55562117023428,0.0142916578760884,0.151587688851719,0.131236939848646,"S100A8/FOS/JUND/CD68/FOXP1/SOD2/PRPF8/PABPN1/RARA/HCK/NFKBIZ/SIRPA/NFKBIA/ZFP36/ACP5",15
"GO:0015980","energy derivation by oxidation of organic compounds","18/342","379/12706",0.0474934036939314,1.76447715595056,2.51290637966341,0.0143135140183501,0.151587688851719,0.131236939848646,"NDUFB8/NDUFA7/NDUFC2/IL10RB/SDHAF2/ATP5PO/MT-ATP6/SOD2/MT-ND3/NOP53/OXA1L/PFKL/ETFB/OGT/PLEC/EP300/ZBTB7A/HK3",18
"GO:0022618","protein-RNA complex assembly","11/342","191/12706",0.0575916230366492,2.13964667340253,2.639321972642,0.0143746704283847,0.151812491579774,0.131431562659529,"DDX39B/RPS6/ADAR/EIF3A/PRKDC/NOP53/PRPF8/LUC7L3/SNRNP200/CELF1/DDX42",11
"GO:0046209","nitric oxide metabolic process","6/342","74/12706",0.0810810810810811,3.01232811759128,2.88735036445653,0.0145393090948904,0.152702909333627,0.132202441232109,"SOD2/KLF2/NFATC3/SIRPA/ACP5/ITGB2",6
"GO:2000628","regulation of miRNA metabolic process","6/342","74/12706",0.0810810810810811,3.01232811759128,2.88735036445653,0.0145393090948904,0.152702909333627,0.132202441232109,"FOS/JUN/TGFB1/RARA/NFATC3/QKI",6
"GO:0045814","negative regulation of gene expression, epigenetic","9/342","142/12706",0.0633802816901408,2.35470719051149,2.6998928814061,0.0146017825968113,0.152936576950624,0.132404738814641,"SMCHD1/JARID2/MIS18BP1/TRIP12/UBR5/SMARCA2/KMT2A/ATF7IP/CTCF",9
"GO:0009620","response to fungus","5/342","54/12706",0.0925925925925926,3.4400043318172,2.98833151672983,0.0147626922286174,0.15377467357042,0.133130320400538,"S100A8/S100A9/SYK/TGFB1/IL17RA",5
"GO:0014855","striated muscle cell proliferation","5/342","54/12706",0.0925925925925926,3.4400043318172,2.98833151672983,0.0147626922286174,0.15377467357042,0.133130320400538,"FOS/JARID2/RUNX1/PIM1/ARID2",5
"GO:0030010","establishment of cell polarity","9/342","143/12706",0.0629370629370629,2.33824070666176,2.67655680243637,0.0152269222897711,0.15817693591724,0.136941576071655,"DOCK8/MYH9/FRMD4B/DCTN1/NUMA1/SDCCAG8/ARFGEF1/RIPOR2/SNX27",9
"GO:0060038","cardiac muscle cell proliferation","4/342","36/12706",0.111111111111111,4.12800519818064,3.12572883081747,0.0154132049792338,0.158810312550262,0.13748992146645,"JARID2/RUNX1/PIM1/ARID2",4
"GO:0071402","cellular response to lipoprotein particle stimulus","4/342","36/12706",0.111111111111111,4.12800519818064,3.12572883081747,0.0154132049792338,0.158810312550262,0.13748992146645,"SYK/CD68/TGFB1/ITGB2",4
"GO:1903426","regulation of reactive oxygen species biosynthetic process","4/342","36/12706",0.111111111111111,4.12800519818064,3.12572883081747,0.0154132049792338,0.158810312550262,0.13748992146645,"NDUFC2/SOD2/CYBA/RAB27A",4
"GO:0000380","alternative mRNA splicing, via spliceosome","6/342","75/12706",0.08,2.97216374269006,2.84888962674883,0.0154573318711135,0.158834529118847,0.137510886944443,"HNRNPUL2/DDX17/HNRNPA1/RBM4/CELF1/ZBTB7A",6
"GO:0060537","muscle tissue development","15/342","299/12706",0.0501672240802676,1.86381505603474,2.51387605903825,0.0155327635584955,0.159058887907014,0.137705125414666,"FOS/AKAP13/DDX17/TGFB1/FOXP1/JARID2/RARA/BTG2/CALR/PLEC/RUNX1/EP300/PIM1/ARID2/CTCF",15
"GO:0006754","ATP biosynthetic process","7/342","97/12706",0.0721649484536082,2.68107554108639,2.7640994446833,0.015657394268295,0.159058887907014,0.137705125414666,"NDUFB8/NDUFA7/NDUFC2/ATP5PO/MT-ATP6/TGFB1/MT-ND3",7
"GO:0032986","protein-DNA complex disassembly","3/342","20/12706",0.15,5.57280701754386,3.40374022729037,0.0156883437572673,0.159058887907014,0.137705125414666,"ARID1A/HMGA1/ARID2",3
"GO:0035902","response to immobilization stress","3/342","20/12706",0.15,5.57280701754386,3.40374022729037,0.0156883437572673,0.159058887907014,0.137705125414666,"FOS/TGFB1/SOD2",3
"GO:0045953","negative regulation of natural killer cell mediated cytotoxicity","3/342","20/12706",0.15,5.57280701754386,3.40374022729037,0.0156883437572673,0.159058887907014,0.137705125414666,"HLA-B/HLA-A/TGFB1",3
"GO:0000956","nuclear-transcribed mRNA catabolic process","8/342","120/12706",0.0666666666666667,2.47680311890838,2.70327513490184,0.0157408817723507,0.159167107708717,0.137798816635332,"SMG1/BTG2/CNOT1/TNRC6A/HNRNPD/CSNK2A1/ETF1/ZFP36",8
"GO:0055017","cardiac muscle tissue growth","5/342","55/12706",0.0909090909090909,3.37745879851143,2.93868344057329,0.0158914859755386,0.160263739201585,0.138748224614014,"FOXP1/JARID2/RUNX1/PIM1/ARID2",5
"GO:0006470","protein dephosphorylation","6/342","76/12706",0.0789473684210526,2.93305632502308,2.81106261231296,0.0164147628544365,0.164200181163981,0.142156196600063,"SDHAF2/DUSP1/SSH2/PTPRE/PTPN7/PTEN",6
"GO:2001057","reactive nitrogen species metabolic process","6/342","76/12706",0.0789473684210526,2.93305632502308,2.81106261231296,0.0164147628544365,0.164200181163981,0.142156196600063,"SOD2/KLF2/NFATC3/SIRPA/ACP5/ITGB2",6
"GO:0071375","cellular response to peptide hormone stimulus","14/342","274/12706",0.0510948905109489,1.89827976266701,2.49998432584541,0.0165012220510068,0.164200181163981,0.142156196600063,"CTSD/FOS/TGFB1/ZNF106/PRKDC/RBM4/KLF2/CYBA/RAB31/OGT/PTPRE/ATP2B1/SORL1/RAF1",14
"GO:0045727","positive regulation of translation","9/342","145/12706",0.0620689655172414,2.3059891107078,2.63046385555749,0.016536014140964,0.164200181163981,0.142156196600063,"RPL26/PPP1R15A/DDX3X/PRKDC/RBM4/OGT/HNRNPD/EIF4G1/EIF4G3",9
"GO:2000045","regulation of G1/S transition of mitotic cell cycle","9/342","145/12706",0.0620689655172414,2.3059891107078,2.63046385555749,0.016536014140964,0.164200181163981,0.142156196600063,"AIF1/DDX3X/PRKDC/ARID1A/DGKZ/SMARCA2/EIF4G1/ARID2/PTEN",9
"GO:0002285","lymphocyte activation involved in immune response","11/342","195/12706",0.0564102564102564,2.09575648523017,2.56452084149032,0.0165409440783284,0.164200181163981,0.142156196600063,"HLA-DRA/JUNB/SPN/TGFB1/FOXP1/CD69/RARA/NFKBIZ/KMT2A/EP300/RAB27A",11
"GO:0042060","wound healing","17/342","357/12706",0.0476190476190476,1.76914508493456,2.45158734788169,0.0166270251599383,0.164624868901264,0.142523869723485,"VKORC1/SYK/P2RX1/MACF1/TGFB1/FLNA/PLAUR/GNAQ/PLEK/CD59/MYH9/DGKZ/PLEC/RAB27A/PTEN/ARFGEF1/RAF1",17
"GO:0042254","ribosome biogenesis","15/342","302/12706",0.0496688741721854,1.84530033693505,2.47260375420055,0.0168555389625907,0.165840970608502,0.143576708960045,"RBIS/RPS17/RPS16/RPL26/DDX17/RPS6/DDX3X/PRKDC/NOP53/XPO1/FBL/LYAR/WDR43/WDR74/EMG1",15
"GO:0060326","cell chemotaxis","13/342","248/12706",0.0524193548387097,1.94748632333522,2.5060833807173,0.0169126937542733,0.165840970608502,0.143576708960045,"S100A8/S100A9/AIF1/DUSP1/SYK/CALR/IL17RA/PLEC/PREX1/LYST/NINJ1/RIPOR2/ITGB2",13
"GO:0002861","regulation of inflammatory response to antigenic stimulus","4/342","37/12706",0.108108108108108,4.0164374901217,3.05594063481746,0.0169243284050759,0.165840970608502,0.143576708960045,"SPN/SYK/HCK/FGR",4
"GO:0055021","regulation of cardiac muscle tissue growth","4/342","37/12706",0.108108108108108,4.0164374901217,3.05594063481746,0.0169243284050759,0.165840970608502,0.143576708960045,"FOXP1/JARID2/RUNX1/PIM1",4
"GO:0046824","positive regulation of nucleocytoplasmic transport","5/342","56/12706",0.0892857142857143,3.3171470342523,2.89016896380795,0.0170763851635083,0.166472862542715,0.144123768977842,"TGFB1/TARDBP/FLNA/UBR5/EP300",5
"GO:0098586","cellular response to virus","5/342","56/12706",0.0892857142857143,3.3171470342523,2.89016896380795,0.0170763851635083,0.166472862542715,0.144123768977842,"IL10RB/DDX3X/TGFB1/ADAR/CALR",5
"GO:0032418","lysosome localization","6/342","77/12706",0.0779220779220779,2.89496468443837,2.77384948177841,0.0174123539851915,0.169313989390532,0.146583472638831,"STXBP2/SYK/BORCS8/CD84/MYH9/FGR",6
"GO:0002716","negative regulation of natural killer cell mediated immunity","3/342","21/12706",0.142857142857143,5.30743525480368,3.28551957760627,0.0179451486423067,0.17169605305753,0.148645742659237,"HLA-B/HLA-A/TGFB1",3
"GO:0016973","poly(A)+ mRNA export from nucleus","3/342","21/12706",0.142857142857143,5.30743525480368,3.28551957760627,0.0179451486423067,0.17169605305753,0.148645742659237,"PABPN1/SARNP/IWS1",3
"GO:0045591","positive regulation of regulatory T cell differentiation","3/342","21/12706",0.142857142857143,5.30743525480368,3.28551957760627,0.0179451486423067,0.17169605305753,0.148645742659237,"HLA-DRA/IL2RG/TGFB1",3
"GO:0071218","cellular response to misfolded protein","3/342","21/12706",0.142857142857143,5.30743525480368,3.28551957760627,0.0179451486423067,0.17169605305753,0.148645742659237,"UBE2W/RARA/UBR5",3
"GO:2000114","regulation of establishment of cell polarity","3/342","21/12706",0.142857142857143,5.30743525480368,3.28551957760627,0.0179451486423067,0.17169605305753,0.148645742659237,"DOCK8/ARFGEF1/RIPOR2",3
"GO:0032386","regulation of intracellular transport","13/342","250/12706",0.052,1.93190643274854,2.47499259370472,0.0179527207413512,0.17169605305753,0.148645742659237,"TGFB1/TARDBP/RBM4/DYNC1H1/FLNA/XPO1/UBR5/RANBP2/IWS1/NUMA1/EP300/NFKBIA/SORL1",13
"GO:0031333","negative regulation of protein-containing complex assembly","8/342","123/12706",0.0650406504065041,2.41639328673989,2.62521699201793,0.0180164769134794,0.17169605305753,0.148645742659237,"DDX3X/NOP53/OGT/EP300/SSH2/SORL1/ARFGEF1/RAF1",8
"GO:0002695","negative regulation of leukocyte activation","10/342","172/12706",0.0581395348837209,2.16000271997824,2.54741249897022,0.0180186020962532,0.17169605305753,0.148645742659237,"LST1/SPN/GRN/CD84/TGFB1/CD69/PAG1/RUNX1/FGR/RIPOR2",10
"GO:0000819","sister chromatid segregation","12/342","224/12706",0.0535714285714286,1.99028822055138,2.48693493294197,0.0182631373747372,0.173591120746877,0.150286396238956,"DUSP1/HSPA1A/ARID1A/FLNA/EML4/TOP2B/SMARCA2/NUMA1/ARID2/STAG1/BAZ1B/RIPOR2",12
"GO:0043434","response to peptide hormone","17/342","361/12706",0.0470914127423823,1.74954236931201,2.40284153547424,0.0183338638118843,0.173828803523153,0.150492169942938,"CTSD/FOS/RPS6/JUND/TGFB1/ZNF106/PRKDC/RBM4/KLF2/CYBA/RAB31/BTG2/OGT/PTPRE/ATP2B1/SORL1/RAF1",17
"GO:1990849","vacuolar localization","6/342","78/12706",0.0769230769230769,2.8578497525866,2.73723127318946,0.018450837786054,0.174502699658153,0.151075595069366,"STXBP2/SYK/BORCS8/CD84/MYH9/FGR",6
"GO:1904407","positive regulation of nitric oxide metabolic process","4/342","38/12706",0.105263157894737,3.91074176669745,2.98856246891156,0.0185249132733514,0.174768536638417,0.151305743256549,"SOD2/KLF2/NFATC3/ITGB2",4
"GO:0032868","response to insulin","12/342","225/12706",0.0533333333333333,1.98144249512671,2.47031488588379,0.0188431830065,0.177331143046319,0.153524318033678,"CTSD/FOS/RPS6/ZNF106/PRKDC/RBM4/RAB31/OGT/PTPRE/ATP2B1/SORL1/RAF1",12
"GO:0006446","regulation of translational initiation","7/342","101/12706",0.0693069306930693,2.57489433153842,2.64278340633011,0.0191584196074981,0.179852620611624,0.155707285542941,"PPP1R15A/DDX3X/RBM4/OGT/EIF4G1/CSNK2A1/EIF4G3",7
"GO:0002224","toll-like receptor signaling pathway","6/342","79/12706",0.0759493670886076,2.82167443926271,2.70118985236492,0.0195309265479874,0.180169233143189,0.155981392629572,"S100A8/S100A9/GPS2/RANBP2/NFKBIZ/CTSS",6
"GO:0043255","regulation of carbohydrate biosynthetic process","6/342","79/12706",0.0759493670886076,2.82167443926271,2.70118985236492,0.0195309265479874,0.180169233143189,0.155981392629572,"TGFB1/CLTC/PLEK/OGT/RANBP2/EP300",6
"GO:0007596","blood coagulation","11/342","200/12706",0.055,2.04336257309942,2.47350008195535,0.0195819539176391,0.180169233143189,0.155981392629572,"VKORC1/SYK/P2RX1/FLNA/PLAUR/GNAQ/PLEK/CD59/MYH9/DGKZ/RAB27A",11
"GO:0071826","protein-RNA complex organization","11/342","200/12706",0.055,2.04336257309942,2.47350008195535,0.0195819539176391,0.180169233143189,0.155981392629572,"DDX39B/RPS6/ADAR/EIF3A/PRKDC/NOP53/PRPF8/LUC7L3/SNRNP200/CELF1/DDX42",11
"GO:0051047","positive regulation of secretion","13/342","253/12706",0.0513833992094862,1.90899845133255,2.42888693815857,0.0196025939925016,0.180169233143189,0.155981392629572,"S100A8/IER3IP1/SYK/TGFB1/GRK2/TARDBP/CYBA/STXBP5/FGR/ITGAM/HGS/RAB27A/ITGB2",13
"GO:0000381","regulation of alternative mRNA splicing, via spliceosome","5/342","58/12706",0.0862068965517241,3.20276265376084,2.79635086553689,0.0196186382223252,0.180169233143189,0.155981392629572,"DDX17/HNRNPA1/RBM4/CELF1/ZBTB7A",5
"GO:0010632","regulation of epithelial cell migration","5/342","58/12706",0.0862068965517241,3.20276265376084,2.79635086553689,0.0196186382223252,0.180169233143189,0.155981392629572,"JUN/MACF1/EVL/PTEN/CTSH",5
"GO:0032922","circadian regulation of gene expression","5/342","58/12706",0.0862068965517241,3.20276265376084,2.79635086553689,0.0196186382223252,0.180169233143189,0.155981392629572,"RBM4/HUWE1/MYCBP2/OGT/KMT2A",5
"GO:0045806","negative regulation of endocytosis","5/342","58/12706",0.0862068965517241,3.20276265376084,2.79635086553689,0.0196186382223252,0.180169233143189,0.155981392629572,"TGFB1/LRPAP1/PICALM/SIRPA/APOC2",5
"GO:0042692","muscle cell differentiation","15/342","308/12706",0.0487012987012987,1.80935292777398,2.39143385879264,0.0197592341948414,0.181023152792258,0.156720672992439,"AKAP13/TGFB1/FOXP1/SOD2/DCAF8/RBM4/RARA/MYH9/CALR/NFATC3/PLEC/QKI/NINJ1/CTCF/RIPOR2",15
"GO:0002460","adaptive immune response based on somatic recombination of immune receptors built from immunoglobulin superfamily domains","14/342","281/12706",0.0498220640569395,1.85099165470021,2.39911547430127,0.0200611046027412,0.182998444689038,0.158430780625882,"HLA-DRA/HLA-B/HLA-A/JUNB/SPN/CD4/TGFB1/CD69/IL17RA/NFKBIZ/EP300/RAB27A/MYO1G/CTSH",14
"GO:0071824","protein-DNA complex organization","10/342","175/12706",0.0571428571428571,2.12297410192147,2.48780759612506,0.0200711076894605,0.182998444689038,0.158430780625882,"ARID1A/MIS18BP1/CHD1/SENP6/NFKBIZ/CHD2/UBTF/HMGA1/ARID2/NASP",10
"GO:0070935","3'-UTR-mediated mRNA stabilization","3/342","22/12706",0.136363636363636,5.06618819776714,3.17461883603309,0.0203728513799978,0.184862961686758,0.160044984964837,"TARDBP/QKI/ZFP36",3
"GO:1900151","regulation of nuclear-transcribed mRNA catabolic process, deadenylation-dependent decay","3/342","22/12706",0.136363636363636,5.06618819776714,3.17461883603309,0.0203728513799978,0.184862961686758,0.160044984964837,"CNOT1/HNRNPD/ZFP36",3
"GO:0032635","interleukin-6 production","8/342","126/12706",0.0634920634920635,2.35886011324608,2.54941532714465,0.0205190066667538,0.185304663532062,0.160427388040853,"HLA-B/AIF1/SYK/TGFB1/KLF2/CYBA/IL17RA/SIRPA",8
"GO:0032675","regulation of interleukin-6 production","8/342","126/12706",0.0634920634920635,2.35886011324608,2.54941532714465,0.0205190066667538,0.185304663532062,0.160427388040853,"HLA-B/AIF1/SYK/TGFB1/KLF2/CYBA/IL17RA/SIRPA",8
"GO:0009612","response to mechanical stimulus","10/342","176/12706",0.0568181818181818,2.11091174906964,2.46820511421756,0.0207918520250908,0.186350784501888,0.161333066568123,"FOS/JUND/JUN/TGFB1/CYBA/BTG2/PLEC/NFKBIA/ITGAM/RAF1",10
"GO:0050817","coagulation","11/342","202/12706",0.0544554455445545,2.02313126049447,2.4378301614041,0.0209076348395592,0.186350784501888,0.161333066568123,"VKORC1/SYK/P2RX1/FLNA/PLAUR/GNAQ/PLEK/CD59/MYH9/DGKZ/RAB27A",11
"GO:0032640","tumor necrosis factor production","9/342","151/12706",0.0596026490066225,2.21436040432206,2.49659791072183,0.0209574315996277,0.186350784501888,0.161333066568123,"SPN/SYK/TGFB1/FOXP1/RARA/CYBA/SIRPA/ZFP36/ACP5",9
"GO:0032680","regulation of tumor necrosis factor production","9/342","151/12706",0.0596026490066225,2.21436040432206,2.49659791072183,0.0209574315996277,0.186350784501888,0.161333066568123,"SPN/SYK/TGFB1/FOXP1/RARA/CYBA/SIRPA/ZFP36/ACP5",9
"GO:0002090","regulation of receptor internalization","5/342","59/12706",0.0847457627118644,3.14847854098523,2.75095924459587,0.0209779420743841,0.186350784501888,0.161333066568123,"SYK/LRPAP1/PPP3R1/ARAP1/RABEP1",5
"GO:0033059","cellular pigmentation","5/342","59/12706",0.0847457627118644,3.14847854098523,2.75095924459587,0.0209779420743841,0.186350784501888,0.161333066568123,"DCTN1/LYST/AP1B1/RAB27A/AP3D1",5
"GO:0045661","regulation of myoblast differentiation","5/342","59/12706",0.0847457627118644,3.14847854098523,2.75095924459587,0.0209779420743841,0.186350784501888,0.161333066568123,"TGFB1/ARID1A/SMARCA2/ARID2/RIPOR2",5
"GO:0042274","ribosomal small subunit biogenesis","7/342","103/12706",0.0679611650485437,2.52489638335321,2.58429964629914,0.0210999409948904,0.18699761226707,0.161893057271555,"RPS17/RPS16/RPS6/PRKDC/FBL/WDR43/EMG1",7
"GO:0009150","purine ribonucleotide metabolic process","15/342","311/12706",0.0482315112540193,1.7918993625543,2.35151531657105,0.021346701054148,0.188744552111327,0.163405469268839,"NDUFB8/NDUFA7/NDUFC2/ATP5PO/MT-ATP6/TGFB1/HSPA1A/MT-ND3/PFKL/OGT/NME4/EP300/ZBTB7A/HK3/IMPDH2",15
"GO:0032388","positive regulation of intracellular transport","8/342","127/12706",0.062992125984252,2.34028641156698,2.52462748510301,0.0214054859177925,0.188825191321223,0.163475282610666,"TGFB1/TARDBP/DYNC1H1/FLNA/UBR5/NUMA1/EP300/SORL1",8
"GO:0002822","regulation of adaptive immune response based on somatic recombination of immune receptors built from immunoglobulin superfamily domains","10/342","177/12706",0.0564971751412429,2.09898569399015,2.44873256669898,0.0215313125464071,0.189495486808888,0.164055590479081,"HLA-DRA/HLA-B/HLA-A/JUNB/SPN/CD4/TGFB1/CD69/NFKBIZ/EP300",10
"GO:0000377","RNA splicing, via transesterification reactions with bulged adenosine as nucleophile","14/342","284/12706",0.0492957746478873,1.83143892595338,2.35675615705416,0.0217531257658571,0.190565401294444,0.164981868226619,"DDX39B/HNRNPUL2/DDX17/HNRNPA1/RBM4/PRPF8/LUC7L3/SNRNP200/HNRNPH1/CELF1/DDX42/ZBTB7A/QKI/CWC25",14
"GO:0000398","mRNA splicing, via spliceosome","14/342","284/12706",0.0492957746478873,1.83143892595338,2.35675615705416,0.0217531257658571,0.190565401294444,0.164981868226619,"DDX39B/HNRNPUL2/DDX17/HNRNPA1/RBM4/PRPF8/LUC7L3/SNRNP200/HNRNPH1/CELF1/DDX42/ZBTB7A/QKI/CWC25",14
"GO:0045599","negative regulation of fat cell differentiation","4/342","40/12706",0.1,3.71520467836257,2.86044575713308,0.021999793388112,0.192283251635867,0.166469096006355,"CCDC85B/TGFB1/SOD2/GPS2",4
"GO:0045576","mast cell activation","5/342","60/12706",0.0833333333333333,3.09600389863548,2.70652480741197,0.0223972492686333,0.195308123209504,0.169087876540358,"STXBP2/SYK/CD84/FGR/PTPRE",5
"GO:0033962","P-body assembly","3/342","23/12706",0.130434782608696,4.84591914569031,3.07025156180311,0.0229719517683987,0.197600363401475,0.171072381947565,"DYNC1H1/CNOT1/TNRC6A",3
"GO:0045624","positive regulation of T-helper cell differentiation","3/342","23/12706",0.130434782608696,4.84591914569031,3.07025156180311,0.0229719517683987,0.197600363401475,0.171072381947565,"RARA/NFKBIZ/EP300",3
"GO:0048261","negative regulation of receptor-mediated endocytosis","3/342","23/12706",0.130434782608696,4.84591914569031,3.07025156180311,0.0229719517683987,0.197600363401475,0.171072381947565,"LRPAP1/PICALM/APOC2",3
"GO:0051788","response to misfolded protein","3/342","23/12706",0.130434782608696,4.84591914569031,3.07025156180311,0.0229719517683987,0.197600363401475,0.171072381947565,"UBE2W/RARA/UBR5",3
"GO:0060043","regulation of cardiac muscle cell proliferation","3/342","23/12706",0.130434782608696,4.84591914569031,3.07025156180311,0.0229719517683987,0.197600363401475,0.171072381947565,"JARID2/RUNX1/PIM1",3
"GO:0090025","regulation of monocyte chemotaxis","3/342","23/12706",0.130434782608696,4.84591914569031,3.07025156180311,0.0229719517683987,0.197600363401475,0.171072381947565,"AIF1/DUSP1/NINJ1",3
"GO:0031341","regulation of cell killing","6/342","82/12706",0.0731707317073171,2.71844244758237,2.59635644193156,0.0230276260605982,0.197632131562967,0.171099885212049,"HLA-DRA/HLA-B/HLA-A/TGFB1/CD59/ITGAM",6
"GO:0042552","myelination","8/342","129/12706",0.062015503875969,2.30400290131012,2.47574420911234,0.023259224845759,0.19864752138172,0.17197895826591,"TGFB1/TYMP/PPP3R1/RARA/PLEC/QKI/PTEN/RAF1",8
"GO:0002443","leukocyte mediated immunity","16/342","343/12706",0.0466472303206997,1.7330400832012,2.28893646411974,0.023477864338116,0.19864752138172,0.17197895826591,"HLA-DRA/HLA-B/HLA-A/STXBP2/SPN/SYK/CD84/TGFB1/NFKBIZ/LYST/FGR/ITGAM/RAB27A/MYO1G/ITGB2/CTSH",16
"GO:0002768","immune response-regulating cell surface receptor signaling pathway","15/342","315/12706",0.0476190476190476,1.76914508493456,2.29895916402829,0.0236112635549099,0.19864752138172,0.17197895826591,"HLA-A/FYB1/SYK/FOXP1/CYBA/DGKZ/GPS2/HCK/NFKBIZ/EP300/FGR/NFKBIA/ITGAM/NINJ1/MYO1G",15
"GO:0006401","RNA catabolic process","15/342","315/12706",0.0476190476190476,1.76914508493456,2.29895916402829,0.0236112635549099,0.19864752138172,0.17197895826591,"HSPA1A/TARDBP/SMG1/NORAD/BTG2/CNOT1/TNRC6A/HNRNPD/CSNK2A1/CELF1/ETF1/QKI/ZFP36/PUM1/WDR82",15
"GO:0007599","hemostasis","11/342","206/12706",0.0533980582524272,1.98384715834895,2.36770247862734,0.0237557649577608,0.19864752138172,0.17197895826591,"VKORC1/SYK/P2RX1/FLNA/PLAUR/GNAQ/PLEK/CD59/MYH9/DGKZ/RAB27A",11
"GO:0031334","positive regulation of protein-containing complex assembly","10/342","180/12706",0.0555555555555556,2.06400259909032,2.39107735937659,0.023864512822577,0.19864752138172,0.17197895826591,"SYK/DDX3X/TGFB1/HSPA1A/PLEK/HCK/EIF4G1/DCTN1/NUMA1/EVL",10
"GO:0032869","cellular response to insulin stimulus","10/342","180/12706",0.0555555555555556,2.06400259909032,2.39107735937659,0.023864512822577,0.19864752138172,0.17197895826591,"CTSD/ZNF106/PRKDC/RBM4/RAB31/OGT/PTPRE/ATP2B1/SORL1/RAF1",10
"GO:0030521","androgen receptor signaling pathway","4/342","41/12706",0.0975609756097561,3.62458993010983,2.79944332147486,0.0238764157131009,0.19864752138172,0.17197895826591,"DDX17/FOXP1/EP300/ZBTB7A",4
"GO:0043368","positive T cell selection","4/342","41/12706",0.0975609756097561,3.62458993010983,2.79944332147486,0.0238764157131009,0.19864752138172,0.17197895826591,"SPN/CD69/NFATC3/EP300",4
"GO:0051101","regulation of DNA binding","4/342","41/12706",0.0975609756097561,3.62458993010983,2.79944332147486,0.0238764157131009,0.19864752138172,0.17197895826591,"JUN/CPNE1/PLAUR/ZBTB7A",4
"GO:0032722","positive regulation of chemokine production","5/342","61/12706",0.0819672131147541,3.04524973636276,2.66300962142231,0.023877411170817,0.19864752138172,0.17197895826591,"AIF1/SYK/DDX3X/TGFB1/IL17RA",5
"GO:0042267","natural killer cell mediated cytotoxicity","5/342","61/12706",0.0819672131147541,3.04524973636276,2.66300962142231,0.023877411170817,0.19864752138172,0.17197895826591,"HLA-B/HLA-A/TGFB1/LYST/RAB27A",5
"GO:0140962","multicellular organismal-level chemical homeostasis","5/342","61/12706",0.0819672131147541,3.04524973636276,2.66300962142231,0.023877411170817,0.19864752138172,0.17197895826591,"TGFB1/SOD2/PICALM/NKIRAS2/CTSH",5
"GO:2000059","negative regulation of ubiquitin-dependent protein catabolic process","5/342","61/12706",0.0819672131147541,3.04524973636276,2.66300962142231,0.023877411170817,0.19864752138172,0.17197895826591,"CSNK2B/NOP53/OGT/CSNK2A1/HIPK2",5
"GO:0000375","RNA splicing, via transesterification reactions","14/342","288/12706",0.0486111111111111,1.80600227420403,2.30105803873612,0.0241733290962257,0.199030969469332,0.172310928190316,"DDX39B/HNRNPUL2/DDX17/HNRNPA1/RBM4/PRPF8/LUC7L3/SNRNP200/HNRNPH1/CELF1/DDX42/ZBTB7A/QKI/CWC25",14
"GO:0007272","ensheathment of neurons","8/342","130/12706",0.0615384615384615,2.28627980206928,2.45164029894053,0.0242272367993201,0.199030969469332,0.172310928190316,"TGFB1/TYMP/PPP3R1/RARA/PLEC/QKI/PTEN/RAF1",8
"GO:0008366","axon ensheathment","8/342","130/12706",0.0615384615384615,2.28627980206928,2.45164029894053,0.0242272367993201,0.199030969469332,0.172310928190316,"TGFB1/TYMP/PPP3R1/RARA/PLEC/QKI/PTEN/RAF1",8
"GO:0001101","response to acid chemical","7/342","106/12706",0.0660377358490566,2.45343705174887,2.49910657348819,0.0242623892801235,0.199030969469332,0.172310928190316,"KLF2/CYBA/MAT2A/HNRNPD/PLEC/EP300/CPEB4",7
"GO:0090316","positive regulation of intracellular protein transport","6/342","83/12706",0.072289156626506,2.6856901289368,2.56245583149494,0.0242808266968319,0.199030969469332,0.172310928190316,"TGFB1/TARDBP/FLNA/UBR5/EP300/SORL1",6
"GO:0009260","ribonucleotide biosynthetic process","9/342","155/12706",0.0580645161290323,2.1572156196944,2.41080376361998,0.0243422937409888,0.199030969469332,0.172310928190316,"NDUFB8/NDUFA7/NDUFC2/ATP5PO/MT-ATP6/TGFB1/MT-ND3/NME4/IMPDH2",9
"GO:0071706","tumor necrosis factor superfamily cytokine production","9/342","155/12706",0.0580645161290323,2.1572156196944,2.41080376361998,0.0243422937409888,0.199030969469332,0.172310928190316,"SPN/SYK/TGFB1/FOXP1/RARA/CYBA/SIRPA/ZFP36/ACP5",9
"GO:1903555","regulation of tumor necrosis factor superfamily cytokine production","9/342","155/12706",0.0580645161290323,2.1572156196944,2.41080376361998,0.0243422937409888,0.199030969469332,0.172310928190316,"SPN/SYK/TGFB1/FOXP1/RARA/CYBA/SIRPA/ZFP36/ACP5",9
"GO:0098813","nuclear chromosome segregation","14/342","289/12706",0.0484429065743945,1.79975313138671,2.28726992512097,0.0248085925789122,0.20240830254297,0.175234852031304,"DUSP1/HSPA1A/DYNC1H1/ARID1A/FLNA/EML4/TOP2B/SMARCA2/NUMA1/ARID2/STAG1/BAZ1B/PTEN/RIPOR2",14
"GO:0008630","intrinsic apoptotic signaling pathway in response to DNA damage","7/342","107/12706",0.0654205607476635,2.43050773350823,2.47135395236747,0.0253851619697691,0.206048379310678,0.178386246049029,"CRIP1/RPL26/MCL1/SOD2/PRKDC/EP300/HIPK2",7
"GO:0002437","inflammatory response to antigenic stimulus","5/342","62/12706",0.0806451612903226,2.99613280513111,2.62037786838986,0.0254192282599051,0.206048379310678,0.178386246049029,"SPN/SYK/CD68/HCK/FGR",5
"GO:0045123","cellular extravasation","5/342","62/12706",0.0806451612903226,2.99613280513111,2.62037786838986,0.0254192282599051,0.206048379310678,0.178386246049029,"SPN/SELPLG/SIRPA/RIPOR2/ITGB2",5
"GO:1990266","neutrophil migration","6/342","84/12706",0.0714285714285714,2.65371762740184,2.52905224065704,0.0255788645947315,0.206048379310678,0.178386246049029,"S100A8/S100A9/SYK/PREX1/RIPOR2/ITGB2",6
"GO:0006026","aminoglycan catabolic process","3/342","24/12706",0.125,4.64400584795322,2.97174609857404,0.0257424987302924,0.206048379310678,0.178386246049029,"TGFB1/IDS/GNS",3
"GO:0032753","positive regulation of interleukin-4 production","3/342","24/12706",0.125,4.64400584795322,2.97174609857404,0.0257424987302924,0.206048379310678,0.178386246049029,"SYK/RARA/PRG2",3
"GO:0035886","vascular associated smooth muscle cell differentiation","3/342","24/12706",0.125,4.64400584795322,2.97174609857404,0.0257424987302924,0.206048379310678,0.178386246049029,"SOD2/NFATC3/QKI",3
"GO:0046621","negative regulation of organ growth","3/342","24/12706",0.125,4.64400584795322,2.97174609857404,0.0257424987302924,0.206048379310678,0.178386246049029,"FOXP1/JARID2/PTEN",3
"GO:1903077","negative regulation of protein localization to plasma membrane","3/342","24/12706",0.125,4.64400584795322,2.97174609857404,0.0257424987302924,0.206048379310678,0.178386246049029,"TGFB1/CLTC/PICALM",3
"GO:0034101","erythrocyte homeostasis","9/342","157/12706",0.0573248407643312,2.12973516594033,2.36887859436369,0.0261732279388585,0.208617636527337,0.180610578759374,"RPS17/ADAR/HSPA1A/PRKDC/KLF2/LYAR/ZBTB7A/HIPK2/ZFP36",9
"GO:0051495","positive regulation of cytoskeleton organization","9/342","157/12706",0.0573248407643312,2.12973516594033,2.36887859436369,0.0261732279388585,0.208617636527337,0.180610578759374,"CCDC88A/HSPA1A/DYNC1H1/FLNA/PLEK/HCK/DCTN1/NUMA1/EVL",9
"GO:0051225","spindle assembly","8/342","132/12706",0.0606060606060606,2.25163919900762,2.40408757059066,0.0262473727987169,0.208770944311133,0.180743304870266,"HSPA1A/DYNC1H1/FLNA/SENP6/NUMA1/STAG1/PTEN/RIPOR2",8
"GO:0010803","regulation of tumor necrosis factor-mediated signaling pathway","5/342","63/12706",0.0793650793650794,2.9485751415576,2.57859569419871,0.0270234495080307,0.211810319709064,0.183374642080413,"SYK/HSPA1A/CPNE1/GPS2/NKIRAS2",5
"GO:0046626","regulation of insulin receptor signaling pathway","5/342","63/12706",0.0793650793650794,2.9485751415576,2.57859569419871,0.0270234495080307,0.211810319709064,0.183374642080413,"CTSD/RBM4/OGT/PTPRE/SORL1",5
"GO:0071277","cellular response to calcium ion","5/342","63/12706",0.0793650793650794,2.9485751415576,2.57859569419871,0.0270234495080307,0.211810319709064,0.183374642080413,"FOS/JUNB/JUND/JUN/CPNE1",5
"GO:1902893","regulation of miRNA transcription","5/342","63/12706",0.0793650793650794,2.9485751415576,2.57859569419871,0.0270234495080307,0.211810319709064,0.183374642080413,"FOS/JUN/TGFB1/RARA/NFATC3",5
"GO:2000058","regulation of ubiquitin-dependent protein catabolic process","9/342","158/12706",0.0569620253164557,2.11625582944704,2.34815044169283,0.0271243404538919,0.211810319709064,0.183374642080413,"CSNK2B/HSPA1A/NOP53/XPO1/OGT/CSNK2A1/HIPK2/HECTD1/PTEN",9
"GO:0015931","nucleobase-containing compound transport","11/342","211/12706",0.0521327014218009,1.93683656217954,2.28222163811306,0.02770201219344,0.211810319709064,0.183374642080413,"DDX39B/HNRNPA1/SMG1/PABPN1/SARNP/XPO1/RANBP2/IWS1/QKI/ZFP36/MVP",11
"GO:0019220","regulation of phosphate metabolic process","21/342","497/12706",0.0422535211267606,1.56980479367433,2.15518787762784,0.0277880211380463,0.211810319709064,0.183374642080413,"NDUFC2/DUSP1/CCDC88A/CD4/ADAR/TARDBP/PRKDC/NOP53/PLAUR/PLEK/OGT/EP300/FGR/ZBTB7A/PIM1/HGS/PTEN/MVP/ITGB2/RAF1/APOC2",21
"GO:0048514","blood vessel morphogenesis","21/342","497/12706",0.0422535211267606,1.56980479367433,2.15518787762784,0.0277880211380463,0.211810319709064,0.183374642080413,"JUNB/GRN/SYK/JUN/RNF213/TGFB1/TYMP/GTF2I/KLF2/PPP3R1/MYH9/NFATC3/HS6ST1/RUNX1/HIPK2/QKI/TGFBI/NINJ1/ARID2/HGS/ITGB2",21
"GO:0007007","inner mitochondrial membrane organization","4/342","43/12706",0.0930232558139535,3.45600435196518,2.68297079896789,0.0279128464117283,0.211810319709064,0.183374642080413,"MICOS10/TIMM10B/MICOS13/OXA1L",4
"GO:0010896","regulation of triglyceride catabolic process","2/342","10/12706",0.2,7.43040935672515,3.38318739012196,0.028180733138877,0.211810319709064,0.183374642080413,"SORL1/APOC2",2
"GO:0019835","cytolysis","2/342","10/12706",0.2,7.43040935672515,3.38318739012196,0.028180733138877,0.211810319709064,0.183374642080413,"PIM1/NINJ1",2
"GO:0030200","heparan sulfate proteoglycan catabolic process","2/342","10/12706",0.2,7.43040935672515,3.38318739012196,0.028180733138877,0.211810319709064,0.183374642080413,"IDS/GNS",2
"GO:0030213","hyaluronan biosynthetic process","2/342","10/12706",0.2,7.43040935672515,3.38318739012196,0.028180733138877,0.211810319709064,0.183374642080413,"TGFB1/CLTC",2
"GO:0032604","granulocyte macrophage colony-stimulating factor production","2/342","10/12706",0.2,7.43040935672515,3.38318739012196,0.028180733138877,0.211810319709064,0.183374642080413,"SYK/CD84",2
"GO:0032645","regulation of granulocyte macrophage colony-stimulating factor production","2/342","10/12706",0.2,7.43040935672515,3.38318739012196,0.028180733138877,0.211810319709064,0.183374642080413,"SYK/CD84",2
"GO:0032754","positive regulation of interleukin-5 production","2/342","10/12706",0.2,7.43040935672515,3.38318739012196,0.028180733138877,0.211810319709064,0.183374642080413,"RARA/IL17RA",2
"GO:0035723","interleukin-15-mediated signaling pathway","2/342","10/12706",0.2,7.43040935672515,3.38318739012196,0.028180733138877,0.211810319709064,0.183374642080413,"IL2RG/CD4",2
"GO:0042590","antigen processing and presentation of exogenous peptide antigen via MHC class I","2/342","10/12706",0.2,7.43040935672515,3.38318739012196,0.028180733138877,0.211810319709064,0.183374642080413,"HLA-A/IFI30",2
"GO:0071350","cellular response to interleukin-15","2/342","10/12706",0.2,7.43040935672515,3.38318739012196,0.028180733138877,0.211810319709064,0.183374642080413,"IL2RG/CD4",2
"GO:0090084","negative regulation of inclusion body assembly","2/342","10/12706",0.2,7.43040935672515,3.38318739012196,0.028180733138877,0.211810319709064,0.183374642080413,"HSPA1A/SORL1",2
"GO:0097067","cellular response to thyroid hormone stimulus","2/342","10/12706",0.2,7.43040935672515,3.38318739012196,0.028180733138877,0.211810319709064,0.183374642080413,"CTSS/CTSH",2
"GO:1902855","regulation of non-motile cilium assembly","2/342","10/12706",0.2,7.43040935672515,3.38318739012196,0.028180733138877,0.211810319709064,0.183374642080413,"SEPTIN7/SEPTIN9",2
"GO:0097306","cellular response to alcohol","6/342","86/12706",0.0697674418604651,2.59200326397389,2.46368053069885,0.028311731621846,0.211810319709064,0.183374642080413,"FOS/RPS6/SOD2/GNB1/CYBA/BTG2",6
"GO:0051174","regulation of phosphorus metabolic process","21/342","498/12706",0.0421686746987952,1.56665257521313,2.14550814411273,0.0283187579273417,0.211810319709064,0.183374642080413,"NDUFC2/DUSP1/CCDC88A/CD4/ADAR/TARDBP/PRKDC/NOP53/PLAUR/PLEK/OGT/EP300/FGR/ZBTB7A/PIM1/HGS/PTEN/MVP/ITGB2/RAF1/APOC2",21
"GO:0051276","chromosome organization","21/342","498/12706",0.0421686746987952,1.56665257521313,2.14550814411273,0.0283187579273417,0.211810319709064,0.183374642080413,"DUSP1/HNRNPA1/HSPA1A/SMCHD1/PRKDC/SMG1/ARID1A/MIS18BP1/FLNA/EML4/SENP6/TOP2B/SMARCA2/HNRNPD/NUMA1/ARID2/STAG1/BAZ1B/NASP/CTCF/RIPOR2",21
"GO:0001916","positive regulation of T cell mediated cytotoxicity","3/342","25/12706",0.12,4.45824561403509,2.87852481270774,0.0286841220318068,0.211810319709064,0.183374642080413,"HLA-DRA/HLA-B/HLA-A",3
"GO:0002295","T-helper cell lineage commitment","3/342","25/12706",0.12,4.45824561403509,2.87852481270774,0.0286841220318068,0.211810319709064,0.183374642080413,"SPN/CD69/EP300",3
"GO:0030220","platelet formation","3/342","25/12706",0.12,4.45824561403509,2.87852481270774,0.0286841220318068,0.211810319709064,0.183374642080413,"PRKDC/MYH9/EP300",3
"GO:0032878","regulation of establishment or maintenance of cell polarity","3/342","25/12706",0.12,4.45824561403509,2.87852481270774,0.0286841220318068,0.211810319709064,0.183374642080413,"DOCK8/ARFGEF1/RIPOR2",3
"GO:0035357","peroxisome proliferator activated receptor signaling pathway","3/342","25/12706",0.12,4.45824561403509,2.87852481270774,0.0286841220318068,0.211810319709064,0.183374642080413,"JUND/HUWE1/GPS2",3
"GO:0090594","inflammatory response to wounding","3/342","25/12706",0.12,4.45824561403509,2.87852481270774,0.0286841220318068,0.211810319709064,0.183374642080413,"GRN/TGFB1/NFKBIZ",3
"GO:0140861","DNA repair-dependent chromatin remodeling","3/342","25/12706",0.12,4.45824561403509,2.87852481270774,0.0286841220318068,0.211810319709064,0.183374642080413,"PRKDC/TRIP12/UBR5",3
"GO:1902894","negative regulation of miRNA transcription","3/342","25/12706",0.12,4.45824561403509,2.87852481270774,0.0286841220318068,0.211810319709064,0.183374642080413,"TGFB1/RARA/NFATC3",3
"GO:1902914","regulation of protein polyubiquitination","3/342","25/12706",0.12,4.45824561403509,2.87852481270774,0.0286841220318068,0.211810319709064,0.183374642080413,"UBE2V1/DDX3X/GPS2",3
"GO:0050853","B cell receptor signaling pathway","5/342","64/12706",0.078125,2.90250365497076,2.53763107153048,0.0286907718701125,0.211810319709064,0.183374642080413,"SYK/FOXP1/GPS2/NFKBIZ/NFKBIA",5
"GO:0060395","SMAD protein signal transduction","5/342","64/12706",0.078125,2.90250365497076,2.53763107153048,0.0286907718701125,0.211810319709064,0.183374642080413,"CSNK2B/FOS/JUN/TGFB1/HIPK2",5
"GO:0061614","miRNA transcription","5/342","64/12706",0.078125,2.90250365497076,2.53763107153048,0.0286907718701125,0.211810319709064,0.183374642080413,"FOS/JUN/TGFB1/RARA/NFATC3",5
"GO:0002824","positive regulation of adaptive immune response based on somatic recombination of immune receptors built from immunoglobulin superfamily domains","7/342","110/12706",0.0636363636363636,2.364221158958,2.38993278673923,0.0289656446016195,0.212191485116296,0.183704635775812,"HLA-DRA/HLA-B/HLA-A/CD4/TGFB1/NFKBIZ/EP300",7
"GO:0042177","negative regulation of protein catabolic process","7/342","110/12706",0.0636363636363636,2.364221158958,2.38993278673923,0.0289656446016195,0.212191485116296,0.183704635775812,"CSNK2B/NOP53/FLNA/MYCBP2/OGT/CSNK2A1/TIMP2",7
"GO:0051592","response to calcium ion","7/342","110/12706",0.0636363636363636,2.364221158958,2.38993278673923,0.0289656446016195,0.212191485116296,0.183704635775812,"FOS/JUNB/DUSP1/JUND/JUN/CPNE1/HNRNPD",7
"GO:0097530","granulocyte migration","7/342","110/12706",0.0636363636363636,2.364221158958,2.38993278673923,0.0289656446016195,0.212191485116296,0.183704635775812,"S100A8/S100A9/SYK/IL17RA/PREX1/RIPOR2/ITGB2",7
"GO:1902850","microtubule cytoskeleton organization involved in mitosis","9/342","160/12706",0.05625,2.08980263157895,2.30715138287576,0.0290992579903672,0.2127603439988,0.184197124971414,"HSPA1A/DYNC1H1/CLTC/FLNA/DCTN1/NUMA1/TACC1/STAG1/RIPOR2",9
"GO:0097193","intrinsic apoptotic signaling pathway","14/342","296/12706",0.0472972972972973,1.75719140192824,2.19223207704736,0.0296085567267643,0.21606858478917,0.187061232214551,"S100A8/S100A9/PARL/CRIP1/RPL26/MCL1/PPP1R15A/DDX3X/HSPA1A/SOD2/PRKDC/PLAUR/EP300/HIPK2",14
"GO:1900182","positive regulation of protein localization to nucleus","6/342","87/12706",0.0689655172413793,2.56221012300867,2.43168599392048,0.0297476379860592,0.216667662113021,0.187579883005459,"TGFB1/TARDBP/FLNA/UBR5/EP300/IPO7",6
"GO:0002685","regulation of leukocyte migration","10/342","187/12706",0.053475935828877,1.98674046971261,2.26078786606262,0.0300096956116278,0.216912798055242,0.187792109282855,"AIF1/SPN/DUSP1/TGFB1/CD69/DOCK8/CALR/NINJ1/RIPOR2/STK10",10
"GO:0050832","defense response to fungus","4/342","44/12706",0.0909090909090909,3.37745879851143,2.62729641067572,0.0300741912873806,0.216912798055242,0.187792109282855,"S100A8/S100A9/TGFB1/IL17RA",4
"GO:0060324","face development","4/342","44/12706",0.0909090909090909,3.37745879851143,2.62729641067572,0.0300741912873806,0.216912798055242,0.187792109282855,"TGFB1/RARA/EP300/RAF1",4
"GO:0030336","negative regulation of cell migration","12/342","241/12706",0.0497925311203319,1.84989444565771,2.21538015156736,0.0301081291018288,0.216912798055242,0.187792109282855,"CSNK2B/AIF1/DUSP1/TGFB1/CD69/CALR/OGT/ARHGAP4/EVL/ARID2/PTEN/RIPOR2",12
"GO:0046390","ribose phosphate biosynthetic process","9/342","161/12706",0.0559006211180124,2.07682249101013,2.28687597802747,0.0301236079361305,0.216912798055242,0.187792109282855,"NDUFB8/NDUFA7/NDUFC2/ATP5PO/MT-ATP6/TGFB1/MT-ND3/NME4/IMPDH2",9
"GO:0051090","regulation of DNA-binding transcription factor activity","9/342","161/12706",0.0559006211180124,2.07682249101013,2.28687597802747,0.0301236079361305,0.216912798055242,0.187792109282855,"SYK/HSPA1A/FLNA/COMMD7/HCK/EP300/ZBTB7A/PIM1/NFKBIA",9
"GO:0048193","Golgi vesicle transport","14/342","297/12706",0.0471380471380471,1.75127493256148,2.17886147502829,0.0303462562358215,0.217822665202243,0.188579826154493,"TRAPPC5/IER3IP1/TMED7/COPB1/ARF3/RAB4B/MACF1/STX10/GOSR2/RAB31/STXBP5/RABEP1/AP3D1/SORL1",14
"GO:0002704","negative regulation of leukocyte mediated immunity","5/342","65/12706",0.0769230769230769,2.8578497525866,2.49745367413427,0.0304218398796399,0.217822665202243,0.188579826154493,"HLA-B/HLA-A/SPN/CD84/TGFB1",5
"GO:0061462","protein localization to lysosome","5/342","65/12706",0.0769230769230769,2.8578497525866,2.49745367413427,0.0304218398796399,0.217822665202243,0.188579826154493,"MAT2A/OGT/HGS/AP3D1/SORL1",5
"GO:0001911","negative regulation of leukocyte mediated cytotoxicity","3/342","26/12706",0.115384615384615,4.28677462887989,2.79008775222227,0.0317960624208251,0.224283171287527,0.194173004960297,"HLA-B/HLA-A/TGFB1",3
"GO:0002719","negative regulation of cytokine production involved in immune response","3/342","26/12706",0.115384615384615,4.28677462887989,2.79008775222227,0.0317960624208251,0.224283171287527,0.194173004960297,"TGFB1/PRG2/ACP5",3
"GO:0007097","nuclear migration","3/342","26/12706",0.115384615384615,4.28677462887989,2.79008775222227,0.0317960624208251,0.224283171287527,0.194173004960297,"DYNC1H1/DCTN1/TACC1",3
"GO:0045742","positive regulation of epidermal growth factor receptor signaling pathway","3/342","26/12706",0.115384615384615,4.28677462887989,2.79008775222227,0.0317960624208251,0.224283171287527,0.194173004960297,"CCDC88A/TGFB1/PLAUR",3
"GO:0050931","pigment cell differentiation","3/342","26/12706",0.115384615384615,4.28677462887989,2.79008775222227,0.0317960624208251,0.224283171287527,0.194173004960297,"SOD2/RAB27A/AP3D1",3
"GO:0060964","regulation of miRNA-mediated gene silencing","3/342","26/12706",0.115384615384615,4.28677462887989,2.79008775222227,0.0317960624208251,0.224283171287527,0.194173004960297,"TGFB1/ZFP36/PUM1",3
"GO:1904376","negative regulation of protein localization to cell periphery","3/342","26/12706",0.115384615384615,4.28677462887989,2.79008775222227,0.0317960624208251,0.224283171287527,0.194173004960297,"TGFB1/CLTC/PICALM",3
"GO:1905476","negative regulation of protein localization to membrane","3/342","26/12706",0.115384615384615,4.28677462887989,2.79008775222227,0.0317960624208251,0.224283171287527,0.194173004960297,"TGFB1/CLTC/PICALM",3
"GO:0002703","regulation of leukocyte mediated immunity","11/342","216/12706",0.0509259259259259,1.89200238249946,2.19903711954302,0.0321005116955242,0.226011380493302,0.195669200919891,"HLA-DRA/HLA-B/HLA-A/STXBP2/SPN/SYK/CD84/TGFB1/FGR/ITGAM/ITGB2",11
"GO:0031670","cellular response to nutrient","4/342","45/12706",0.0888888888888889,3.30240415854451,2.57320687477671,0.0323317667231798,0.226381909910736,0.195989986514264,"MAT2A/OGT/UBR5/PIM1",4
"GO:0032435","negative regulation of proteasomal ubiquitin-dependent protein catabolic process","4/342","45/12706",0.0888888888888889,3.30240415854451,2.57320687477671,0.0323317667231798,0.226381909910736,0.195989986514264,"CSNK2B/NOP53/OGT/CSNK2A1",4
"GO:0043303","mast cell degranulation","4/342","45/12706",0.0888888888888889,3.30240415854451,2.57320687477671,0.0323317667231798,0.226381909910736,0.195989986514264,"STXBP2/SYK/CD84/FGR",4
"GO:0033209","tumor necrosis factor-mediated signaling pathway","7/342","113/12706",0.0619469026548673,2.30145422553434,2.31113017220011,0.0328731044259495,0.229337202673232,0.198548529239236,"SYK/HSPA1A/CPNE1/COMMD7/GPS2/NFKBIA/NKIRAS2",7
"GO:0002819","regulation of adaptive immune response","10/342","190/12706",0.0526315789473684,1.95537088334872,2.20666757762628,0.0329588994873618,0.229337202673232,0.198548529239236,"HLA-DRA/HLA-B/HLA-A/JUNB/SPN/CD4/TGFB1/CD69/NFKBIZ/EP300",10
"GO:0033157","regulation of intracellular protein transport","8/342","138/12706",0.0579710144927536,2.15374184252903,2.26639701803532,0.0330054457523057,0.229337202673232,0.198548529239236,"TGFB1/TARDBP/FLNA/XPO1/UBR5/EP300/NFKBIA/SORL1",8
"GO:0002573","myeloid leukocyte differentiation","11/342","217/12706",0.0506912442396313,1.88328347751098,2.18266472838079,0.0330365758883218,0.229337202673232,0.198548529239236,"FOS/JUNB/CD4/JUN/TGFB1/FOXP1/EVI2B/RARA/MYH9/RUNX1/QKI",11
"GO:2001242","regulation of intrinsic apoptotic signaling pathway","9/342","164/12706",0.0548780487804878,2.03883183568678,2.22692025657396,0.0333473752369924,0.229337202673232,0.198548529239236,"S100A8/S100A9/PARL/RPL26/MCL1/DDX3X/HSPA1A/SOD2/PLAUR",9
"GO:0009259","ribonucleotide metabolic process","15/342","330/12706",0.0454545454545455,1.68872939925572,2.10831904023513,0.033731519554764,0.229337202673232,0.198548529239236,"NDUFB8/NDUFA7/NDUFC2/ATP5PO/MT-ATP6/TGFB1/HSPA1A/MT-ND3/PFKL/OGT/NME4/EP300/ZBTB7A/HK3/IMPDH2",15
"GO:0006369","termination of RNA polymerase II transcription","2/342","11/12706",0.181818181818182,6.75491759702286,3.17570380194004,0.0338396030246405,0.229337202673232,0.198548529239236,"MAZ/PCF11",2
"GO:0031055","chromatin remodeling at centromere","2/342","11/12706",0.181818181818182,6.75491759702286,3.17570380194004,0.0338396030246405,0.229337202673232,0.198548529239236,"MIS18BP1/NASP",2
"GO:0032780","negative regulation of ATP-dependent activity","2/342","11/12706",0.181818181818182,6.75491759702286,3.17570380194004,0.0338396030246405,0.229337202673232,0.198548529239236,"OXA1L/PAM16",2
"GO:0034080","CENP-A containing chromatin assembly","2/342","11/12706",0.181818181818182,6.75491759702286,3.17570380194004,0.0338396030246405,0.229337202673232,0.198548529239236,"MIS18BP1/NASP",2
"GO:0070672","response to interleukin-15","2/342","11/12706",0.181818181818182,6.75491759702286,3.17570380194004,0.0338396030246405,0.229337202673232,0.198548529239236,"IL2RG/CD4",2
"GO:0071609","chemokine (C-C motif) ligand 5 production","2/342","11/12706",0.181818181818182,6.75491759702286,3.17570380194004,0.0338396030246405,0.229337202673232,0.198548529239236,"DDX3X/SIRPA",2
"GO:0071649","regulation of chemokine (C-C motif) ligand 5 production","2/342","11/12706",0.181818181818182,6.75491759702286,3.17570380194004,0.0338396030246405,0.229337202673232,0.198548529239236,"DDX3X/SIRPA",2
"GO:0097278","complement-dependent cytotoxicity","2/342","11/12706",0.181818181818182,6.75491759702286,3.17570380194004,0.0338396030246405,0.229337202673232,0.198548529239236,"CD59/RAB27A",2
"GO:0097680","double-strand break repair via classical nonhomologous end joining","2/342","11/12706",0.181818181818182,6.75491759702286,3.17570380194004,0.0338396030246405,0.229337202673232,0.198548529239236,"CSNK2A1/ZBTB7A",2
"GO:1904321","response to forskolin","2/342","11/12706",0.181818181818182,6.75491759702286,3.17570380194004,0.0338396030246405,0.229337202673232,0.198548529239236,"FOS/JUND",2
"GO:1905664","regulation of calcium ion import across plasma membrane","2/342","11/12706",0.181818181818182,6.75491759702286,3.17570380194004,0.0338396030246405,0.229337202673232,0.198548529239236,"P2RX1/PPP3R1",2
"GO:2000328","regulation of T-helper 17 cell lineage commitment","2/342","11/12706",0.181818181818182,6.75491759702286,3.17570380194004,0.0338396030246405,0.229337202673232,0.198548529239236,"CD69/EP300",2
"GO:0002228","natural killer cell mediated immunity","5/342","67/12706",0.0746268656716418,2.77254080474819,2.4193470732629,0.0340775271568101,0.229721202571262,0.198880976893141,"HLA-B/HLA-A/TGFB1/LYST/RAB27A",5
"GO:0018105","peptidyl-serine phosphorylation","5/342","67/12706",0.0746268656716418,2.77254080474819,2.4193470732629,0.0340775271568101,0.229721202571262,0.198880976893141,"PRKDC/SMG1/HIPK2/PTEN/RAF1",5
"GO:1904263","positive regulation of TORC1 signaling","5/342","67/12706",0.0746268656716418,2.77254080474819,2.4193470732629,0.0340775271568101,0.229721202571262,0.198880976893141,"SYK/MAT2A/OGT/EP300/PIM1",5
"GO:0035051","cardiocyte differentiation","7/342","114/12706",0.0614035087719298,2.28126603057351,2.28541603308351,0.0342500590571891,0.230260195012226,0.199347609237031,"AKAP13/TGFB1/FOXP1/RARA/CALR/PLEC/CTCF",7
"GO:0042102","positive regulation of T cell proliferation","6/342","90/12706",0.0666666666666667,2.47680311890838,2.33831978843856,0.0343391716391195,0.230260195012226,0.199347609237031,"HLA-A/AIF1/SPN/HLA-DPA1/SYK/CD4",6
"GO:0043473","pigmentation","6/342","90/12706",0.0666666666666667,2.47680311890838,2.33831978843856,0.0343391716391195,0.230260195012226,0.199347609237031,"SOD2/DCTN1/LYST/AP1B1/RAB27A/AP3D1",6
"GO:0001912","positive regulation of leukocyte mediated cytotoxicity","4/342","46/12706",0.0869565217391304,3.23061276379354,2.52061859315655,0.034686024068178,0.231768477165576,0.200653403498645,"HLA-DRA/HLA-B/HLA-A/ITGAM",4
"GO:0042789","mRNA transcription by RNA polymerase II","4/342","46/12706",0.0869565217391304,3.23061276379354,2.52061859315655,0.034686024068178,0.231768477165576,0.200653403498645,"FLNA/RARA/POLR2A/NFKBIZ",4
"GO:0050866","negative regulation of cell activation","10/342","192/12706",0.0520833333333333,1.93500243664717,2.17113171414506,0.0350345941583641,0.231936548450606,0.200798911100818,"LST1/SPN/GRN/CD84/TGFB1/CD69/PAG1/RUNX1/FGR/RIPOR2",10
"GO:0036344","platelet morphogenesis","3/342","27/12706",0.111111111111111,4.12800519818064,2.70599965437932,0.0350772002522616,0.231936548450606,0.200798911100818,"PRKDC/MYH9/EP300",3
"GO:0043373","CD4-positive, alpha-beta T cell lineage commitment","3/342","27/12706",0.111111111111111,4.12800519818064,2.70599965437932,0.0350772002522616,0.231936548450606,0.200798911100818,"SPN/CD69/EP300",3
"GO:0046685","response to arsenic-containing substance","3/342","27/12706",0.111111111111111,4.12800519818064,2.70599965437932,0.0350772002522616,0.231936548450606,0.200798911100818,"HNRNPA1/DDX3X/RBM4",3
"GO:0071676","negative regulation of mononuclear cell migration","3/342","27/12706",0.111111111111111,4.12800519818064,2.70599965437932,0.0350772002522616,0.231936548450606,0.200798911100818,"DUSP1/CD69/RIPOR2",3
"GO:1901223","negative regulation of non-canonical NF-kappaB signal transduction","3/342","27/12706",0.111111111111111,4.12800519818064,2.70599965437932,0.0350772002522616,0.231936548450606,0.200798911100818,"NDUFC2/DDX3X/CPNE1",3
"GO:0001701","in utero embryonic development","16/342","361/12706",0.0443213296398892,1.64662811229366,2.07292469357089,0.0352657445179305,0.232778403918701,0.201527746907106,"JUNB/GRN/MBNL1/BPTF/KLF2/MYH9/BIRC6/CNOT1/IWS1/HS6ST1/GSE1/WDR74/CHD8/NASP/CTCF/EMG1",16
"GO:0050729","positive regulation of inflammatory response","8/342","140/12706",0.0571428571428571,2.12297410192147,2.222061733275,0.0354992460521724,0.233913576239791,0.202510521581945,"S100A8/S100A9/GRN/TGFB1/IL17RA/NFKBIZ/NFKBIA/NINJ1",8
"GO:0034341","response to type II interferon","7/342","115/12706",0.0608695652173913,2.26142893465548,2.25996902281803,0.03566484324727,0.234598155754534,0.203103195837212,"AIF1/STXBP2/HLA-DPA1/HCK/SIRPA/PIM1/RAF1",7
"GO:0001932","regulation of protein phosphorylation","15/342","333/12706",0.045045045045045,1.67351562088404,2.07134849255362,0.0360863874387425,0.236961044977719,0.20514886559576,"DUSP1/CCDC88A/CD4/ADAR/TARDBP/PRKDC/NOP53/PLAUR/FGR/PIM1/HGS/PTEN/MVP/ITGB2/RAF1",15
"GO:0031929","TOR signaling","9/342","167/12706",0.0538922155688623,2.00220611408761,2.16822686815724,0.036802457603472,0.24124645484207,0.208858956308633,"CCDC88A/RPS6/SYK/UBE2W/MAT2A/OGT/PREX1/EP300/PIM1",9
"GO:0001889","liver development","7/342","116/12706",0.0603448275862069,2.24193385763259,2.23478365379977,0.0371177912382754,0.241360657650123,0.208957827313031,"PRKCSH/JUN/TGFB1/SOD2/JARID2/RARA/HNRNPD",7
"GO:0002821","positive regulation of adaptive immune response","7/342","116/12706",0.0603448275862069,2.24193385763259,2.23478365379977,0.0371177912382754,0.241360657650123,0.208957827313031,"HLA-DRA/HLA-B/HLA-A/CD4/TGFB1/NFKBIZ/EP300",7
"GO:0008286","insulin receptor signaling pathway","7/342","116/12706",0.0603448275862069,2.24193385763259,2.23478365379977,0.0371177912382754,0.241360657650123,0.208957827313031,"CTSD/ZNF106/RBM4/OGT/PTPRE/SORL1/RAF1",7
"GO:0061082","myeloid leukocyte cytokine production","4/342","47/12706",0.0851063829787234,3.1618763220107,2.46945412956422,0.0371372921423782,0.241360657650123,0.208957827313031,"SYK/TGFB1/PRG2/ACP5",4
"GO:1903409","reactive oxygen species biosynthetic process","4/342","47/12706",0.0851063829787234,3.1618763220107,2.46945412956422,0.0371372921423782,0.241360657650123,0.208957827313031,"NDUFC2/SOD2/CYBA/RAB27A",4
"GO:0018209","peptidyl-serine modification","5/342","69/12706",0.072463768115942,2.69217730316129,2.34406315121899,0.0379946101589537,0.245057923694816,0.212158732908909,"PRKDC/SMG1/HIPK2/PTEN/RAF1",5
"GO:0071230","cellular response to amino acid stimulus","5/342","69/12706",0.072463768115942,2.69217730316129,2.34406315121899,0.0379946101589537,0.245057923694816,0.212158732908909,"CYBA/MAT2A/HNRNPD/EP300/CPEB4",5
"GO:0050728","negative regulation of inflammatory response","8/342","142/12706",0.0563380281690141,2.09307305823244,2.17846350078373,0.0381175164361745,0.245057923694816,0.212158732908909,"SPN/GRN/SYK/GPS2/HCK/SIRPA/FGR/ACP5",8
"GO:0035751","regulation of lysosomal lumen pH","3/342","28/12706",0.107142857142857,3.98057644110276,2.62587951923139,0.0385260826646853,0.245057923694816,0.212158732908909,"RNASEK/GRN/TMEM165",3
"GO:0060765","regulation of androgen receptor signaling pathway","3/342","28/12706",0.107142857142857,3.98057644110276,2.62587951923139,0.0385260826646853,0.245057923694816,0.212158732908909,"FOXP1/EP300/ZBTB7A",3
"GO:1901186","positive regulation of ERBB signaling pathway","3/342","28/12706",0.107142857142857,3.98057644110276,2.62587951923139,0.0385260826646853,0.245057923694816,0.212158732908909,"CCDC88A/TGFB1/PLAUR",3
"GO:2000819","regulation of nucleotide-excision repair","3/342","28/12706",0.107142857142857,3.98057644110276,2.62587951923139,0.0385260826646853,0.245057923694816,0.212158732908909,"ARID1A/SMARCA2/ARID2",3
"GO:0030162","regulation of proteolysis","15/342","336/12706",0.0446428571428571,1.65857351712615,2.0347447709743,0.0385582798064324,0.245057923694816,0.212158732908909,"PARL/CSNK2B/GRN/HSPA1A/NOP53/PLAUR/MYH9/XPO1/OGT/CSNK2A1/TIMP2/RUNX1/HIPK2/HECTD1/PTEN",15
"GO:0050684","regulation of mRNA processing","7/342","117/12706",0.0598290598290598,2.22277202978957,2.20985459924098,0.0386092215256994,0.245057923694816,0.212158732908909,"DDX17/HNRNPA1/RBM4/IWS1/CELF1/ZBTB7A/QKI",7
"GO:0060341","regulation of cellular localization","19/342","455/12706",0.0417582417582418,1.55140415140415,1.99209868785926,0.0389819412725278,0.245057923694816,0.212158732908909,"CD4/TGFB1/TARDBP/RBM4/DYNC1H1/CLTC/PICALM/FLNA/XPO1/OGT/UBR5/RANBP2/IWS1/NUMA1/EP300/NFKBIA/ITGAM/SORL1/ITGB2",19
"GO:0019693","ribose phosphate metabolic process","15/342","337/12706",0.0445103857566766,1.65365193398928,2.02262371827954,0.0394087218524902,0.245057923694816,0.212158732908909,"NDUFB8/NDUFA7/NDUFC2/ATP5PO/MT-ATP6/TGFB1/HSPA1A/MT-ND3/PFKL/OGT/NME4/EP300/ZBTB7A/HK3/IMPDH2",15
"GO:0001706","endoderm formation","4/342","48/12706",0.0833333333333333,3.09600389863548,2.41964163395859,0.0396857798788869,0.245057923694816,0.212158732908909,"DUSP1/MYH9/EP300/ITGB2",4
"GO:0002279","mast cell activation involved in immune response","4/342","48/12706",0.0833333333333333,3.09600389863548,2.41964163395859,0.0396857798788869,0.245057923694816,0.212158732908909,"STXBP2/SYK/CD84/FGR",4
"GO:0002448","mast cell mediated immunity","4/342","48/12706",0.0833333333333333,3.09600389863548,2.41964163395859,0.0396857798788869,0.245057923694816,0.212158732908909,"STXBP2/SYK/CD84/FGR",4
"GO:0010332","response to gamma radiation","4/342","48/12706",0.0833333333333333,3.09600389863548,2.41964163395859,0.0396857798788869,0.245057923694816,0.212158732908909,"RPL26/SOD2/PRKDC/CYBA",4
"GO:0010543","regulation of platelet activation","4/342","48/12706",0.0833333333333333,3.09600389863548,2.41964163395859,0.0396857798788869,0.245057923694816,0.212158732908909,"SYK/FLNA/GNAQ/PLEK",4
"GO:0030203","glycosaminoglycan metabolic process","4/342","48/12706",0.0833333333333333,3.09600389863548,2.41964163395859,0.0396857798788869,0.245057923694816,0.212158732908909,"TGFB1/CLTC/IDS/GNS",4
"GO:0006002","fructose 6-phosphate metabolic process","2/342","12/12706",0.166666666666667,6.19200779727095,2.99259262672846,0.03989764722964,0.245057923694816,0.212158732908909,"PFKL/HK3",2
"GO:0006837","serotonin transport","2/342","12/12706",0.166666666666667,6.19200779727095,2.99259262672846,0.03989764722964,0.245057923694816,0.212158732908909,"SYK/P2RX1",2
"GO:0009313","oligosaccharide catabolic process","2/342","12/12706",0.166666666666667,6.19200779727095,2.99259262672846,0.03989764722964,0.245057923694816,0.212158732908909,"MAN2B1/MANBA",2
"GO:0010572","positive regulation of platelet activation","2/342","12/12706",0.166666666666667,6.19200779727095,2.99259262672846,0.03989764722964,0.245057923694816,0.212158732908909,"FLNA/PLEK",2
"GO:0034214","protein hexamerization","2/342","12/12706",0.166666666666667,6.19200779727095,2.99259262672846,0.03989764722964,0.245057923694816,0.212158732908909,"MAT2A/NME4",2
"GO:0042159","lipoprotein catabolic process","2/342","12/12706",0.166666666666667,6.19200779727095,2.99259262672846,0.03989764722964,0.245057923694816,0.212158732908909,"CTSD/APOC2",2
"GO:0043922","host-mediated suppression of viral transcription","2/342","12/12706",0.166666666666667,6.19200779727095,2.99259262672846,0.03989764722964,0.245057923694816,0.212158732908909,"JUN/TARDBP",2
"GO:0045019","negative regulation of nitric oxide biosynthetic process","2/342","12/12706",0.166666666666667,6.19200779727095,2.99259262672846,0.03989764722964,0.245057923694816,0.212158732908909,"SIRPA/ACP5",2
"GO:0050665","hydrogen peroxide biosynthetic process","2/342","12/12706",0.166666666666667,6.19200779727095,2.99259262672846,0.03989764722964,0.245057923694816,0.212158732908909,"SOD2/CYBA",2
"GO:0060766","negative regulation of androgen receptor signaling pathway","2/342","12/12706",0.166666666666667,6.19200779727095,2.99259262672846,0.03989764722964,0.245057923694816,0.212158732908909,"FOXP1/ZBTB7A",2
"GO:0070561","vitamin D receptor signaling pathway","2/342","12/12706",0.166666666666667,6.19200779727095,2.99259262672846,0.03989764722964,0.245057923694816,0.212158732908909,"UBR5/PIM1",2
"GO:0097011","cellular response to granulocyte macrophage colony-stimulating factor stimulus","2/342","12/12706",0.166666666666667,6.19200779727095,2.99259262672846,0.03989764722964,0.245057923694816,0.212158732908909,"CD4/ZFP36",2
"GO:0097012","response to granulocyte macrophage colony-stimulating factor","2/342","12/12706",0.166666666666667,6.19200779727095,2.99259262672846,0.03989764722964,0.245057923694816,0.212158732908909,"CD4/ZFP36",2
"GO:1900153","positive regulation of nuclear-transcribed mRNA catabolic process, deadenylation-dependent decay","2/342","12/12706",0.166666666666667,6.19200779727095,2.99259262672846,0.03989764722964,0.245057923694816,0.212158732908909,"CNOT1/ZFP36",2
"GO:1901142","insulin metabolic process","2/342","12/12706",0.166666666666667,6.19200779727095,2.99259262672846,0.03989764722964,0.245057923694816,0.212158732908909,"CTSD/IER3IP1",2
"GO:1904406","negative regulation of nitric oxide metabolic process","2/342","12/12706",0.166666666666667,6.19200779727095,2.99259262672846,0.03989764722964,0.245057923694816,0.212158732908909,"SIRPA/ACP5",2
"GO:1905063","regulation of vascular associated smooth muscle cell differentiation","2/342","12/12706",0.166666666666667,6.19200779727095,2.99259262672846,0.03989764722964,0.245057923694816,0.212158732908909,"SOD2/NFATC3",2
"GO:0002244","hematopoietic progenitor cell differentiation","7/342","118/12706",0.0593220338983051,2.20393497868966,2.1851766871028,0.0401394366275615,0.245749014586133,0.212757044384075,"PRRC2C/TGFB1/ADAR/PRKDC/RARA/PLEK/CHD2",7
"GO:0061008","hepaticobiliary system development","7/342","118/12706",0.0593220338983051,2.20393497868966,2.1851766871028,0.0401394366275615,0.245749014586133,0.212757044384075,"PRKCSH/JUN/TGFB1/SOD2/JARID2/RARA/HNRNPD",7
"GO:2000146","negative regulation of cell motility","12/342","252/12706",0.0476190476190476,1.76914508493456,2.05104409999903,0.0402555318149676,0.246063556206603,0.213029358580815,"CSNK2B/AIF1/DUSP1/TGFB1/CD69/CALR/OGT/ARHGAP4/EVL/ARID2/PTEN/RIPOR2",12
"GO:2001234","negative regulation of apoptotic signaling pathway","10/342","197/12706",0.050761421319797,1.88589069967643,2.08412061159229,0.0406190181821516,0.2478868493235,0.214607873372625,"PARL/MCL1/DDX3X/HSPA1A/SOD2/PLAUR/MAZ/BIRC6/CSNK2A1/RAF1",10
"GO:1902905","positive regulation of supramolecular fiber organization","8/342","144/12706",0.0555555555555556,2.06400259909032,2.13557795877814,0.040862374967955,0.248972355173341,0.215547649333326,"CCDC88A/HSPA1A/FLNA/PLEK/HCK/DCTN1/NUMA1/EVL",8
"GO:0051098","regulation of binding","6/342","94/12706",0.0638297872340425,2.37140724150803,2.21952107763392,0.0411393993844227,0.25025919433532,0.216661729473836,"JUN/CPNE1/PLAUR/RARA/ZBTB7A/RIPOR2",6
"GO:0045596","negative regulation of cell differentiation","20/342","489/12706",0.0408997955010225,1.51951111589471,1.94844376835695,0.0417078658664959,0.253057647529035,0.219084488447435,"SDHAF2/CCDC85B/TGFB1/FOXP1/SOD2/CD69/RARA/BTG2/CALR/GPS2/NFATC3/ARHGAP4/SMARCA2/RUNX1/QKI/NFKBIA/ZFP36/IPO7/PTEN/SORL1",20
"GO:0006091","generation of precursor metabolites and energy","18/342","429/12706",0.041958041958042,1.55882713777451,1.95830753910716,0.042067889922715,0.253057647529035,0.219084488447435,"NDUFB8/NDUFA7/NDUFC2/IL10RB/SDHAF2/ATP5PO/MT-ATP6/SOD2/MT-ND3/NOP53/OXA1L/PFKL/ETFB/OGT/PLEC/EP300/ZBTB7A/HK3",18
"GO:0002363","alpha-beta T cell lineage commitment","3/342","29/12706",0.103448275862069,3.84331518451301,2.54939217033744,0.042140949370284,0.253057647529035,0.219084488447435,"SPN/CD69/EP300",3
"GO:0006346","DNA methylation-dependent constitutive heterochromatin formation","3/342","29/12706",0.103448275862069,3.84331518451301,2.54939217033744,0.042140949370284,0.253057647529035,0.219084488447435,"KMT2A/ATF7IP/CTCF",3
"GO:0031116","positive regulation of microtubule polymerization","3/342","29/12706",0.103448275862069,3.84331518451301,2.54939217033744,0.042140949370284,0.253057647529035,0.219084488447435,"HSPA1A/DCTN1/NUMA1",3
"GO:0034508","centromere complex assembly","3/342","29/12706",0.103448275862069,3.84331518451301,2.54939217033744,0.042140949370284,0.253057647529035,0.219084488447435,"MIS18BP1/SENP6/NASP",3
"GO:2001032","regulation of double-strand break repair via nonhomologous end joining","3/342","29/12706",0.103448275862069,3.84331518451301,2.54939217033744,0.042140949370284,0.253057647529035,0.219084488447435,"SMCHD1/PRKDC/TOP2B",3
"GO:0001910","regulation of leukocyte mediated cytotoxicity","5/342","71/12706",0.0704225352112676,2.61634132279054,2.27140991311737,0.0421763396163221,0.253057647529035,0.219084488447435,"HLA-DRA/HLA-B/HLA-A/TGFB1/ITGAM",5
"GO:0002183","cytoplasmic translational initiation","4/342","49/12706",0.0816326530612245,3.0328201456021,2.37111433144123,0.0423315791237417,0.253057647529035,0.219084488447435,"EIF4A1/EIF3A/RBM4/EIF4G1",4
"GO:0006120","mitochondrial electron transport, NADH to ubiquinone","4/342","49/12706",0.0816326530612245,3.0328201456021,2.37111433144123,0.0423315791237417,0.253057647529035,0.219084488447435,"NDUFB8/NDUFA7/NDUFC2/MT-ND3",4
"GO:0031343","positive regulation of cell killing","4/342","49/12706",0.0816326530612245,3.0328201456021,2.37111433144123,0.0423315791237417,0.253057647529035,0.219084488447435,"HLA-DRA/HLA-B/HLA-A/ITGAM",4
"GO:0141188","nucleic acid catabolic process","15/342","341/12706",0.0439882697947214,1.63425425734424,1.97453306048289,0.0429454871683907,0.256027157607851,0.221655339804466,"HSPA1A/TARDBP/SMG1/NORAD/BTG2/CNOT1/TNRC6A/HNRNPD/CSNK2A1/CELF1/ETF1/QKI/ZFP36/PUM1/WDR82",15
"GO:2000781","positive regulation of double-strand break repair","6/342","95/12706",0.0631578947368421,2.34644506001847,2.19076889753982,0.0429630001456626,0.256027157607851,0.221655339804466,"SMCHD1/PRKDC/ARID1A/TOP2B/SMARCA2/ARID2",6
"GO:0006164","purine nucleotide biosynthetic process","9/342","172/12706",0.0523255813953488,1.94400244798042,2.07306723822932,0.0430918642663259,0.256393220564274,0.221972258563217,"NDUFB8/NDUFA7/NDUFC2/ATP5PO/MT-ATP6/TGFB1/MT-ND3/NME4/IMPDH2",9
"GO:0016072","rRNA metabolic process","12/342","256/12706",0.046875,1.74150219298246,1.99328150109688,0.0444790244264123,0.264233204483156,0.228759719377288,"RPS17/RPS16/RPL26/DDX17/RPS6/PRKDC/NOP53/FBL/LYAR/WDR43/WDR74/EMG1",12
"GO:0030168","platelet activation","7/342","121/12706",0.0578512396694215,2.14929196268909,2.11260028633029,0.0449655719754076,0.266706871529641,0.230901294961983,"SYK/P2RX1/FLNA/GNAQ/PLEK/MYH9/DGKZ",7
"GO:0030218","erythrocyte differentiation","8/342","147/12706",0.054421768707483,2.02188009706807,2.07253544768612,0.0452212475136793,0.267389087164866,0.231491922690145,"ADAR/HSPA1A/PRKDC/KLF2/LYAR/ZBTB7A/HIPK2/ZFP36",8
"GO:0070507","regulation of microtubule cytoskeleton organization","8/342","147/12706",0.054421768707483,2.02188009706807,2.07253544768612,0.0452212475136793,0.267389087164866,0.231491922690145,"HSPA1A/DYNC1H1/CLTC/SENP6/TAOK1/DCTN1/NUMA1/RIPOR2",8
"GO:0006516","glycoprotein catabolic process","3/342","30/12706",0.1,3.71520467836257,2.47624136954264,0.045919757117755,0.2681826675295,0.232178964358024,"IDS/MANBA/GNS",3
"GO:0032633","interleukin-4 production","3/342","30/12706",0.1,3.71520467836257,2.47624136954264,0.045919757117755,0.2681826675295,0.232178964358024,"SYK/RARA/PRG2",3
"GO:0032673","regulation of interleukin-4 production","3/342","30/12706",0.1,3.71520467836257,2.47624136954264,0.045919757117755,0.2681826675295,0.232178964358024,"SYK/RARA/PRG2",3
"GO:0043369","CD4-positive or CD8-positive, alpha-beta T cell lineage commitment","3/342","30/12706",0.1,3.71520467836257,2.47624136954264,0.045919757117755,0.2681826675295,0.232178964358024,"SPN/CD69/EP300",3
"GO:0045070","positive regulation of viral genome replication","3/342","30/12706",0.1,3.71520467836257,2.47624136954264,0.045919757117755,0.2681826675295,0.232178964358024,"DDX3X/ADAR/TOP2B",3
"GO:0045589","regulation of regulatory T cell differentiation","3/342","30/12706",0.1,3.71520467836257,2.47624136954264,0.045919757117755,0.2681826675295,0.232178964358024,"HLA-DRA/IL2RG/TGFB1",3
"GO:0051647","nucleus localization","3/342","30/12706",0.1,3.71520467836257,2.47624136954264,0.045919757117755,0.2681826675295,0.232178964358024,"DYNC1H1/DCTN1/TACC1",3
"GO:0071425","hematopoietic stem cell proliferation","3/342","30/12706",0.1,3.71520467836257,2.47624136954264,0.045919757117755,0.2681826675295,0.232178964358024,"ETV6/RUNX1/PIM1",3
"GO:0001829","trophectodermal cell differentiation","2/342","13/12706",0.153846153846154,5.71569950517319,2.82915374331969,0.0463294112506002,0.268512837766436,0.232464809018978,"JUNB/CNOT1",2
"GO:0002468","dendritic cell antigen processing and presentation","2/342","13/12706",0.153846153846154,5.71569950517319,2.82915374331969,0.0463294112506002,0.268512837766436,0.232464809018978,"HLA-DRA/CD68",2
"GO:0042053","regulation of dopamine metabolic process","2/342","13/12706",0.153846153846154,5.71569950517319,2.82915374331969,0.0463294112506002,0.268512837766436,0.232464809018978,"ITGAM/ITGB2",2
"GO:0051152","positive regulation of smooth muscle cell differentiation","2/342","13/12706",0.153846153846154,5.71569950517319,2.82915374331969,0.0463294112506002,0.268512837766436,0.232464809018978,"TGFB1/SOD2",2
"GO:0071361","cellular response to ethanol","2/342","13/12706",0.153846153846154,5.71569950517319,2.82915374331969,0.0463294112506002,0.268512837766436,0.232464809018978,"RPS6/SOD2",2
"GO:0032273","positive regulation of protein polymerization","5/342","73/12706",0.0684931506849315,2.5446607386045,2.20121356011926,0.0466251217478002,0.26940533873121,0.233237491130013,"HSPA1A/HCK/DCTN1/NUMA1/EVL",5
"GO:0048661","positive regulation of smooth muscle cell proliferation","5/342","73/12706",0.0684931506849315,2.5446607386045,2.20121356011926,0.0466251217478002,0.26940533873121,0.233237491130013,"AIF1/JUN/TGFB1/FOXP1/CYBA",5
"GO:0048024","regulation of mRNA splicing, via spliceosome","6/342","97/12706",0.0618556701030928,2.29806474950262,2.13433600428476,0.0467605312285768,0.269777753764869,0.233559909195367,"DDX17/HNRNPA1/RBM4/CELF1/ZBTB7A/QKI",6
"GO:0045912","negative regulation of carbohydrate metabolic process","4/342","51/12706",0.0784313725490196,2.91388602224516,2.2776709014813,0.0479149118397861,0.275601353728997,0.238601686954393,"TGFB1/CLTC/PLEK/EP300",4
"GO:1902808","positive regulation of cell cycle G1/S phase transition","4/342","51/12706",0.0784313725490196,2.91388602224516,2.2776709014813,0.0479149118397861,0.275601353728997,0.238601686954393,"AIF1/PAGR1/DDX3X/EIF4G1",4
"GO:0030324","lung development","8/342","149/12706",0.0536912751677852,1.99474076690608,2.0313323894209,0.0482907635197874,0.276612529594965,0.23947711178146,"TGFB1/KLF2/PPP3R1/HS6ST1/EP300/HIPK2/NKIRAS2/CTSH",8
"GO:0051250","negative regulation of lymphocyte activation","8/342","149/12706",0.0536912751677852,1.99474076690608,2.0313323894209,0.0482907635197874,0.276612529594965,0.23947711178146,"LST1/SPN/TGFB1/CD69/PAG1/RUNX1/FGR/RIPOR2",8
"GO:0007041","lysosomal transport","7/342","123/12706",0.0569105691056911,2.1143441258974,2.06538336608091,0.0483817286114286,0.276612529594965,0.23947711178146,"GRN/HSPA1A/LYST/HGS/AP3D1/SORL1/SNX27",7
"GO:0051983","regulation of chromosome segregation","7/342","123/12706",0.0569105691056911,2.1143441258974,2.06538336608091,0.0483817286114286,0.276612529594965,0.23947711178146,"DUSP1/ARID1A/SMARCA2/NUMA1/CSNK2A1/ARID2/PUM1",7
"GO:0045926","negative regulation of growth","9/342","176/12706",0.0511363636363636,1.89982057416268,1.99920627798426,0.0486159971665082,0.277534566407003,0.240275364532434,"CCDC85B/DDX3X/TGFB1/FOXP1/HSPA1A/JARID2/ARHGAP4/SMARCA2/PTEN",9
"GO:1903432","regulation of TORC1 signaling","6/342","98/12706",0.0612244897959184,2.27461510920158,2.10663788237935,0.0487349428802621,0.277796481005632,0.24050211692035,"SYK/UBE2W/MAT2A/OGT/EP300/PIM1",6
"GO:0000245","spliceosomal complex assembly","5/342","74/12706",0.0675675675675676,2.51027343132606,2.16698683691206,0.0489501806356922,0.278189217902693,0.2408421286253,"DDX39B/LUC7L3/SNRNP200/CELF1/DDX42",5
"GO:0150076","neuroinflammatory response","5/342","74/12706",0.0675675675675676,2.51027343132606,2.16698683691206,0.0489501806356922,0.278189217902693,0.2408421286253,"AIF1/GRN/JUN/ITGAM/ITGB2",5
"GO:0007163","establishment or maintenance of cell polarity","10/342","204/12706",0.0490196078431373,1.82117876390322,1.96645465217129,0.0494211851393488,0.280338079479768,0.242702504092925,"SPN/DOCK8/MYH9/FRMD4B/DCTN1/NUMA1/SDCCAG8/ARFGEF1/RIPOR2/SNX27",10
"GO:0033044","regulation of chromosome organization","11/342","232/12706",0.0474137931034483,1.76151945956846,1.94689718742405,0.049475763106503,0.280338079479768,0.242702504092925,"DUSP1/HNRNPA1/SMG1/ARID1A/SENP6/SMARCA2/HNRNPD/NUMA1/ARID2/BAZ1B/CTCF",11
"GO:0001525","angiogenesis","18/342","438/12706",0.0410958904109589,1.5267964431627,1.86600969205417,0.0496652495900621,0.280842209437433,0.243138954265304,"GRN/SYK/JUN/RNF213/TGFB1/TYMP/GTF2I/KLF2/PPP3R1/MYH9/HS6ST1/RUNX1/HIPK2/QKI/TGFBI/NINJ1/HGS/ITGB2",18
"GO:0045724","positive regulation of cilium assembly","3/342","31/12706",0.0967741935483871,3.59535936615733,2.40616415817629,0.0498602028853938,0.280842209437433,0.243138954265304,"SEPTIN7/SEPTIN9/CCDC88A",3
"GO:0051204","protein insertion into mitochondrial membrane","3/342","31/12706",0.0967741935483871,3.59535936615733,2.40616415817629,0.0498602028853938,0.280842209437433,0.243138954265304,"TOMM6/TIMM10B/OXA1L",3
"GO:2000406","positive regulation of T cell migration","3/342","31/12706",0.0967741935483871,3.59535936615733,2.40616415817629,0.0498602028853938,0.280842209437433,0.243138954265304,"AIF1/SPN/DOCK8",3
"GO:0030307","positive regulation of cell growth","7/342","124/12706",0.0564516129032258,2.09729296359178,2.04211166430365,0.0501500860137136,0.28173130396183,0.24390868725287,"S100A8/S100A9/MACF1/DDX3X/CYBA/EIF4G1/CSNK2A1",7
"GO:0001558","regulation of cell growth","14/342","319/12706",0.0438871473354232,1.63049735100552,1.89677767123707,0.0501662527044079,0.28173130396183,0.24390868725287,"S100A8/S100A9/EGLN2/CCDC85B/MACF1/DDX3X/TGFB1/FOXP1/HSPA1A/CYBA/ARHGAP4/SMARCA2/EIF4G1/CSNK2A1",14
"GO:0001933","negative regulation of protein phosphorylation","6/342","99/12706",0.0606060606060606,2.25163919900762,2.07927420761612,0.0507600592250383,0.282247550998993,0.24435562777869,"DUSP1/ADAR/TARDBP/PRKDC/PTEN/MVP",6
"GO:0002444","myeloid leukocyte mediated immunity","6/342","99/12706",0.0606060606060606,2.25163919900762,2.07927420761612,0.0507600592250383,0.282247550998993,0.24435562777869,"STXBP2/SYK/CD84/FGR/ITGAM/ITGB2",6
"GO:0072665","protein localization to vacuole","6/342","99/12706",0.0606060606060606,2.25163919900762,2.07927420761612,0.0507600592250383,0.282247550998993,0.24435562777869,"MAT2A/OGT/CSNK2A1/HGS/AP3D1/SORL1",6
"GO:0006623","protein targeting to vacuole","4/342","52/12706",0.0769230769230769,2.8578497525866,2.2326427449028,0.0508520706034483,0.282247550998993,0.24435562777869,"CSNK2A1/HGS/AP3D1/SORL1",4
"GO:0032507","maintenance of protein location in cell","4/342","52/12706",0.0769230769230769,2.8578497525866,2.2326427449028,0.0508520706034483,0.282247550998993,0.24435562777869,"CCDC88A/CD4/SORL1/SRGN",4
"GO:0051145","smooth muscle cell differentiation","4/342","52/12706",0.0769230769230769,2.8578497525866,2.2326427449028,0.0508520706034483,0.282247550998993,0.24435562777869,"TGFB1/SOD2/NFATC3/QKI",4
"GO:0051293","establishment of spindle localization","4/342","52/12706",0.0769230769230769,2.8578497525866,2.2326427449028,0.0508520706034483,0.282247550998993,0.24435562777869,"DYNC1H1/MYH9/DCTN1/NUMA1",4
"GO:0140467","integrated stress response signaling","4/342","52/12706",0.0769230769230769,2.8578497525866,2.2326427449028,0.0508520706034483,0.282247550998993,0.24435562777869,"FOS/JUNB/JUN/PPP1R15A",4
"GO:0045638","negative regulation of myeloid cell differentiation","5/342","75/12706",0.0666666666666667,2.47680311890838,2.13331631402454,0.0513425269760192,0.284323689533958,0.246153043321434,"RARA/RUNX1/QKI/NFKBIA/ZFP36",5
"GO:0001818","negative regulation of cytokine production","12/342","262/12706",0.0458015267175573,1.70162046337217,1.90850710502204,0.0513756903497709,0.284323689533958,0.246153043321434,"CD84/TGFB1/KLF2/RARA/SIRPA/PRG2/QKI/NFKBIA/ZFP36/ATP2B1/ACP5/SRGN",12
"GO:0040013","negative regulation of locomotion","12/342","263/12706",0.0456273764258555,1.69515042358749,1.89458897157367,0.0525921346418841,0.288878650748934,0.250096497935136,"CSNK2B/AIF1/DUSP1/TGFB1/CD69/CALR/OGT/ARHGAP4/EVL/ARID2/PTEN/RIPOR2",12
"GO:0016049","cell growth","16/342","381/12706",0.041994750656168,1.56019094104465,1.84640086474533,0.0528819600198443,0.288878650748934,0.250096497935136,"S100A8/S100A9/EGLN2/CCDC85B/MACF1/DDX3X/TGFB1/FOXP1/HSPA1A/CPNE1/CYBA/ARHGAP4/SMARCA2/EIF4G1/CSNK2A1/LLPH",16
"GO:0010633","negative regulation of epithelial cell migration","2/342","14/12706",0.142857142857143,5.30743525480368,2.68187563017625,0.0531105146958193,0.288878650748934,0.250096497935136,"EVL/PTEN",2
"GO:0014004","microglia differentiation","2/342","14/12706",0.142857142857143,5.30743525480368,2.68187563017625,0.0531105146958193,0.288878650748934,0.250096497935136,"TGFB1/QKI",2
"GO:0016045","detection of bacterium","2/342","14/12706",0.142857142857143,5.30743525480368,2.68187563017625,0.0531105146958193,0.288878650748934,0.250096497935136,"HLA-B/HLA-A",2
"GO:0030167","proteoglycan catabolic process","2/342","14/12706",0.142857142857143,5.30743525480368,2.68187563017625,0.0531105146958193,0.288878650748934,0.250096497935136,"IDS/GNS",2
"GO:0032736","positive regulation of interleukin-13 production","2/342","14/12706",0.142857142857143,5.30743525480368,2.68187563017625,0.0531105146958193,0.288878650748934,0.250096497935136,"RARA/IL17RA",2
"GO:0042069","regulation of catecholamine metabolic process","2/342","14/12706",0.142857142857143,5.30743525480368,2.68187563017625,0.0531105146958193,0.288878650748934,0.250096497935136,"ITGAM/ITGB2",2
"GO:0043306","positive regulation of mast cell degranulation","2/342","14/12706",0.142857142857143,5.30743525480368,2.68187563017625,0.0531105146958193,0.288878650748934,0.250096497935136,"SYK/FGR",2
"GO:0044793","host-mediated suppression of viral proces","2/342","14/12706",0.142857142857143,5.30743525480368,2.68187563017625,0.0531105146958193,0.288878650748934,0.250096497935136,"JUN/TARDBP",2
"GO:0060263","regulation of respiratory burst","2/342","14/12706",0.142857142857143,5.30743525480368,2.68187563017625,0.0531105146958193,0.288878650748934,0.250096497935136,"S100A9/GRN",2
"GO:2000402","negative regulation of lymphocyte migration","2/342","14/12706",0.142857142857143,5.30743525480368,2.68187563017625,0.0531105146958193,0.288878650748934,0.250096497935136,"CD69/RIPOR2",2
"GO:1903051","negative regulation of proteolysis involved in protein catabolic process","5/342","76/12706",0.0657894736842105,2.4442136041859,2.10018446662296,0.0538022286747222,0.290587753197608,0.251576152232598,"CSNK2B/NOP53/OGT/CSNK2A1/HIPK2",5
"GO:0032434","regulation of proteasomal ubiquitin-dependent protein catabolic process","7/342","126/12706",0.0555555555555556,2.06400259909032,1.99622058797702,0.0538082871982952,0.290587753197608,0.251576152232598,"CSNK2B/HSPA1A/NOP53/XPO1/OGT/CSNK2A1/HECTD1",7
"GO:0034113","heterotypic cell-cell adhesion","4/342","53/12706",0.0754716981132075,2.80392805914156,2.18867503477214,0.0538857978774403,0.290587753197608,0.251576152232598,"SIRPA/ITGAM/NINJ1/ITGB2",4
"GO:0090066","regulation of anatomical structure size","16/342","382/12706",0.0418848167539267,1.55610667156548,1.8354173446575,0.0538994875153922,0.290587753197608,0.251576152232598,"BORCS8/P2RX1/MACF1/SOD2/PICALM/KLF2/PLEK/HCK/ARHGAP4/PREX1/SCPEP1/SSH2/EVL/PTEN/ATP2B1/ARFGEF1",16
"GO:0045746","negative regulation of Notch signaling pathway","3/342","32/12706",0.09375,3.48300438596491,2.33892617428002,0.0539597458594191,0.290587753197608,0.251576152232598,"HERC2/ZBTB7A/NFKBIA",3
"GO:0048147","negative regulation of fibroblast proliferation","3/342","32/12706",0.09375,3.48300438596491,2.33892617428002,0.0539597458594191,0.290587753197608,0.251576152232598,"IFI30/SOD2/KMT2A",3
"GO:0051150","regulation of smooth muscle cell differentiation","3/342","32/12706",0.09375,3.48300438596491,2.33892617428002,0.0539597458594191,0.290587753197608,0.251576152232598,"TGFB1/SOD2/NFATC3",3
"GO:0030323","respiratory tube development","8/342","153/12706",0.0522875816993464,1.94259068149677,1.95081453393793,0.0548292096194081,0.294852411560098,0.255268277346667,"TGFB1/KLF2/PPP3R1/HS6ST1/EP300/HIPK2/NKIRAS2/CTSH",8
"GO:0008360","regulation of cell shape","7/342","127/12706",0.0551181102362205,2.0477506101211,1.97359308056597,0.0556984506063246,0.299103826561082,0.258948937029404,"SEPTIN7/LST1/MYH9/HCK/ARAP1/FGR/ITGB2",7
"GO:0071222","cellular response to lipopolysaccharide","9/342","181/12706",0.0497237569060773,1.84733934283222,1.90953965323816,0.0561552089200991,0.301131317791561,0.26070423620095,"CD68/PRPF8/PABPN1/RARA/HCK/NFKBIZ/SIRPA/NFKBIA/ZFP36",9
"GO:0050848","regulation of calcium-mediated signaling","5/342","77/12706",0.0649350649350649,2.41247057036531,2.06757455260771,0.0563293033059397,0.301215205582535,0.260776861999664,"TMBIM4/SYK/CD4/PPP3R1/PLEK",5
"GO:0090100","positive regulation of transmembrane receptor protein serine/threonine kinase signaling pathway","5/342","77/12706",0.0649350649350649,2.41247057036531,2.06757455260771,0.0563293033059397,0.301215205582535,0.260776861999664,"CSNK2B/TGFB1/NUMA1/EP300/HIPK2",5
"GO:0001836","release of cytochrome c from mitochondria","4/342","54/12706",0.0740740740740741,2.75200346545376,2.14572044195354,0.0570156463293461,0.302764911574227,0.262118518921511,"PARL/MCL1/SOD2/PLAUR",4
"GO:0032615","interleukin-12 production","4/342","54/12706",0.0740740740740741,2.75200346545376,2.14572044195354,0.0570156463293461,0.302764911574227,0.262118518921511,"HLA-B/SYK/FOXP1/ACP5",4
"GO:0032655","regulation of interleukin-12 production","4/342","54/12706",0.0740740740740741,2.75200346545376,2.14572044195354,0.0570156463293461,0.302764911574227,0.262118518921511,"HLA-B/SYK/FOXP1/ACP5",4
"GO:1903053","regulation of extracellular matrix organization","4/342","54/12706",0.0740740740740741,2.75200346545376,2.14572044195354,0.0570156463293461,0.302764911574227,0.262118518921511,"IER3IP1/TGFB1/RUNX1/COLGALT1",4
"GO:0007015","actin filament organization","16/342","385/12706",0.0415584415584416,1.5439811650338,1.80265301100681,0.0570337700956609,0.302764911574227,0.262118518921511,"ARPC1B/ARPC1A/ARPC4/AIF1/CCDC88A/FLNA/PLEK/HCK/PLEC/PREX1/ARAP1/MARCKS/SSH2/EVL/MYO1G/ARFGEF1",16
"GO:0051656","establishment of organelle localization","15/342","355/12706",0.0422535211267606,1.56980479367433,1.81096519536472,0.0570969073116046,0.302764911574227,0.262118518921511,"TRAPPC5/STXBP2/SYK/BORCS8/CD84/DYNC1H1/MYH9/XPO1/DCTN1/NUMA1/FGR/TACC1/HGS/RAB27A/AP3D1",15
"GO:1903532","positive regulation of secretion by cell","11/342","238/12706",0.046218487394958,1.7171114059659,1.85736647103519,0.0573785589884473,0.303834653585065,0.263044647349179,"IER3IP1/SYK/TGFB1/GRK2/TARDBP/STXBP5/FGR/ITGAM/HGS/RAB27A/ITGB2",11
"GO:0060538","skeletal muscle organ development","7/342","128/12706",0.0546875,2.03175255847953,1.95117235299131,0.0576295067726917,0.304739060848086,0.263827637329928,"FOS/DDX17/TGFB1/BASP1/BTG2/PLEC/EP300",7
"GO:0001914","regulation of T cell mediated cytotoxicity","3/342","33/12706",0.0909090909090909,3.37745879851143,2.27431775270997,0.0582156282504224,0.305290784287043,0.264305291526782,"HLA-DRA/HLA-B/HLA-A",3
"GO:0002701","negative regulation of production of molecular mediator of immune response","3/342","33/12706",0.0909090909090909,3.37745879851143,2.27431775270997,0.0582156282504224,0.305290784287043,0.264305291526782,"TGFB1/PRG2/ACP5",3
"GO:0007035","vacuolar acidification","3/342","33/12706",0.0909090909090909,3.37745879851143,2.27431775270997,0.0582156282504224,0.305290784287043,0.264305291526782,"RNASEK/GRN/DMXL2",3
"GO:0014002","astrocyte development","3/342","33/12706",0.0909090909090909,3.37745879851143,2.27431775270997,0.0582156282504224,0.305290784287043,0.264305291526782,"S100A8/S100A9/GRN",3
"GO:0031112","positive regulation of microtubule polymerization or depolymerization","3/342","33/12706",0.0909090909090909,3.37745879851143,2.27431775270997,0.0582156282504224,0.305290784287043,0.264305291526782,"HSPA1A/DCTN1/NUMA1",3
"GO:0090151","establishment of protein localization to mitochondrial membrane","3/342","33/12706",0.0909090909090909,3.37745879851143,2.27431775270997,0.0582156282504224,0.305290784287043,0.264305291526782,"TOMM6/TIMM10B/OXA1L",3
"GO:0001649","osteoblast differentiation","9/342","183/12706",0.0491803278688525,1.82714984181766,1.87446111307678,0.0593718341552773,0.308259153015427,0.266875154760442,"JUNB/JUND/ADAR/CLTC/RRBP1/SNRNP200/FBL/IPO7/PTEN",9
"GO:0043524","negative regulation of neuron apoptotic process","7/342","129/12706",0.0542635658914729,2.01600253864636,1.9289546050626,0.0596015721291552,0.308259153015427,0.266875154760442,"TMBIM4/GRN/JUN/SOD2/BTG2/HIPK2/CPEB4",7
"GO:0007264","small GTPase-mediated signal transduction","18/342","449/12706",0.0400890868596882,1.48939163052397,1.75593528055761,0.06021665932396,0.308259153015427,0.266875154760442,"AIF1/AKAP13/CCDC88A/RAB4B/DOCK8/PICALM/GNB1/MYO9B/DOK2/FAM13B/OGT/ARHGAP4/PREX1/ARAP1/ARFGEF1/NKIRAS2/RIPOR2/RAF1",18
"GO:0002223","stimulatory C-type lectin receptor signaling pathway","2/342","15/12706",0.133333333333333,4.95360623781676,2.54807384650709,0.0602176121804543,0.308259153015427,0.266875154760442,"SYK/EP300",2
"GO:0003159","morphogenesis of an endothelium","2/342","15/12706",0.133333333333333,4.95360623781676,2.54807384650709,0.0602176121804543,0.308259153015427,0.266875154760442,"CSNK2B/FOXP1",2
"GO:0032634","interleukin-5 production","2/342","15/12706",0.133333333333333,4.95360623781676,2.54807384650709,0.0602176121804543,0.308259153015427,0.266875154760442,"RARA/IL17RA",2
"GO:0032674","regulation of interleukin-5 production","2/342","15/12706",0.133333333333333,4.95360623781676,2.54807384650709,0.0602176121804543,0.308259153015427,0.266875154760442,"RARA/IL17RA",2
"GO:0043217","myelin maintenance","2/342","15/12706",0.133333333333333,4.95360623781676,2.54807384650709,0.0602176121804543,0.308259153015427,0.266875154760442,"PLEC/PTEN",2
"GO:0061154","endothelial tube morphogenesis","2/342","15/12706",0.133333333333333,4.95360623781676,2.54807384650709,0.0602176121804543,0.308259153015427,0.266875154760442,"CSNK2B/FOXP1",2
"GO:0071895","odontoblast differentiation","2/342","15/12706",0.133333333333333,4.95360623781676,2.54807384650709,0.0602176121804543,0.308259153015427,0.266875154760442,"TGFB1/IPO7",2
"GO:0072376","protein activation cascade","2/342","15/12706",0.133333333333333,4.95360623781676,2.54807384650709,0.0602176121804543,0.308259153015427,0.266875154760442,"FLNA/MVP",2
"GO:0090235","regulation of metaphase plate congression","2/342","15/12706",0.133333333333333,4.95360623781676,2.54807384650709,0.0602176121804543,0.308259153015427,0.266875154760442,"DYNC1H1/NUMA1",2
"GO:0097709","connective tissue replacement","2/342","15/12706",0.133333333333333,4.95360623781676,2.54807384650709,0.0602176121804543,0.308259153015427,0.266875154760442,"TGFB1/RUNX1",2
"GO:1900034","regulation of cellular response to heat","2/342","15/12706",0.133333333333333,4.95360623781676,2.54807384650709,0.0602176121804543,0.308259153015427,0.266875154760442,"EP300/IER5",2
"GO:1990840","response to lectin","2/342","15/12706",0.133333333333333,4.95360623781676,2.54807384650709,0.0602176121804543,0.308259153015427,0.266875154760442,"SYK/EP300",2
"GO:1990858","cellular response to lectin","2/342","15/12706",0.133333333333333,4.95360623781676,2.54807384650709,0.0602176121804543,0.308259153015427,0.266875154760442,"SYK/EP300",2
"GO:0002707","negative regulation of lymphocyte mediated immunity","4/342","55/12706",0.0727272727272727,2.70196703880914,2.1037346079274,0.0602410706708212,0.308259153015427,0.266875154760442,"HLA-B/HLA-A/SPN/TGFB1",4
"GO:0038093","Fc receptor signaling pathway","4/342","55/12706",0.0727272727272727,2.70196703880914,2.1037346079274,0.0602410706708212,0.308259153015427,0.266875154760442,"SYK/HCK/FGR/MYO1G",4
"GO:1902903","regulation of supramolecular fiber organization","14/342","328/12706",0.0426829268292683,1.58575809442305,1.78751984038264,0.0604096928477841,0.308706521783972,0.26726246397145,"AKAP13/CCDC88A/HSPA1A/FLNA/PLEK/HCK/TAOK1/DCTN1/PREX1/NUMA1/ARAP1/SSH2/EVL/ARFGEF1",14
"GO:0062208","positive regulation of pattern recognition receptor signaling pathway","5/342","79/12706",0.0632911392405063,2.35139536605226,2.00385720446885,0.0615853939014612,0.314020459909535,0.271863002335922,"DDX3X/HSPA1A/CYBA/NINJ1/PUM1",5
"GO:0036294","cellular response to decreased oxygen levels","7/342","130/12706",0.0538461538461538,2.00049482681062,1.90693613655789,0.0616147456845116,0.314020459909535,0.271863002335922,"FOS/EGLN2/JUND/TGFB1/NOP53/HIPK2/CPEB4",7
"GO:0045066","regulatory T cell differentiation","3/342","34/12706",0.0882352941176471,3.2781217750258,2.21215065779373,0.062624894998757,0.317043742723401,0.274480407402219,"HLA-DRA/IL2RG/TGFB1",3
"GO:0048066","developmental pigmentation","3/342","34/12706",0.0882352941176471,3.2781217750258,2.21215065779373,0.062624894998757,0.317043742723401,0.274480407402219,"SOD2/RAB27A/AP3D1",3
"GO:0048536","spleen development","3/342","34/12706",0.0882352941176471,3.2781217750258,2.21215065779373,0.062624894998757,0.317043742723401,0.274480407402219,"JARID2/NFKBIZ/KMT2A",3
"GO:0070229","negative regulation of lymphocyte apoptotic process","3/342","34/12706",0.0882352941176471,3.2781217750258,2.21215065779373,0.062624894998757,0.317043742723401,0.274480407402219,"FOXP1/DOCK8/TSC22D3",3
"GO:1900016","negative regulation of cytokine production involved in inflammatory response","3/342","34/12706",0.0882352941176471,3.2781217750258,2.21215065779373,0.062624894998757,0.317043742723401,0.274480407402219,"SIRPA/NFKBIA/ZFP36",3
"GO:0032233","positive regulation of actin filament bundle assembly","4/342","56/12706",0.0714285714285714,2.65371762740184,2.06267590747049,0.0635614310944606,0.319656826747539,0.276742683141713,"CCDC88A/FLNA/PLEK/EVL",4
"GO:0034103","regulation of tissue remodeling","4/342","56/12706",0.0714285714285714,2.65371762740184,2.06267590747049,0.0635614310944606,0.319656826747539,0.276742683141713,"SYK/TGFB1/ARAP1/RUNX1",4
"GO:0042255","ribosome assembly","4/342","56/12706",0.0714285714285714,2.65371762740184,2.06267590747049,0.0635614310944606,0.319656826747539,0.276742683141713,"RPS6/DDX3X/PRKDC/NOP53",4
"GO:0051653","spindle localization","4/342","56/12706",0.0714285714285714,2.65371762740184,2.06267590747049,0.0635614310944606,0.319656826747539,0.276742683141713,"DYNC1H1/MYH9/DCTN1/NUMA1",4
"GO:2001244","positive regulation of intrinsic apoptotic signaling pathway","4/342","56/12706",0.0714285714285714,2.65371762740184,2.06267590747049,0.0635614310944606,0.319656826747539,0.276742683141713,"S100A8/S100A9/RPL26/MCL1",4
"GO:0045598","regulation of fat cell differentiation","6/342","105/12706",0.0571428571428571,2.12297410192147,1.92168753867681,0.0639831212251313,0.321030959793969,0.277932337904079,"CCDC85B/TGFB1/SOD2/GPS2/PIM1/ZFP36",6
"GO:0006303","double-strand break repair via nonhomologous end joining","5/342","80/12706",0.0625,2.32200292397661,1.97271981211804,0.0643141993911484,0.321030959793969,0.277932337904079,"SMCHD1/PRKDC/TOP2B/CSNK2A1/ZBTB7A",5
"GO:0035023","regulation of Rho protein signal transduction","5/342","80/12706",0.0625,2.32200292397661,1.97271981211804,0.0643141993911484,0.321030959793969,0.277932337904079,"AKAP13/DOCK8/MYO9B/RIPOR2/RAF1",5
"GO:0048145","regulation of fibroblast proliferation","5/342","80/12706",0.0625,2.32200292397661,1.97271981211804,0.0643141993911484,0.321030959793969,0.277932337904079,"IFI30/JUN/TGFB1/SOD2/KMT2A",5
"GO:0140029","exocytic process","5/342","80/12706",0.0625,2.32200292397661,1.97271981211804,0.0643141993911484,0.321030959793969,0.277932337904079,"STXBP2/SYK/P2RX1/PLEK/STXBP5",5
"GO:0043542","endothelial cell migration","9/342","186/12706",0.0483870967741935,1.79767968307866,1.82265188007513,0.0644149512723306,0.321030959793969,0.277932337904079,"S100A8/S100A9/CSNK2B/GRN/TGFB1/FOXP1/MYH9/CALR/ITGB2",9
"GO:0046651","lymphocyte proliferation","12/342","272/12706",0.0441176470588235,1.6390608875129,1.77191199547156,0.064425729174855,0.321030959793969,0.277932337904079,"LST1/HLA-A/AIF1/SPN/HLA-DPA1/SYK/CD4/TGFB1/DOCK8/NFKBIZ/IMPDH2/RIPOR2",12
"GO:0071560","cellular response to transforming growth factor beta stimulus","10/342","215/12706",0.0465116279069767,1.72800217598259,1.79049945318875,0.0656853650564223,0.325472161720732,0.281777305490387,"FOS/JUN/TGFB1/HSPA1A/OGT/NFKBIZ/KMT2A/EP300/ZBTB7A/HIPK2",10
"GO:0010038","response to metal ion","12/342","273/12706",0.043956043956044,1.63305700147805,1.75855948192154,0.0658405507763589,0.325472161720732,0.281777305490387,"S100A8/CRIP1/FOS/JUNB/DUSP1/JUND/JUN/SOD2/CPNE1/CALR/HNRNPD/KMT2A",12
"GO:0031400","negative regulation of protein modification process","9/342","187/12706",0.0481283422459893,1.78806642274135,1.80559231213444,0.0661545428506807,0.325472161720732,0.281777305490387,"DUSP1/ADAR/HSPA1A/TARDBP/PRKDC/GPS2/OGT/PTEN/MVP",9
"GO:0045927","positive regulation of growth","9/342","187/12706",0.0481283422459893,1.78806642274135,1.80559231213444,0.0661545428506807,0.325472161720732,0.281777305490387,"S100A8/S100A9/MACF1/DDX3X/BASP1/CYBA/EIF4G1/CSNK2A1/PIM1",9
"GO:1990778","protein localization to cell periphery","13/342","303/12706",0.0429042904290429,1.59398220523807,1.74041279056886,0.0664941770446298,0.325472161720732,0.281777305490387,"FYB1/CCDC88A/MACF1/TGFB1/CLTC/PICALM/FLNA/RAB31/OGT/EIF4G1/NUMA1/RABEP1/SORL1",13
"GO:0033363","secretory granule organization","4/342","57/12706",0.0701754385964912,2.6071611777983,2.02250523418521,0.0669759967473915,0.325472161720732,0.281777305490387,"LYST/AP1B1/AP3D1/SRGN",4
"GO:0045185","maintenance of protein location","4/342","57/12706",0.0701754385964912,2.6071611777983,2.02250523418521,0.0669759967473915,0.325472161720732,0.281777305490387,"CCDC88A/CD4/SORL1/SRGN",4
"GO:0002220","innate immune response activating cell surface receptor signaling pathway","5/342","81/12706",0.0617283950617284,2.29333622121146,1.94204436168604,0.0671099584066106,0.325472161720732,0.281777305490387,"SYK/CYBA/EP300/NFKBIA/NINJ1",5
"GO:0071677","positive regulation of mononuclear cell migration","5/342","81/12706",0.0617283950617284,2.29333622121146,1.94204436168604,0.0671099584066106,0.325472161720732,0.281777305490387,"AIF1/SPN/TGFB1/DOCK8/CALR",5
"GO:0010453","regulation of cell fate commitment","3/342","35/12706",0.0857142857142857,3.18446115288221,2.15225533059686,0.0671844124176853,0.325472161720732,0.281777305490387,"CD69/CHD3/EP300",3
"GO:0010934","macrophage cytokine production","3/342","35/12706",0.0857142857142857,3.18446115288221,2.15225533059686,0.0671844124176853,0.325472161720732,0.281777305490387,"TGFB1/PRG2/ACP5",3
"GO:0010935","regulation of macrophage cytokine production","3/342","35/12706",0.0857142857142857,3.18446115288221,2.15225533059686,0.0671844124176853,0.325472161720732,0.281777305490387,"TGFB1/PRG2/ACP5",3
"GO:0014044","Schwann cell development","3/342","35/12706",0.0857142857142857,3.18446115288221,2.15225533059686,0.0671844124176853,0.325472161720732,0.281777305490387,"PPP3R1/PLEC/RAF1",3
"GO:0034121","regulation of toll-like receptor signaling pathway","3/342","35/12706",0.0857142857142857,3.18446115288221,2.15225533059686,0.0671844124176853,0.325472161720732,0.281777305490387,"S100A8/S100A9/GPS2",3
"GO:0070316","regulation of G0 to G1 transition","3/342","35/12706",0.0857142857142857,3.18446115288221,2.15225533059686,0.0671844124176853,0.325472161720732,0.281777305490387,"ARID1A/SMARCA2/ARID2",3
"GO:0051056","regulation of small GTPase mediated signal transduction","12/342","274/12706",0.0437956204379562,1.62709693942886,1.74526086917862,0.0672756440780253,0.325472161720732,0.281777305490387,"AKAP13/DOCK8/PICALM/MYO9B/FAM13B/OGT/ARHGAP4/PREX1/ARAP1/ARFGEF1/RIPOR2/RAF1",12
"GO:0008154","actin polymerization or depolymerization","8/342","160/12706",0.05,1.85760233918129,1.81557500914903,0.0675767861925987,0.325472161720732,0.281777305490387,"ARPC4/AIF1/PLEK/HCK/PREX1/SSH2/EVL/ARFGEF1",8
"GO:0010447","response to acidic pH","2/342","16/12706",0.125,4.64400584795322,2.42565557912663,0.0676283555390263,0.325472161720732,0.281777305490387,"GNAQ/CTSS",2
"GO:0010755","regulation of plasminogen activation","2/342","16/12706",0.125,4.64400584795322,2.42565557912663,0.0676283555390263,0.325472161720732,0.281777305490387,"PLAUR/RUNX1",2
"GO:0031571","mitotic G1 DNA damage checkpoint signaling","2/342","16/12706",0.125,4.64400584795322,2.42565557912663,0.0676283555390263,0.325472161720732,0.281777305490387,"PRKDC/DGKZ",2
"GO:0033238","regulation of amine metabolic process","2/342","16/12706",0.125,4.64400584795322,2.42565557912663,0.0676283555390263,0.325472161720732,0.281777305490387,"ITGAM/ITGB2",2
"GO:0055093","response to hyperoxia","2/342","16/12706",0.125,4.64400584795322,2.42565557912663,0.0676283555390263,0.325472161720732,0.281777305490387,"MT-ATP6/SOD2",2
"GO:0097396","response to interleukin-17","2/342","16/12706",0.125,4.64400584795322,2.42565557912663,0.0676283555390263,0.325472161720732,0.281777305490387,"IL17RA/NFKBIZ",2
"GO:0097398","cellular response to interleukin-17","2/342","16/12706",0.125,4.64400584795322,2.42565557912663,0.0676283555390263,0.325472161720732,0.281777305490387,"IL17RA/NFKBIZ",2
"GO:1902916","positive regulation of protein polyubiquitination","2/342","16/12706",0.125,4.64400584795322,2.42565557912663,0.0676283555390263,0.325472161720732,0.281777305490387,"UBE2V1/DDX3X",2
"GO:1903265","positive regulation of tumor necrosis factor-mediated signaling pathway","2/342","16/12706",0.125,4.64400584795322,2.42565557912663,0.0676283555390263,0.325472161720732,0.281777305490387,"HSPA1A/CPNE1",2
"GO:2000318","positive regulation of T-helper 17 type immune response","2/342","16/12706",0.125,4.64400584795322,2.42565557912663,0.0676283555390263,0.325472161720732,0.281777305490387,"NFKBIZ/EP300",2
"GO:0030041","actin filament polymerization","7/342","133/12706",0.0526315789473684,1.95537088334872,1.84204083464102,0.0679016440781627,0.326316595783558,0.282508373713333,"ARPC4/AIF1/HCK/PREX1/SSH2/EVL/ARFGEF1",7
"GO:2001233","regulation of apoptotic signaling pathway","14/342","334/12706",0.0419161676646707,1.55727142206814,1.71648866336299,0.0679754718202468,0.326316595783558,0.282508373713333,"S100A8/S100A9/PARL/RPL26/MCL1/DDX3X/HSPA1A/SOD2/PLAUR/MAZ/BIRC6/CSNK2A1/RAF1/CTSH",14
"GO:0070661","leukocyte proliferation","13/342","305/12706",0.0426229508196721,1.58352986290864,1.71555853967153,0.0692468616988563,0.332000716493129,0.287429397401372,"LST1/HLA-A/AIF1/JUNB/SPN/HLA-DPA1/SYK/CD4/TGFB1/DOCK8/NFKBIZ/IMPDH2/RIPOR2",13
"GO:0010631","epithelial cell migration","5/342","82/12706",0.0609756097560976,2.26536870631864,1.91181741157004,0.069972447519988,0.334215132501249,0.289346526573661,"JUN/MACF1/EVL/PTEN/CTSH",5
"GO:0090132","epithelium migration","5/342","82/12706",0.0609756097560976,2.26536870631864,1.91181741157004,0.069972447519988,0.334215132501249,0.289346526573661,"JUN/MACF1/EVL/PTEN/CTSH",5
"GO:2001237","negative regulation of extrinsic apoptotic signaling pathway","5/342","82/12706",0.0609756097560976,2.26536870631864,1.91181741157004,0.069972447519988,0.334215132501249,0.289346526573661,"MCL1/DDX3X/HSPA1A/BIRC6/RAF1",5
"GO:0030308","negative regulation of cell growth","7/342","134/12706",0.0522388059701493,1.94077856332373,1.82078436516551,0.0700798918489404,0.334308342295698,0.289427222890625,"CCDC85B/DDX3X/TGFB1/FOXP1/HSPA1A/ARHGAP4/SMARCA2",7
"GO:0009299","mRNA transcription","4/342","58/12706",0.0689655172413793,2.56221012300867,1.98318580631797,0.0704839492307299,0.334974968719044,0.290004354269069,"FLNA/RARA/POLR2A/NFKBIZ",4
"GO:0042058","regulation of epidermal growth factor receptor signaling pathway","4/342","58/12706",0.0689655172413793,2.56221012300867,1.98318580631797,0.0704839492307299,0.334974968719044,0.290004354269069,"CCDC88A/TGFB1/PLAUR/MVP",4
"GO:0070918","regulatory ncRNA processing","4/342","58/12706",0.0689655172413793,2.56221012300867,1.98318580631797,0.0704839492307299,0.334974968719044,0.290004354269069,"TSNAX/TGFB1/ADAR/PUM1",4
"GO:0001824","blastocyst development","6/342","108/12706",0.0555555555555556,2.06400259909032,1.84682036158723,0.0712866500275476,0.337944941901167,0.292575606557477,"JUNB/GRN/CNOT1/WDR74/NASP/EMG1",6
"GO:0042326","negative regulation of phosphorylation","6/342","108/12706",0.0555555555555556,2.06400259909032,1.84682036158723,0.0712866500275476,0.337944941901167,0.292575606557477,"DUSP1/ADAR/TARDBP/PRKDC/PTEN/MVP",6
"GO:0042129","regulation of T cell proliferation","8/342","162/12706",0.0493827160493827,1.83466897696917,1.77817559774897,0.0715279647097452,0.338278648381349,0.292864512718646,"HLA-A/AIF1/SPN/HLA-DPA1/SYK/CD4/TGFB1/RIPOR2",8
"GO:0002262","myeloid cell homeostasis","9/342","190/12706",0.0473684210526316,1.75983379501385,1.75502585337822,0.071550011743622,0.338278648381349,0.292864512718646,"RPS17/ADAR/HSPA1A/PRKDC/KLF2/LYAR/ZBTB7A/HIPK2/ZFP36",9
"GO:0032438","melanosome organization","3/342","36/12706",0.0833333333333333,3.09600389863548,2.09447855754247,0.0718908858211809,0.338278648381349,0.292864512718646,"LYST/AP1B1/AP3D1",3
"GO:0034381","plasma lipoprotein particle clearance","3/342","36/12706",0.0833333333333333,3.09600389863548,2.09447855754247,0.0718908858211809,0.338278648381349,0.292864512718646,"CNPY2/LRPAP1/APOC2",3
"GO:0060711","labyrinthine layer development","3/342","36/12706",0.0833333333333333,3.09600389863548,2.09447855754247,0.0718908858211809,0.338278648381349,0.292864512718646,"JUNB/BIRC6/HS6ST1",3
"GO:2000403","positive regulation of lymphocyte migration","3/342","36/12706",0.0833333333333333,3.09600389863548,2.09447855754247,0.0718908858211809,0.338278648381349,0.292864512718646,"AIF1/SPN/DOCK8",3
"GO:0006119","oxidative phosphorylation","7/342","135/12706",0.0518518518518519,1.92640242581763,1.79971005958574,0.0722994815175211,0.339230867418229,0.293688895710514,"NDUFB8/NDUFA7/NDUFC2/SDHAF2/ATP5PO/MT-ATP6/MT-ND3",7
"GO:0051146","striated muscle cell differentiation","10/342","219/12706",0.045662100456621,1.696440492403,1.72901159207885,0.0723609241126208,0.339230867418229,0.293688895710514,"AKAP13/TGFB1/FOXP1/DCAF8/RARA/MYH9/CALR/PLEC/CTCF/RIPOR2",10
"GO:0071216","cellular response to biotic stimulus","10/342","219/12706",0.045662100456621,1.696440492403,1.72901159207885,0.0723609241126208,0.339230867418229,0.293688895710514,"SYK/CD68/PRPF8/PABPN1/RARA/HCK/NFKBIZ/SIRPA/NFKBIA/ZFP36",10
"GO:0016055","Wnt signaling pathway","15/342","368/12706",0.0407608695652174,1.51434973302822,1.66525572217321,0.0728460455359945,0.340087255916089,0.294430313477563,"TLE5/CSNK2B/SDHAF2/RNF213/MACF1/DDX3X/TGFB1/GNAQ/USP34/UBR5/CSNK2A1/EP300/CHD8/GRK6/RNF138",15
"GO:0032007","negative regulation of TOR signaling","5/342","83/12706",0.0602409638554217,2.23807510744733,1.88202607611407,0.0729013975727545,0.340087255916089,0.294430313477563,"SYK/UBE2W/MAT2A/PREX1/PIM1",5
"GO:0032755","positive regulation of interleukin-6 production","5/342","83/12706",0.0602409638554217,2.23807510744733,1.88202607611407,0.0729013975727545,0.340087255916089,0.294430313477563,"AIF1/SYK/TGFB1/CYBA/IL17RA",5
"GO:0034109","homotypic cell-cell adhesion","5/342","83/12706",0.0602409638554217,2.23807510744733,1.88202607611407,0.0729013975727545,0.340087255916089,0.294430313477563,"SYK/FLNA/PLAUR/PLEK/MYH9",5
"GO:0032943","mononuclear cell proliferation","12/342","278/12706",0.0431654676258993,1.60368547267449,1.69259631154505,0.0732199624276874,0.340109026726348,0.294449161541928,"LST1/HLA-A/AIF1/SPN/HLA-DPA1/SYK/CD4/TGFB1/DOCK8/NFKBIZ/IMPDH2/RIPOR2",12
"GO:0031960","response to corticosteroid","6/342","109/12706",0.055045871559633,2.04506679542894,1.8224038451858,0.0738235601315495,0.340109026726348,0.294449161541928,"FOS/DUSP1/TGFB1/MT-ND3/CYBA/ZFP36",6
"GO:0048255","mRNA stabilization","4/342","59/12706",0.0677966101694915,2.51878283278819,1.94468299063215,0.0740843861148277,0.340109026726348,0.294449161541928,"TARDBP/HNRNPD/QKI/ZFP36",4
"GO:1901136","carbohydrate derivative catabolic process","10/342","220/12706",0.0454545454545455,1.68872939925572,1.71383570498879,0.0740942657630722,0.340109026726348,0.294449161541928,"TGFB1/TYMP/IDS/MANBA/PFKL/OGT/GNS/EP300/ZBTB7A/HK3",10
"GO:0042325","regulation of phosphorylation","15/342","369/12706",0.040650406504065,1.51024580421243,1.65427890748947,0.0741656307186395,0.340109026726348,0.294449161541928,"DUSP1/CCDC88A/CD4/ADAR/TARDBP/PRKDC/NOP53/PLAUR/FGR/PIM1/HGS/PTEN/MVP/ITGB2/RAF1",15
"GO:0002066","columnar/cuboidal epithelial cell development","2/342","17/12706",0.117647058823529,4.37082903336773,2.31296135920535,0.075321357312884,0.340109026726348,0.294449161541928,"TGFB1/RARA",2
"GO:0002281","macrophage activation involved in immune response","2/342","17/12706",0.117647058823529,4.37082903336773,2.31296135920535,0.075321357312884,0.340109026726348,0.294449161541928,"GRN/SYK",2
"GO:0002327","immature B cell differentiation","2/342","17/12706",0.117647058823529,4.37082903336773,2.31296135920535,0.075321357312884,0.340109026726348,0.294449161541928,"IRF2BP2/PRKDC",2
"GO:0008298","intracellular mRNA localization","2/342","17/12706",0.117647058823529,4.37082903336773,2.31296135920535,0.075321357312884,0.340109026726348,0.294449161541928,"QKI/ZFP36",2
"GO:0030449","regulation of complement activation","2/342","17/12706",0.117647058823529,4.37082903336773,2.31296135920535,0.075321357312884,0.340109026726348,0.294449161541928,"CD59/CFP",2
"GO:0035883","enteroendocrine cell differentiation","2/342","17/12706",0.117647058823529,4.37082903336773,2.31296135920535,0.075321357312884,0.340109026726348,0.294449161541928,"IER3IP1/RBM4",2
"GO:0043392","negative regulation of DNA binding","2/342","17/12706",0.117647058823529,4.37082903336773,2.31296135920535,0.075321357312884,0.340109026726348,0.294449161541928,"JUN/CPNE1",2
"GO:0044819","mitotic G1/S transition checkpoint signaling","2/342","17/12706",0.117647058823529,4.37082903336773,2.31296135920535,0.075321357312884,0.340109026726348,0.294449161541928,"PRKDC/DGKZ",2
"GO:0045579","positive regulation of B cell differentiation","2/342","17/12706",0.117647058823529,4.37082903336773,2.31296135920535,0.075321357312884,0.340109026726348,0.294449161541928,"IL2RG/SYK",2
"GO:0045655","regulation of monocyte differentiation","2/342","17/12706",0.117647058823529,4.37082903336773,2.31296135920535,0.075321357312884,0.340109026726348,0.294449161541928,"CD4/FOXP1",2
"GO:0052547","regulation of peptidase activity","2/342","17/12706",0.117647058823529,4.37082903336773,2.31296135920535,0.075321357312884,0.340109026726348,0.294449161541928,"GRN/TIMP2",2
"GO:0055022","negative regulation of cardiac muscle tissue growth","2/342","17/12706",0.117647058823529,4.37082903336773,2.31296135920535,0.075321357312884,0.340109026726348,0.294449161541928,"FOXP1/JARID2",2
"GO:0060716","labyrinthine layer blood vessel development","2/342","17/12706",0.117647058823529,4.37082903336773,2.31296135920535,0.075321357312884,0.340109026726348,0.294449161541928,"JUNB/HS6ST1",2
"GO:0061117","negative regulation of heart growth","2/342","17/12706",0.117647058823529,4.37082903336773,2.31296135920535,0.075321357312884,0.340109026726348,0.294449161541928,"FOXP1/JARID2",2
"GO:0061621","canonical glycolysis","2/342","17/12706",0.117647058823529,4.37082903336773,2.31296135920535,0.075321357312884,0.340109026726348,0.294449161541928,"PFKL/HK3",2
"GO:0061718","glucose catabolic process to pyruvate","2/342","17/12706",0.117647058823529,4.37082903336773,2.31296135920535,0.075321357312884,0.340109026726348,0.294449161541928,"PFKL/HK3",2
"GO:0071243","cellular response to arsenic-containing substance","2/342","17/12706",0.117647058823529,4.37082903336773,2.31296135920535,0.075321357312884,0.340109026726348,0.294449161541928,"HNRNPA1/DDX3X",2
"GO:0072567","chemokine (C-X-C motif) ligand 2 production","2/342","17/12706",0.117647058823529,4.37082903336773,2.31296135920535,0.075321357312884,0.340109026726348,0.294449161541928,"TGFB1/FOXP1",2
"GO:0097066","response to thyroid hormone","2/342","17/12706",0.117647058823529,4.37082903336773,2.31296135920535,0.075321357312884,0.340109026726348,0.294449161541928,"CTSS/CTSH",2
"GO:0098543","detection of other organism","2/342","17/12706",0.117647058823529,4.37082903336773,2.31296135920535,0.075321357312884,0.340109026726348,0.294449161541928,"HLA-B/HLA-A",2
"GO:2000178","negative regulation of neural precursor cell proliferation","2/342","17/12706",0.117647058823529,4.37082903336773,2.31296135920535,0.075321357312884,0.340109026726348,0.294449161541928,"TGFB1/BTG2",2
"GO:2000341","regulation of chemokine (C-X-C motif) ligand 2 production","2/342","17/12706",0.117647058823529,4.37082903336773,2.31296135920535,0.075321357312884,0.340109026726348,0.294449161541928,"TGFB1/FOXP1",2
"GO:0071559","response to transforming growth factor beta","10/342","221/12706",0.0452488687782805,1.68108808975682,1.69873657999142,0.075853486354517,0.341489316516659,0.295644146501175,"FOS/JUN/TGFB1/HSPA1A/OGT/NFKBIZ/KMT2A/EP300/ZBTB7A/HIPK2",10
"GO:0019646","aerobic electron transport chain","5/342","84/12706",0.0595238095238095,2.2114313561682,1.85265799611321,0.07589649459668,0.341489316516659,0.295644146501175,"NDUFB8/NDUFA7/NDUFC2/SDHAF2/MT-ND3",5
"GO:0032008","positive regulation of TOR signaling","5/342","84/12706",0.0595238095238095,2.2114313561682,1.85265799611321,0.07589649459668,0.341489316516659,0.295644146501175,"SYK/MAT2A/OGT/EP300/PIM1",5
"GO:0038202","TORC1 signaling","6/342","110/12706",0.0545454545454545,2.02647527910686,1.79824723301356,0.0764115167967378,0.343400220876119,0.297298510667412,"SYK/UBE2W/MAT2A/OGT/EP300/PIM1",6
"GO:0031638","zymogen activation","3/342","37/12706",0.0810810810810811,3.01232811759128,2.03868148611453,0.0767408761814255,0.344066994388891,0.297875769388428,"PLAUR/RUNX1/CTSH",3
"GO:0048753","pigment granule organization","3/342","37/12706",0.0810810810810811,3.01232811759128,2.03868148611453,0.0767408761814255,0.344066994388891,0.297875769388428,"LYST/AP1B1/AP3D1",3
"GO:0009952","anterior/posterior pattern specification","7/342","137/12706",0.0510948905109489,1.89827976266701,1.75809535121594,0.076862648033809,0.344207052796869,0.297997024861101,"PRKDC/BPTF/BASP1/BTG2/KMT2A/EP300/HIPK2",7
"GO:0001667","ameboidal-type cell migration","9/342","193/12706",0.0466321243523316,1.73247886555768,1.70535154940176,0.077211632909559,0.344552380659793,0.298295992226576,"JUN/MACF1/TGFB1/CALR/ARHGAP4/PLEC/EVL/PTEN/CTSH",9
"GO:0042098","T cell proliferation","9/342","193/12706",0.0466321243523316,1.73247886555768,1.70535154940176,0.077211632909559,0.344552380659793,0.298295992226576,"HLA-A/AIF1/SPN/HLA-DPA1/SYK/CD4/TGFB1/DOCK8/RIPOR2",9
"GO:0071219","cellular response to molecule of bacterial origin","9/342","193/12706",0.0466321243523316,1.73247886555768,1.70535154940176,0.077211632909559,0.344552380659793,0.298295992226576,"CD68/PRPF8/PABPN1/RARA/HCK/NFKBIZ/SIRPA/NFKBIA/ZFP36",9
"GO:0006022","aminoglycan metabolic process","4/342","60/12706",0.0666666666666667,2.47680311890838,1.90696414238113,0.0777763244609844,0.345854486082647,0.299423289122189,"TGFB1/CLTC/IDS/GNS",4
"GO:0043433","negative regulation of DNA-binding transcription factor activity","4/342","60/12706",0.0666666666666667,2.47680311890838,1.90696414238113,0.0777763244609844,0.345854486082647,0.299423289122189,"FLNA/COMMD7/PIM1/NFKBIA",4
"GO:1901799","negative regulation of proteasomal protein catabolic process","4/342","60/12706",0.0666666666666667,2.47680311890838,1.90696414238113,0.0777763244609844,0.345854486082647,0.299423289122189,"CSNK2B/NOP53/OGT/CSNK2A1",4
"GO:0048534","hematopoietic or lymphoid organ development","5/342","85/12706",0.0588235294117647,2.18541451668387,1.82370131121638,0.0789573807704933,0.349883091284782,0.302911051371166,"TGFB1/JARID2/NFKBIZ/KMT2A/RAF1",5
"GO:0006892","post-Golgi vesicle-mediated transport","6/342","111/12706",0.0540540540540541,2.00821874506085,1.77434497409437,0.0790503880625008,0.349883091284782,0.302911051371166,"MACF1/RAB31/STXBP5/RABEP1/AP3D1/SORL1",6
"GO:0007006","mitochondrial membrane organization","6/342","111/12706",0.0540540540540541,2.00821874506085,1.77434497409437,0.0790503880625008,0.349883091284782,0.302911051371166,"TOMM6/MICOS10/TIMM10B/MICOS13/HSPA1A/OXA1L",6
"GO:1901796","regulation of signal transduction by p53 class mediator","6/342","111/12706",0.0540540540540541,2.00821874506085,1.77434497409437,0.0790503880625008,0.349883091284782,0.302911051371166,"RPL26/PPP1R15A/NOP53/CSNK2A1/EP300/HIPK2",6
"GO:0001819","positive regulation of cytokine production","17/342","435/12706",0.0390804597701149,1.45191906970491,1.59509372909309,0.0797454150593963,0.352548916343982,0.305218987626355,"HLA-A/AIF1/SPN/HLA-DPA1/SYK/CD4/DDX3X/TGFB1/FOXP1/HSPA1A/RARA/CYBA/IL17RA/PRG2/RUNX1/FGR/SORL1",17
"GO:1901990","regulation of mitotic cell cycle phase transition","13/342","313/12706",0.0415335463258786,1.54305625618893,1.61789247376386,0.0810007097244223,0.356549485476717,0.308682477667071,"AIF1/DUSP1/DDX3X/TGFB1/PRKDC/NOP53/ARID1A/DGKZ/TAOK1/SMARCA2/EIF4G1/ARID2/PTEN",13
"GO:0010001","glial cell differentiation","9/342","195/12706",0.0461538461538462,1.71470985155196,1.67271500066772,0.0811343593420613,0.356549485476717,0.308682477667071,"S100A8/S100A9/GRN/TGFB1/PPP3R1/PLEC/QKI/PTEN/RAF1",9
"GO:0043523","regulation of neuron apoptotic process","9/342","195/12706",0.0461538461538462,1.71470985155196,1.67271500066772,0.0811343593420613,0.356549485476717,0.308682477667071,"TMBIM4/EGLN2/MCL1/GRN/JUN/SOD2/BTG2/HIPK2/CPEB4",9
"GO:0044843","cell cycle G1/S phase transition","10/342","224/12706",0.0446428571428571,1.65857351712615,1.65389171724122,0.0812867689583239,0.356549485476717,0.308682477667071,"AIF1/PAGR1/DDX3X/PRKDC/ARID1A/DGKZ/SMARCA2/EIF4G1/ARID2/PTEN",10
"GO:0006611","protein export from nucleus","4/342","61/12706",0.0655737704918033,2.43619978909021,1.86999845966662,0.0815587043409962,0.356549485476717,0.308682477667071,"TGFB1/ADAR/XPO1/CALR",4
"GO:1905515","non-motile cilium assembly","4/342","61/12706",0.0655737704918033,2.43619978909021,1.86999845966662,0.0815587043409962,0.356549485476717,0.308682477667071,"SEPTIN7/SEPTIN9/CEP350/DCTN1",4
"GO:0001825","blastocyst formation","3/342","38/12706",0.0789473684210526,2.93305632502308,1.98473792809549,0.0817308158592603,0.356549485476717,0.308682477667071,"JUNB/CNOT1/WDR74",3
"GO:0042269","regulation of natural killer cell mediated cytotoxicity","3/342","38/12706",0.0789473684210526,2.93305632502308,1.98473792809549,0.0817308158592603,0.356549485476717,0.308682477667071,"HLA-B/HLA-A/TGFB1",3
"GO:0044794","host-mediated activation of viral process","3/342","38/12706",0.0789473684210526,2.93305632502308,1.98473792809549,0.0817308158592603,0.356549485476717,0.308682477667071,"JUN/CHD1/EP300",3
"GO:0045023","G0 to G1 transition","3/342","38/12706",0.0789473684210526,2.93305632502308,1.98473792809549,0.0817308158592603,0.356549485476717,0.308682477667071,"ARID1A/SMARCA2/ARID2",3
"GO:1900026","positive regulation of substrate adhesion-dependent cell spreading","3/342","38/12706",0.0789473684210526,2.93305632502308,1.98473792809549,0.0817308158592603,0.356549485476717,0.308682477667071,"FLNA/CALR/PREX1",3
"GO:0007034","vacuolar transport","8/342","167/12706",0.0479041916167665,1.77973876807788,1.68692898928222,0.0820105724781951,0.356549485476717,0.308682477667071,"GRN/HSPA1A/CSNK2A1/LYST/HGS/AP3D1/SORL1/SNX27",8
"GO:0000028","ribosomal small subunit assembly","2/342","18/12706",0.111111111111111,4.12800519818064,2.20865571410962,0.0832761554716793,0.356549485476717,0.308682477667071,"RPS6/PRKDC",2
"GO:0021542","dentate gyrus development","2/342","18/12706",0.111111111111111,4.12800519818064,2.20865571410962,0.0832761554716793,0.356549485476717,0.308682477667071,"BTG2/PTEN",2
"GO:0032616","interleukin-13 production","2/342","18/12706",0.111111111111111,4.12800519818064,2.20865571410962,0.0832761554716793,0.356549485476717,0.308682477667071,"RARA/IL17RA",2
"GO:0032656","regulation of interleukin-13 production","2/342","18/12706",0.111111111111111,4.12800519818064,2.20865571410962,0.0832761554716793,0.356549485476717,0.308682477667071,"RARA/IL17RA",2
"GO:0033003","regulation of mast cell activation","2/342","18/12706",0.111111111111111,4.12800519818064,2.20865571410962,0.0832761554716793,0.356549485476717,0.308682477667071,"CD84/PTPRE",2
"GO:0042407","cristae formation","2/342","18/12706",0.111111111111111,4.12800519818064,2.20865571410962,0.0832761554716793,0.356549485476717,0.308682477667071,"MICOS10/MICOS13",2
"GO:0045039","protein insertion into mitochondrial inner membrane","2/342","18/12706",0.111111111111111,4.12800519818064,2.20865571410962,0.0832761554716793,0.356549485476717,0.308682477667071,"TIMM10B/OXA1L",2
"GO:0045061","thymic T cell selection","2/342","18/12706",0.111111111111111,4.12800519818064,2.20865571410962,0.0832761554716793,0.356549485476717,0.308682477667071,"SPN/NFATC3",2
"GO:0045064","T-helper 2 cell differentiation","2/342","18/12706",0.111111111111111,4.12800519818064,2.20865571410962,0.0832761554716793,0.356549485476717,0.308682477667071,"RARA/KMT2A",2
"GO:0045945","positive regulation of transcription by RNA polymerase III","2/342","18/12706",0.111111111111111,4.12800519818064,2.20865571410962,0.0832761554716793,0.356549485476717,0.308682477667071,"CHD8/BAZ1B",2
"GO:0046628","positive regulation of insulin receptor signaling pathway","2/342","18/12706",0.111111111111111,4.12800519818064,2.20865571410962,0.0832761554716793,0.356549485476717,0.308682477667071,"CTSD/SORL1",2
"GO:0046831","regulation of RNA export from nucleus","2/342","18/12706",0.111111111111111,4.12800519818064,2.20865571410962,0.0832761554716793,0.356549485476717,0.308682477667071,"RANBP2/IWS1",2
"GO:0060008","Sertoli cell differentiation","2/342","18/12706",0.111111111111111,4.12800519818064,2.20865571410962,0.0832761554716793,0.356549485476717,0.308682477667071,"FLNA/RARA",2
"GO:0090280","positive regulation of calcium ion import","2/342","18/12706",0.111111111111111,4.12800519818064,2.20865571410962,0.0832761554716793,0.356549485476717,0.308682477667071,"P2RX1/PPP3R1",2
"GO:0097494","regulation of vesicle size","2/342","18/12706",0.111111111111111,4.12800519818064,2.20865571410962,0.0832761554716793,0.356549485476717,0.308682477667071,"BORCS8/PICALM",2
"GO:2000269","regulation of fibroblast apoptotic process","2/342","18/12706",0.111111111111111,4.12800519818064,2.20865571410962,0.0832761554716793,0.356549485476717,0.308682477667071,"IER3IP1/CHD8",2
"GO:0043086","negative regulation of catalytic activity","7/342","140/12706",0.05,1.85760233918129,1.69696285693606,0.0840167711780741,0.359315820043912,0.311077429961326,"DUSP1/ADAR/OXA1L/TIMP2/ZFP36/MVP/ARFGEF1",7
"GO:0090130","tissue migration","5/342","87/12706",0.0574712643678161,2.13517510250723,1.76697702617482,0.0852748759838863,0.363318066780459,0.314542372386416,"JUN/MACF1/EVL/PTEN/CTSH",5
"GO:1904064","positive regulation of cation transmembrane transport","5/342","87/12706",0.0574712643678161,2.13517510250723,1.76697702617482,0.0852748759838863,0.363318066780459,0.314542372386416,"CD4/P2RX1/FLNA/PPP3R1/CTSS",5
"GO:0002534","cytokine production involved in inflammatory response","4/342","62/12706",0.0645161290322581,2.39690624410489,1.83375685067589,0.0854303923465887,0.363318066780459,0.314542372386416,"IL17RA/SIRPA/NFKBIA/ZFP36",4
"GO:0048524","positive regulation of viral process","4/342","62/12706",0.0645161290322581,2.39690624410489,1.83375685067589,0.0854303923465887,0.363318066780459,0.314542372386416,"CD4/DDX3X/ADAR/TOP2B",4
"GO:1900015","regulation of cytokine production involved in inflammatory response","4/342","62/12706",0.0645161290322581,2.39690624410489,1.83375685067589,0.0854303923465887,0.363318066780459,0.314542372386416,"IL17RA/SIRPA/NFKBIA/ZFP36",4
"GO:0032271","regulation of protein polymerization","8/342","169/12706",0.0473372781065089,1.75867677082252,1.65129328915323,0.0864454649165687,0.365299118532736,0.316257466610888,"HSPA1A/HCK/DCTN1/PREX1/NUMA1/SSH2/EVL/ARFGEF1",8
"GO:0032006","regulation of TOR signaling","7/342","141/12706",0.049645390070922,1.84442785450624,1.6769177047959,0.0864837009819658,0.365299118532736,0.316257466610888,"SYK/UBE2W/MAT2A/OGT/PREX1/EP300/PIM1",7
"GO:1900180","regulation of protein localization to nucleus","7/342","141/12706",0.049645390070922,1.84442785450624,1.6769177047959,0.0864837009819658,0.365299118532736,0.316257466610888,"TGFB1/TARDBP/FLNA/UBR5/EP300/NFKBIA/IPO7",7
"GO:2000779","regulation of double-strand break repair","7/342","141/12706",0.049645390070922,1.84442785450624,1.6769177047959,0.0864837009819658,0.365299118532736,0.316257466610888,"SMCHD1/PRKDC/ARID1A/TOP2B/SMARCA2/CSNK2A1/ARID2",7
"GO:0019226","transmission of nerve impulse","3/342","39/12706",0.0769230769230769,2.8578497525866,1.93253290228471,0.0868570234491303,0.365299118532736,0.316257466610888,"P2RX1/TYMP/PLEC",3
"GO:0030201","heparan sulfate proteoglycan metabolic process","3/342","39/12706",0.0769230769230769,2.8578497525866,1.93253290228471,0.0868570234491303,0.365299118532736,0.316257466610888,"IDS/GNS/HS6ST1",3
"GO:0030866","cortical actin cytoskeleton organization","3/342","39/12706",0.0769230769230769,2.8578497525866,1.93253290228471,0.0868570234491303,0.365299118532736,0.316257466610888,"PLEK/CALR/PLEC",3
"GO:0031641","regulation of myelination","3/342","39/12706",0.0769230769230769,2.8578497525866,1.93253290228471,0.0868570234491303,0.365299118532736,0.316257466610888,"TYMP/RARA/QKI",3
"GO:0061756","leukocyte adhesion to vascular endothelial cell","3/342","39/12706",0.0769230769230769,2.8578497525866,1.93253290228471,0.0868570234491303,0.365299118532736,0.316257466610888,"SPN/SELPLG/ITGB2",3
"GO:1905508","protein localization to microtubule organizing center","3/342","39/12706",0.0769230769230769,2.8578497525866,1.93253290228471,0.0868570234491303,0.365299118532736,0.316257466610888,"CEP350/GOLGB1/NUMA1",3
"GO:0051046","regulation of secretion","18/342","472/12706",0.038135593220339,1.41681534344335,1.53479843687883,0.0870730768212046,0.365803135993613,0.316693819389249,"S100A8/IER3IP1/STXBP2/SYK/CD84/P2RX1/TGFB1/GRK2/TARDBP/PFKL/CYBA/RAB11FIP1/STXBP5/FGR/ITGAM/HGS/RAB27A/ITGB2",18
"GO:0071453","cellular response to oxygen levels","7/342","142/12706",0.0492957746478873,1.83143892595338,1.65703412016135,0.0889915772176736,0.373450305277699,0.323314351062699,"FOS/EGLN2/JUND/TGFB1/NOP53/HIPK2/CPEB4",7
"GO:0003018","vascular process in circulatory system","9/342","199/12706",0.0452261306532663,1.68024332187252,1.60855212853339,0.089336053400166,0.373885020549512,0.323690705517407,"SLC44A1/P2RX1/TGFB1/SOD2/SLC2A3/KLF2/PLEC/SCPEP1/ATP2B1",9
"GO:1901184","regulation of ERBB signaling pathway","4/342","63/12706",0.0634920634920635,2.35886011324608,1.79821181247022,0.0893901850814062,0.373885020549512,0.323690705517407,"CCDC88A/TGFB1/PLAUR/MVP",4
"GO:1904262","negative regulation of TORC1 signaling","4/342","63/12706",0.0634920634920635,2.35886011324608,1.79821181247022,0.0893901850814062,0.373885020549512,0.323690705517407,"SYK/UBE2W/MAT2A/PIM1",4
"GO:0035967","cellular response to topologically incorrect protein","6/342","115/12706",0.0521739130434783,1.93836765827612,1.68117424728135,0.0901114746602136,0.374972118836707,0.324631860129678,"TMBIM4/PPP1R15A/HSPA1A/UBE2W/RARA/UBR5",6
"GO:0090092","regulation of transmembrane receptor protein serine/threonine kinase signaling pathway","9/342","200/12706",0.045,1.67184210526316,1.59273635577413,0.0914606163810907,0.374972118836707,0.324631860129678,"CSNK2B/TGFB1/HSPA1A/OGT/NUMA1/EP300/ZBTB7A/HIPK2/SORL1",9
"GO:0002888","positive regulation of myeloid leukocyte mediated immunity","2/342","19/12706",0.105263157894737,3.91074176669745,2.11164981043243,0.0914731793291755,0.374972118836707,0.324631860129678,"ITGAM/ITGB2",2
"GO:0010968","regulation of microtubule nucleation","2/342","19/12706",0.105263157894737,3.91074176669745,2.11164981043243,0.0914731793291755,0.374972118836707,0.324631860129678,"HSPA1A/DCTN1",2
"GO:0018198","peptidyl-cysteine modification","2/342","19/12706",0.105263157894737,3.91074176669745,2.11164981043243,0.0914731793291755,0.374972118836707,0.324631860129678,"S100A8/S100A9",2
"GO:0019433","triglyceride catabolic process","2/342","19/12706",0.105263157894737,3.91074176669745,2.11164981043243,0.0914731793291755,0.374972118836707,0.324631860129678,"SORL1/APOC2",2
"GO:0031639","plasminogen activation","2/342","19/12706",0.105263157894737,3.91074176669745,2.11164981043243,0.0914731793291755,0.374972118836707,0.324631860129678,"PLAUR/RUNX1",2
"GO:0032239","regulation of nucleobase-containing compound transport","2/342","19/12706",0.105263157894737,3.91074176669745,2.11164981043243,0.0914731793291755,0.374972118836707,0.324631860129678,"RANBP2/IWS1",2
"GO:0032967","positive regulation of collagen biosynthetic process","2/342","19/12706",0.105263157894737,3.91074176669745,2.11164981043243,0.0914731793291755,0.374972118836707,0.324631860129678,"TGFB1/RUNX1",2
"GO:0048268","clathrin coat assembly","2/342","19/12706",0.105263157894737,3.91074176669745,2.11164981043243,0.0914731793291755,0.374972118836707,0.324631860129678,"CLTC/PICALM",2
"GO:0061620","glycolytic process through glucose-6-phosphate","2/342","19/12706",0.105263157894737,3.91074176669745,2.11164981043243,0.0914731793291755,0.374972118836707,0.324631860129678,"PFKL/HK3",2
"GO:0090083","regulation of inclusion body assembly","2/342","19/12706",0.105263157894737,3.91074176669745,2.11164981043243,0.0914731793291755,0.374972118836707,0.324631860129678,"HSPA1A/SORL1",2
"GO:0110156","mRNA methylguanosine-cap decapping","2/342","19/12706",0.105263157894737,3.91074176669745,2.11164981043243,0.0914731793291755,0.374972118836707,0.324631860129678,"CSNK2A1/ZFP36",2
"GO:0141198","protein branched polyubiquitination","2/342","19/12706",0.105263157894737,3.91074176669745,2.11164981043243,0.0914731793291755,0.374972118836707,0.324631860129678,"HUWE1/UBR5",2
"GO:1903232","melanosome assembly","2/342","19/12706",0.105263157894737,3.91074176669745,2.11164981043243,0.0914731793291755,0.374972118836707,0.324631860129678,"AP1B1/AP3D1",2
"GO:1990182","exosomal secretion","2/342","19/12706",0.105263157894737,3.91074176669745,2.11164981043243,0.0914731793291755,0.374972118836707,0.324631860129678,"HGS/RAB27A",2
"GO:2001185","regulation of CD8-positive, alpha-beta T cell activation","2/342","19/12706",0.105263157894737,3.91074176669745,2.11164981043243,0.0914731793291755,0.374972118836707,0.324631860129678,"HLA-A/RUNX1",2
"GO:0006096","glycolytic process","5/342","89/12706",0.0561797752808989,2.08719363952954,1.71176737294861,0.0918501819049825,0.374972118836707,0.324631860129678,"PFKL/OGT/EP300/ZBTB7A/HK3",5
"GO:0002548","monocyte chemotaxis","3/342","40/12706",0.075,2.78640350877193,1.88196137768733,0.092115717778402,0.374972118836707,0.324631860129678,"AIF1/DUSP1/NINJ1",3
"GO:0010043","response to zinc ion","3/342","40/12706",0.075,2.78640350877193,1.88196137768733,0.092115717778402,0.374972118836707,0.324631860129678,"S100A8/CRIP1/SOD2",3
"GO:0030851","granulocyte differentiation","3/342","40/12706",0.075,2.78640350877193,1.88196137768733,0.092115717778402,0.374972118836707,0.324631860129678,"EVI2B/RARA/RUNX1",3
"GO:0034314","Arp2/3 complex-mediated actin nucleation","3/342","40/12706",0.075,2.78640350877193,1.88196137768733,0.092115717778402,0.374972118836707,0.324631860129678,"ARPC1B/ARPC1A/ARPC4",3
"GO:0071385","cellular response to glucocorticoid stimulus","3/342","40/12706",0.075,2.78640350877193,1.88196137768733,0.092115717778402,0.374972118836707,0.324631860129678,"TGFB1/MT-ND3/ZFP36",3
"GO:1904427","positive regulation of calcium ion transmembrane transport","3/342","40/12706",0.075,2.78640350877193,1.88196137768733,0.092115717778402,0.374972118836707,0.324631860129678,"CD4/P2RX1/PPP3R1",3
"GO:1904894","positive regulation of receptor signaling pathway via STAT","3/342","40/12706",0.075,2.78640350877193,1.88196137768733,0.092115717778402,0.374972118836707,0.324631860129678,"IL10RB/TGFB1/EP300",3
"GO:0032886","regulation of microtubule-based process","10/342","230/12706",0.0434782608695652,1.61530638189677,1.5661687135323,0.0928551579006494,0.377577872019539,0.326887789198233,"MACF1/HSPA1A/DYNC1H1/CLTC/SENP6/XPO1/TAOK1/DCTN1/NUMA1/RIPOR2",10
"GO:0032956","regulation of actin cytoskeleton organization","12/342","290/12706",0.0413793103448276,1.5373260738052,1.53945483437394,0.0930347285184228,0.377903886567354,0.327170036074121,"AKAP13/CCDC88A/TGFB1/FLNA/PLEK/HCK/TAOK1/PREX1/ARAP1/SSH2/EVL/ARFGEF1",12
"GO:0010638","positive regulation of organelle organization","17/342","445/12706",0.0382022471910112,1.41929167488008,1.49745640681309,0.0932858727867558,0.377922086824251,0.327185792934309,"SEPTIN7/SEPTIN9/CCDC88A/GRN/HNRNPA1/HSPA1A/DYNC1H1/FLNA/PLAUR/PLEK/HCK/CNOT1/HNRNPD/DCTN1/NUMA1/USP33/EVL",17
"GO:0051651","maintenance of location in cell","8/342","172/12706",0.0465116279069767,1.72800217598259,1.59872197748843,0.0933560282365595,0.377922086824251,0.327185792934309,"CCDC88A/CD4/TGFB1/FLNA/CYBA/CALR/SORL1/SRGN",8
"GO:0072666","establishment of protein localization to vacuole","4/342","64/12706",0.0625,2.32200292397661,1.76333732015287,0.0934368126288257,0.377922086824251,0.327185792934309,"CSNK2A1/HGS/AP3D1/SORL1",4
"GO:1902017","regulation of cilium assembly","4/342","64/12706",0.0625,2.32200292397661,1.76333732015287,0.0934368126288257,0.377922086824251,0.327185792934309,"SEPTIN7/SEPTIN9/CCDC88A/SDCCAG8",4
"GO:0050868","negative regulation of T cell activation","6/342","117/12706",0.0512820512820513,1.90523316839106,1.6359825313462,0.0959421915177877,0.387643158502262,0.3356018042129,"SPN/TGFB1/CD69/PAG1/RUNX1/RIPOR2",6
"GO:0048638","regulation of developmental growth","10/342","232/12706",0.0431034482758621,1.60138132688042,1.53748876560071,0.0969191649985932,0.391174803953982,0.338659323891609,"GRN/MACF1/FOXP1/JARID2/BASP1/MYCBP2/ARHGAP4/RUNX1/PIM1/PTEN",10
"GO:0035987","endodermal cell differentiation","3/342","41/12706",0.0731707317073171,2.71844244758237,1.83292718532303,0.0975030310993469,0.391542175845375,0.338977375859932,"MYH9/EP300/ITGB2",3
"GO:0048662","negative regulation of smooth muscle cell proliferation","3/342","41/12706",0.0731707317073171,2.71844244758237,1.83292718532303,0.0975030310993469,0.391542175845375,0.338977375859932,"AIF1/SOD2/PTEN",3
"GO:0021954","central nervous system neuron development","4/342","65/12706",0.0615384615384615,2.28627980206928,1.72910872538003,0.0975689419894282,0.391542175845375,0.338977375859932,"MYCBP2/BTG2/TAOK1/PTEN",4
"GO:0051205","protein insertion into membrane","4/342","65/12706",0.0615384615384615,2.28627980206928,1.72910872538003,0.0975689419894282,0.391542175845375,0.338977375859932,"TOMM6/TIMM10B/GET3/OXA1L",4
"GO:0042773","ATP synthesis coupled electron transport","5/342","91/12706",0.0549450549450549,2.04132125184757,1.65799299014542,0.0986789617678887,0.391542175845375,0.338977375859932,"NDUFB8/NDUFA7/NDUFC2/SDHAF2/MT-ND3",5
"GO:0042775","mitochondrial ATP synthesis coupled electron transport","5/342","91/12706",0.0549450549450549,2.04132125184757,1.65799299014542,0.0986789617678887,0.391542175845375,0.338977375859932,"NDUFB8/NDUFA7/NDUFC2/SDHAF2/MT-ND3",5
"GO:0001678","intracellular glucose homeostasis","6/342","118/12706",0.0508474576271186,1.88908712459114,1.61371875711622,0.0989316248154785,0.391542175845375,0.338977375859932,"TGFB1/RBM4/CYBA/OGT/HK3/RAF1",6
"GO:0007519","skeletal muscle tissue development","6/342","118/12706",0.0508474576271186,1.88908712459114,1.61371875711622,0.0989316248154785,0.391542175845375,0.338977375859932,"FOS/DDX17/TGFB1/BTG2/PLEC/EP300",6
"GO:0030111","regulation of Wnt signaling pathway","11/342","263/12706",0.0418250950570342,1.55388788828853,1.50958677292327,0.0990512735406843,0.391542175845375,0.338977375859932,"TLE5/SDHAF2/RNF213/MACF1/DDX3X/TGFB1/GNAQ/USP34/UBR5/CSNK2A1/CHD8",11
"GO:0032970","regulation of actin filament-based process","13/342","324/12706",0.0401234567901235,1.49066854378745,1.48794271535424,0.0991290657501518,0.391542175845375,0.338977375859932,"AKAP13/CCDC88A/TGFB1/FLNA/PLEK/MYH9/HCK/TAOK1/PREX1/ARAP1/SSH2/EVL/ARFGEF1",13
"GO:0001964","startle response","2/342","20/12706",0.1,3.71520467836257,2.0210455752042,0.099893716614943,0.391542175845375,0.338977375859932,"CHD8/PTEN",2
"GO:0006476","protein deacetylation","2/342","20/12706",0.1,3.71520467836257,2.0210455752042,0.099893716614943,0.391542175845375,0.338977375859932,"FLNA/EP300",2
"GO:0007212","G protein-coupled dopamine receptor signaling pathway","2/342","20/12706",0.1,3.71520467836257,2.0210455752042,0.099893716614943,0.391542175845375,0.338977375859932,"GNB1/FLNA",2
"GO:0007549","sex-chromosome dosage compensation","2/342","20/12706",0.1,3.71520467836257,2.0210455752042,0.099893716614943,0.391542175845375,0.338977375859932,"SMCHD1/JARID2",2
"GO:0009048","dosage compensation by inactivation of X chromosome","2/342","20/12706",0.1,3.71520467836257,2.0210455752042,0.099893716614943,0.391542175845375,0.338977375859932,"SMCHD1/JARID2",2
"GO:0010714","positive regulation of collagen metabolic process","2/342","20/12706",0.1,3.71520467836257,2.0210455752042,0.099893716614943,0.391542175845375,0.338977375859932,"TGFB1/RUNX1",2
"GO:0014829","vascular associated smooth muscle contraction","2/342","20/12706",0.1,3.71520467836257,2.0210455752042,0.099893716614943,0.391542175845375,0.338977375859932,"P2RX1/ATP2B1",2
"GO:0032401","establishment of melanosome localization","2/342","20/12706",0.1,3.71520467836257,2.0210455752042,0.099893716614943,0.391542175845375,0.338977375859932,"DCTN1/RAB27A",2
"GO:0032402","melanosome transport","2/342","20/12706",0.1,3.71520467836257,2.0210455752042,0.099893716614943,0.391542175845375,0.338977375859932,"DCTN1/RAB27A",2
"GO:0039535","regulation of RIG-I signaling pathway","2/342","20/12706",0.1,3.71520467836257,2.0210455752042,0.099893716614943,0.391542175845375,0.338977375859932,"NOP53/PUM1",2
"GO:0045649","regulation of macrophage differentiation","2/342","20/12706",0.1,3.71520467836257,2.0210455752042,0.099893716614943,0.391542175845375,0.338977375859932,"TGFB1/QKI",2
"GO:0060421","positive regulation of heart growth","2/342","20/12706",0.1,3.71520467836257,2.0210455752042,0.099893716614943,0.391542175845375,0.338977375859932,"BASP1/PIM1",2
"GO:0070431","nucleotide-binding oligomerization domain containing 2 signaling pathway","2/342","20/12706",0.1,3.71520467836257,2.0210455752042,0.099893716614943,0.391542175845375,0.338977375859932,"HSPA1A/NFKBIA",2
"GO:0071305","cellular response to vitamin D","2/342","20/12706",0.1,3.71520467836257,2.0210455752042,0.099893716614943,0.391542175845375,0.338977375859932,"UBR5/PIM1",2
"GO:0097734","extracellular exosome biogenesis","2/342","20/12706",0.1,3.71520467836257,2.0210455752042,0.099893716614943,0.391542175845375,0.338977375859932,"HGS/RAB27A",2
"GO:0099149","regulation of postsynaptic neurotransmitter receptor internalization","2/342","20/12706",0.1,3.71520467836257,2.0210455752042,0.099893716614943,0.391542175845375,0.338977375859932,"PPP3R1/RABEP1",2
"GO:1900078","positive regulation of cellular response to insulin stimulus","2/342","20/12706",0.1,3.71520467836257,2.0210455752042,0.099893716614943,0.391542175845375,0.338977375859932,"CTSD/SORL1",2
"GO:1904706","negative regulation of vascular associated smooth muscle cell proliferation","2/342","20/12706",0.1,3.71520467836257,2.0210455752042,0.099893716614943,0.391542175845375,0.338977375859932,"SOD2/PTEN",2
"GO:0009165","nucleotide biosynthetic process","9/342","204/12706",0.0441176470588235,1.6390608875129,1.53034188231706,0.100254325360121,0.392550921749929,0.339850696949536,"NDUFB8/NDUFA7/NDUFC2/ATP5PO/MT-ATP6/TGFB1/MT-ND3/NME4/IMPDH2",9
"GO:0007179","transforming growth factor beta receptor signaling pathway","8/342","175/12706",0.0457142857142857,1.69837928153718,1.54717128258942,0.100574691447415,0.393400181978468,0.340585943422207,"FOS/JUN/TGFB1/HSPA1A/OGT/EP300/ZBTB7A/HIPK2",8
"GO:0141091","transforming growth factor beta receptor superfamily signaling pathway","11/342","264/12706",0.0416666666666667,1.54800194931774,1.49644189295528,0.10101750246752,0.394726150443486,0.341733899730552,"CSNK2B/FOS/JUN/TGFB1/HSPA1A/OGT/NUMA1/EP300/ZBTB7A/HIPK2/SORL1",11
"GO:0007422","peripheral nervous system development","4/342","66/12706",0.0606060606060606,2.25163919900762,1.69550266329594,0.101785180482487,0.395083167276082,0.342042986813674,"PPP3R1/PLEC/RUNX1/RAF1",4
"GO:0048708","astrocyte differentiation","4/342","66/12706",0.0606060606060606,2.25163919900762,1.69550266329594,0.101785180482487,0.395083167276082,0.342042986813674,"S100A8/S100A9/GRN/QKI",4
"GO:0070527","platelet aggregation","4/342","66/12706",0.0606060606060606,2.25163919900762,1.69550266329594,0.101785180482487,0.395083167276082,0.342042986813674,"SYK/FLNA/PLEK/MYH9",4
"GO:0046718","symbiont entry into host cell","6/342","119/12706",0.0504201680672269,1.87321244287189,1.59167050936647,0.101970008989527,0.395083167276082,0.342042986813674,"RNASEK/SELPLG/CD4/GRK2/HSPA1A/MYH9",6
"GO:0044703","multi-organism reproductive process","7/342","147/12706",0.0476190476190476,1.76914508493456,1.55994862559129,0.102140258323532,0.395083167276082,0.342042986813674,"FOS/JUNB/GRN/P2RX1/TGFB1/RARA/CALR",7
"GO:0051017","actin filament bundle assembly","7/342","147/12706",0.0476190476190476,1.76914508493456,1.55994862559129,0.102140258323532,0.395083167276082,0.342042986813674,"AIF1/CCDC88A/FLNA/PLEK/ARAP1/MARCKS/EVL",7
"GO:0019364","pyridine nucleotide catabolic process","5/342","92/12706",0.0543478260869565,2.01913297737096,1.6316208436127,0.102186884077635,0.395083167276082,0.342042986813674,"PFKL/OGT/EP300/ZBTB7A/HK3",5
"GO:0042752","regulation of circadian rhythm","5/342","92/12706",0.0543478260869565,2.01913297737096,1.6316208436127,0.102186884077635,0.395083167276082,0.342042986813674,"TARDBP/PRKDC/RBM4/GNAQ/HNRNPD",5
"GO:0046032","ADP catabolic process","5/342","92/12706",0.0543478260869565,2.01913297737096,1.6316208436127,0.102186884077635,0.395083167276082,0.342042986813674,"PFKL/OGT/EP300/ZBTB7A/HK3",5
"GO:1901655","cellular response to ketone","5/342","92/12706",0.0543478260869565,2.01913297737096,1.6316208436127,0.102186884077635,0.395083167276082,0.342042986813674,"FOS/TGFB1/GNB1/CYBA/BTG2",5
"GO:0006163","purine nucleotide metabolic process","15/342","388/12706",0.038659793814433,1.43629046843914,1.45158468523099,0.102251929668507,0.395083167276082,0.342042986813674,"NDUFB8/NDUFA7/NDUFC2/ATP5PO/MT-ATP6/TGFB1/HSPA1A/MT-ND3/PFKL/OGT/NME4/EP300/ZBTB7A/HK3/IMPDH2",15
"GO:0010721","negative regulation of cell development","9/342","205/12706",0.0439024390243902,1.63106546854942,1.51495544021204,0.102526327696939,0.395220092616622,0.342161529835316,"TGFB1/CD69/RARA/BTG2/ARHGAP4/RUNX1/QKI/PTEN/SORL1",9
"GO:0014037","Schwann cell differentiation","3/342","42/12706",0.0714285714285714,2.65371762740184,1.78534207250977,0.10301502151054,0.395220092616622,0.342161529835316,"PPP3R1/PLEC/RAF1",3
"GO:0015844","monoamine transport","3/342","42/12706",0.0714285714285714,2.65371762740184,1.78534207250977,0.10301502151054,0.395220092616622,0.342161529835316,"SYK/P2RX1/GRK2",3
"GO:0035196","miRNA processing","3/342","42/12706",0.0714285714285714,2.65371762740184,1.78534207250977,0.10301502151054,0.395220092616622,0.342161529835316,"TGFB1/ADAR/PUM1",3
"GO:0045948","positive regulation of translational initiation","3/342","42/12706",0.0714285714285714,2.65371762740184,1.78534207250977,0.10301502151054,0.395220092616622,0.342161529835316,"PPP1R15A/DDX3X/OGT",3
"GO:0048286","lung alveolus development","3/342","42/12706",0.0714285714285714,2.65371762740184,1.78534207250977,0.10301502151054,0.395220092616622,0.342161529835316,"TGFB1/HS6ST1/NKIRAS2",3
"GO:1900087","positive regulation of G1/S transition of mitotic cell cycle","3/342","42/12706",0.0714285714285714,2.65371762740184,1.78534207250977,0.10301502151054,0.395220092616622,0.342161529835316,"AIF1/DDX3X/EIF4G1",3
"GO:0046777","protein autophosphorylation","6/342","120/12706",0.05,1.85760233918129,1.56983354751857,0.105056991031313,0.40264786280348,0.348592116887644,"SMG1/HCK/FGR/PIM1/MVP/STK10",6
"GO:0002520","immune system development","8/342","177/12706",0.0451977401129944,1.67918855519212,1.51335103188621,0.10555693640806,0.404156568200851,0.349898277572486,"HLA-B/TGFB1/ADAR/PRKDC/JARID2/NFKBIZ/KMT2A/RAF1",8
"GO:0034767","positive regulation of monoatomic ion transmembrane transport","5/342","93/12706",0.0537634408602151,1.9974218700874,1.60558038017408,0.10575627858347,0.404512445849451,0.350206378407827,"CD4/P2RX1/FLNA/PPP3R1/CTSS",5
"GO:0070585","protein localization to mitochondrion","4/342","67/12706",0.0597014925373134,2.21803264379855,1.66249696707621,0.106084079106339,0.404951474660946,0.35058646730662,"TOMM6/TIMM10B/OXA1L/PAM16",4
"GO:1900076","regulation of cellular response to insulin stimulus","4/342","67/12706",0.0597014925373134,2.21803264379855,1.66249696707621,0.106084079106339,0.404951474660946,0.35058646730662,"CTSD/PTPRE/ATP2B1/SORL1",4
"GO:0000082","G1/S transition of mitotic cell cycle","9/342","207/12706",0.0434782608695652,1.61530638189677,1.48443042737178,0.107158100432808,0.406173546718288,0.351644475369774,"AIF1/DDX3X/PRKDC/ARID1A/DGKZ/SMARCA2/EIF4G1/ARID2/PTEN",9
"GO:0061572","actin filament bundle organization","7/342","149/12706",0.0469798657718121,1.74539817104282,1.52215682540468,0.107680785295745,0.406173546718288,0.351644475369774,"AIF1/CCDC88A/FLNA/PLEK/ARAP1/MARCKS/EVL",7
"GO:0098876","vesicle-mediated transport to the plasma membrane","7/342","149/12706",0.0469798657718121,1.74539817104282,1.52215682540468,0.107680785295745,0.406173546718288,0.351644475369774,"MACF1/RAB31/STXBP5/RABEP1/HGS/SORL1/SNX27",7
"GO:0016485","protein processing","8/342","178/12706",0.0449438202247191,1.66975491162363,1.49660063617886,0.108098617056185,0.406173546718288,0.351644475369774,"PARL/PLAUR/MYH9/OGT/RUNX1/CTSS/CTSH/SRGN",8
"GO:0030177","positive regulation of Wnt signaling pathway","6/342","121/12706",0.0495867768595041,1.84225025373351,1.54820375062565,0.108192195503795,0.406173546718288,0.351644475369774,"MACF1/DDX3X/TGFB1/USP34/UBR5/CSNK2A1",6
"GO:0002577","regulation of antigen processing and presentation","2/342","21/12706",0.0952380952380952,3.53829016986912,1.93609457912342,0.108519881664694,0.406173546718288,0.351644475369774,"CD68/CTSS",2
"GO:0034616","response to laminar fluid shear stress","2/342","21/12706",0.0952380952380952,3.53829016986912,1.93609457912342,0.108519881664694,0.406173546718288,0.351644475369774,"TGFB1/KLF2",2
"GO:0043371","negative regulation of CD4-positive, alpha-beta T cell differentiation","2/342","21/12706",0.0952380952380952,3.53829016986912,1.93609457912342,0.108519881664694,0.406173546718288,0.351644475369774,"CD69/RUNX1",2
"GO:0046641","positive regulation of alpha-beta T cell proliferation","2/342","21/12706",0.0952380952380952,3.53829016986912,1.93609457912342,0.108519881664694,0.406173546718288,0.351644475369774,"HLA-A/SYK",2
"GO:0050765","negative regulation of phagocytosis","2/342","21/12706",0.0952380952380952,3.53829016986912,1.93609457912342,0.108519881664694,0.406173546718288,0.351644475369774,"TGFB1/SIRPA",2
"GO:0051904","pigment granule transport","2/342","21/12706",0.0952380952380952,3.53829016986912,1.93609457912342,0.108519881664694,0.406173546718288,0.351644475369774,"DCTN1/RAB27A",2
"GO:0051905","establishment of pigment granule localization","2/342","21/12706",0.0952380952380952,3.53829016986912,1.93609457912342,0.108519881664694,0.406173546718288,0.351644475369774,"DCTN1/RAB27A",2
"GO:0060216","definitive hemopoiesis","2/342","21/12706",0.0952380952380952,3.53829016986912,1.93609457912342,0.108519881664694,0.406173546718288,0.351644475369774,"ADAR/KMT2A",2
"GO:0060479","lung cell differentiation","2/342","21/12706",0.0952380952380952,3.53829016986912,1.93609457912342,0.108519881664694,0.406173546718288,0.351644475369774,"KLF2/PPP3R1",2
"GO:0060487","lung epithelial cell differentiation","2/342","21/12706",0.0952380952380952,3.53829016986912,1.93609457912342,0.108519881664694,0.406173546718288,0.351644475369774,"KLF2/PPP3R1",2
"GO:0072540","T-helper 17 cell lineage commitment","2/342","21/12706",0.0952380952380952,3.53829016986912,1.93609457912342,0.108519881664694,0.406173546718288,0.351644475369774,"CD69/EP300",2
"GO:1905146","lysosomal protein catabolic process","2/342","21/12706",0.0952380952380952,3.53829016986912,1.93609457912342,0.108519881664694,0.406173546718288,0.351644475369774,"GRN/CTSH",2
"GO:0002686","negative regulation of leukocyte migration","3/342","43/12706",0.0697674418604651,2.59200326397389,1.73912487805073,0.108647684642951,0.406173546718288,0.351644475369774,"DUSP1/CD69/RIPOR2",3
"GO:0002715","regulation of natural killer cell mediated immunity","3/342","43/12706",0.0697674418604651,2.59200326397389,1.73912487805073,0.108647684642951,0.406173546718288,0.351644475369774,"HLA-B/HLA-A/TGFB1",3
"GO:0034405","response to fluid shear stress","3/342","43/12706",0.0697674418604651,2.59200326397389,1.73912487805073,0.108647684642951,0.406173546718288,0.351644475369774,"TGFB1/KLF2/PLEC",3
"GO:0051099","positive regulation of binding","3/342","43/12706",0.0697674418604651,2.59200326397389,1.73912487805073,0.108647684642951,0.406173546718288,0.351644475369774,"PLAUR/RARA/RIPOR2",3
"GO:0009137","purine nucleoside diphosphate catabolic process","5/342","94/12706",0.0531914893617021,1.97617270125669,1.57986323848457,0.109386440336226,0.406934683129481,0.352303428706744,"PFKL/OGT/EP300/ZBTB7A/HK3",5
"GO:0009181","purine ribonucleoside diphosphate catabolic process","5/342","94/12706",0.0531914893617021,1.97617270125669,1.57986323848457,0.109386440336226,0.406934683129481,0.352303428706744,"PFKL/OGT/EP300/ZBTB7A/HK3",5
"GO:0048144","fibroblast proliferation","5/342","94/12706",0.0531914893617021,1.97617270125669,1.57986323848457,0.109386440336226,0.406934683129481,0.352303428706744,"IFI30/JUN/TGFB1/SOD2/KMT2A",5
"GO:0051384","response to glucocorticoid","5/342","94/12706",0.0531914893617021,1.97617270125669,1.57986323848457,0.109386440336226,0.406934683129481,0.352303428706744,"FOS/DUSP1/TGFB1/MT-ND3/ZFP36",5
"GO:0051851","host-mediated perturbation of symbiont process","5/342","94/12706",0.0531914893617021,1.97617270125669,1.57986323848457,0.109386440336226,0.406934683129481,0.352303428706744,"LY6E/JUN/TARDBP/CHD1/EP300",5
"GO:0051402","neuron apoptotic process","10/342","238/12706",0.0420168067226891,1.5610103690599,1.45305435212183,0.109731474835978,0.407819225147985,0.353069220365389,"TMBIM4/EGLN2/MCL1/GRN/JUN/TGFB1/SOD2/BTG2/HIPK2/CPEB4",10
"GO:0048872","homeostasis of number of cells","13/342","330/12706",0.0393939393939394,1.46356547935495,1.41905358995268,0.109982574245302,0.40835326882875,0.353531568323459,"RPS17/TGFB1/ADAR/HSPA1A/PRKDC/KLF2/NFKBIZ/KMT2A/LYAR/ZBTB7A/HIPK2/ZFP36/TSC22D3",13
"GO:0006893","Golgi to plasma membrane transport","4/342","68/12706",0.0588235294117647,2.18541451668387,1.63007058935344,0.110464135852973,0.40871658946605,0.353846112921271,"MACF1/RAB31/STXBP5/RABEP1",4
"GO:1902373","negative regulation of mRNA catabolic process","4/342","68/12706",0.0588235294117647,2.18541451668387,1.63007058935344,0.110464135852973,0.40871658946605,0.353846112921271,"TARDBP/HNRNPD/QKI/ZFP36",4
"GO:1903578","regulation of ATP metabolic process","4/342","68/12706",0.0588235294117647,2.18541451668387,1.63007058935344,0.110464135852973,0.40871658946605,0.353846112921271,"NDUFC2/OGT/EP300/ZBTB7A",4
"GO:0006109","regulation of carbohydrate metabolic process","7/342","150/12706",0.0466666666666667,1.73376218323587,1.50347493009051,0.110510429766202,0.40871658946605,0.353846112921271,"TGFB1/CLTC/PLEK/OGT/RANBP2/EP300/ZBTB7A",7
"GO:0051235","maintenance of location","8/342","179/12706",0.0446927374301676,1.66042667189389,1.47995486473775,0.110673807310966,0.408923047032353,0.354024853420684,"CCDC88A/CD4/TGFB1/FLNA/CYBA/CALR/SORL1/SRGN",8
"GO:0071456","cellular response to hypoxia","6/342","122/12706",0.0491803278688525,1.82714984181766,1.52677711301836,0.111375225020047,0.411115150996328,0.355922665955735,"FOS/EGLN2/JUND/TGFB1/NOP53/HIPK2",6
"GO:0042542","response to hydrogen peroxide","5/342","95/12706",0.0526315789473684,1.95537088334872,1.55446135828729,0.113076631457924,0.416586582173474,0.360659553823875,"DUSP1/SOD2/KLF2/TOP2B/SIRPA",5
"GO:0072526","pyridine-containing compound catabolic process","5/342","95/12706",0.0526315789473684,1.95537088334872,1.55446135828729,0.113076631457924,0.416586582173474,0.360659553823875,"PFKL/OGT/EP300/ZBTB7A/HK3",5
"GO:0050850","positive regulation of calcium-mediated signaling","3/342","44/12706",0.0681818181818182,2.53309409888357,1.69420081043965,0.114396964644578,0.419375093462986,0.363073705600586,"SYK/CD4/PPP3R1",3
"GO:0070613","regulation of protein processing","3/342","44/12706",0.0681818181818182,2.53309409888357,1.69420081043965,0.114396964644578,0.419375093462986,0.363073705600586,"PLAUR/MYH9/RUNX1",3
"GO:0071168","protein localization to chromatin","3/342","44/12706",0.0681818181818182,2.53309409888357,1.69420081043965,0.114396964644578,0.419375093462986,0.363073705600586,"PRKDC/JARID2/EP300",3
"GO:1902459","positive regulation of stem cell population maintenance","3/342","44/12706",0.0681818181818182,2.53309409888357,1.69420081043965,0.114396964644578,0.419375093462986,0.363073705600586,"ARID1A/OGT/SMARCA2",3
"GO:0002687","positive regulation of leukocyte migration","6/342","123/12706",0.0487804878048781,1.81229496505491,1.50554974014388,0.114605660733309,0.419375093462986,0.363073705600586,"AIF1/SPN/TGFB1/DOCK8/CALR/RIPOR2",6
"GO:0044409","symbiont entry into host","6/342","123/12706",0.0487804878048781,1.81229496505491,1.50554974014388,0.114605660733309,0.419375093462986,0.363073705600586,"RNASEK/SELPLG/CD4/GRK2/HSPA1A/MYH9",6
"GO:0072655","establishment of protein localization to mitochondrion","6/342","123/12706",0.0487804878048781,1.81229496505491,1.50554974014388,0.114605660733309,0.419375093462986,0.363073705600586,"TOMM6/TIMM10B/PARL/OXA1L/HUWE1/PAM16",6
"GO:1903533","regulation of protein targeting","4/342","69/12706",0.0579710144927536,2.15374184252903,1.598203529878,0.114923798972605,0.420134888167156,0.363731497355602,"PARL/HUWE1/ITGAM/ITGB2",4
"GO:0044706","multi-multicellular organism process","7/342","152/12706",0.0460526315789474,1.71094952293013,1.46652809864376,0.11628723444977,0.420458144206795,0.364011356054887,"FOS/JUNB/GRN/P2RX1/TGFB1/RARA/CALR",7
"GO:0032231","regulation of actin filament bundle assembly","5/342","96/12706",0.0520833333333333,1.93500243664717,1.52936696646654,0.116826082315524,0.420458144206795,0.364011356054887,"CCDC88A/FLNA/PLEK/ARAP1/EVL",5
"GO:0043200","response to amino acid","5/342","96/12706",0.0520833333333333,1.93500243664717,1.52936696646654,0.116826082315524,0.420458144206795,0.364011356054887,"CYBA/MAT2A/HNRNPD/EP300/CPEB4",5
"GO:2001243","negative regulation of intrinsic apoptotic signaling pathway","5/342","96/12706",0.0520833333333333,1.93500243664717,1.52936696646654,0.116826082315524,0.420458144206795,0.364011356054887,"PARL/DDX3X/HSPA1A/SOD2/PLAUR",5
"GO:0000212","meiotic spindle organization","2/342","22/12706",0.0909090909090909,3.37745879851143,1.85616727917108,0.117334584693164,0.420458144206795,0.364011356054887,"MYH9/PTEN",2
"GO:0022011","myelination in peripheral nervous system","2/342","22/12706",0.0909090909090909,3.37745879851143,1.85616727917108,0.117334584693164,0.420458144206795,0.364011356054887,"PPP3R1/PLEC",2
"GO:0030878","thyroid gland development","2/342","22/12706",0.0909090909090909,3.37745879851143,1.85616727917108,0.117334584693164,0.420458144206795,0.364011356054887,"HIPK2/RAF1",2
"GO:0031076","embryonic camera-type eye development","2/342","22/12706",0.0909090909090909,3.37745879851143,1.85616727917108,0.117334584693164,0.420458144206795,0.364011356054887,"RARA/HIPK2",2
"GO:0032292","peripheral nervous system axon ensheathment","2/342","22/12706",0.0909090909090909,3.37745879851143,1.85616727917108,0.117334584693164,0.420458144206795,0.364011356054887,"PPP3R1/PLEC",2
"GO:0032400","melanosome localization","2/342","22/12706",0.0909090909090909,3.37745879851143,1.85616727917108,0.117334584693164,0.420458144206795,0.364011356054887,"DCTN1/RAB27A",2
"GO:0034453","microtubule anchoring","2/342","22/12706",0.0909090909090909,3.37745879851143,1.85616727917108,0.117334584693164,0.420458144206795,0.364011356054887,"CEP350/DCTN1",2
"GO:0034695","response to prostaglandin E","2/342","22/12706",0.0909090909090909,3.37745879851143,1.85616727917108,0.117334584693164,0.420458144206795,0.364011356054887,"GNB1/GNAQ",2
"GO:0035855","megakaryocyte development","2/342","22/12706",0.0909090909090909,3.37745879851143,1.85616727917108,0.117334584693164,0.420458144206795,0.364011356054887,"FLNA/EP300",2
"GO:0036296","response to increased oxygen levels","2/342","22/12706",0.0909090909090909,3.37745879851143,1.85616727917108,0.117334584693164,0.420458144206795,0.364011356054887,"MT-ATP6/SOD2",2
"GO:0050855","regulation of B cell receptor signaling pathway","2/342","22/12706",0.0909090909090909,3.37745879851143,1.85616727917108,0.117334584693164,0.420458144206795,0.364011356054887,"FOXP1/GPS2",2
"GO:0061436","establishment of skin barrier","2/342","22/12706",0.0909090909090909,3.37745879851143,1.85616727917108,0.117334584693164,0.420458144206795,0.364011356054887,"NFKBIZ/PLEC",2
"GO:0070168","negative regulation of biomineral tissue development","2/342","22/12706",0.0909090909090909,3.37745879851143,1.85616727917108,0.117334584693164,0.420458144206795,0.364011356054887,"TGFB1/SRGN",2
"GO:0090314","positive regulation of protein targeting to membrane","2/342","22/12706",0.0909090909090909,3.37745879851143,1.85616727917108,0.117334584693164,0.420458144206795,0.364011356054887,"ITGAM/ITGB2",2
"GO:0098581","detection of external biotic stimulus","2/342","22/12706",0.0909090909090909,3.37745879851143,1.85616727917108,0.117334584693164,0.420458144206795,0.364011356054887,"HLA-B/HLA-A",2
"GO:0140112","extracellular vesicle biogenesis","2/342","22/12706",0.0909090909090909,3.37745879851143,1.85616727917108,0.117334584693164,0.420458144206795,0.364011356054887,"HGS/RAB27A",2
"GO:2000209","regulation of anoikis","2/342","22/12706",0.0909090909090909,3.37745879851143,1.85616727917108,0.117334584693164,0.420458144206795,0.364011356054887,"TLE5/MCL1",2
"GO:0045861","negative regulation of proteolysis","6/342","124/12706",0.0483870967741935,1.79767968307866,1.48451784458813,0.117883062837696,0.422025804998982,0.365368557333208,"CSNK2B/NOP53/OGT/CSNK2A1/TIMP2/HIPK2",6
"GO:0050851","antigen receptor-mediated signaling pathway","8/342","182/12706",0.043956043956044,1.63305700147805,1.43063178720032,0.118598777582072,0.424188666384796,0.36724105312585,"HLA-A/FYB1/SYK/FOXP1/DGKZ/GPS2/NFKBIZ/NFKBIA",8
"GO:0010563","negative regulation of phosphorus metabolic process","7/342","153/12706",0.0457516339869281,1.69976684630967,1.4482588900424,0.119233852078623,0.424478980973186,0.367492392785833,"DUSP1/ADAR/TARDBP/PRKDC/PLEK/PTEN/MVP",7
"GO:0045936","negative regulation of phosphate metabolic process","7/342","153/12706",0.0457516339869281,1.69976684630967,1.4482588900424,0.119233852078623,0.424478980973186,0.367492392785833,"DUSP1/ADAR/TARDBP/PRKDC/PLEK/PTEN/MVP",7
"GO:0001892","embryonic placenta development","4/342","70/12706",0.0571428571428571,2.12297410192147,1.56687676883615,0.119461470184458,0.424478980973186,0.367492392785833,"JUNB/BPTF/BIRC6/HS6ST1",4
"GO:0044773","mitotic DNA damage checkpoint signaling","4/342","70/12706",0.0571428571428571,2.12297410192147,1.56687676883615,0.119461470184458,0.424478980973186,0.367492392785833,"PRKDC/NOP53/DGKZ/TAOK1",4
"GO:0044788","host-mediated perturbation of viral process","4/342","70/12706",0.0571428571428571,2.12297410192147,1.56687676883615,0.119461470184458,0.424478980973186,0.367492392785833,"JUN/TARDBP/CHD1/EP300",4
"GO:0050830","defense response to Gram-positive bacterium","4/342","70/12706",0.0571428571428571,2.12297410192147,1.56687676883615,0.119461470184458,0.424478980973186,0.367492392785833,"HLA-A/HCK/FGR/ACP5",4
"GO:0051928","positive regulation of calcium ion transport","4/342","70/12706",0.0571428571428571,2.12297410192147,1.56687676883615,0.119461470184458,0.424478980973186,0.367492392785833,"CD4/P2RX1/PPP3R1/ATP2B1",4
"GO:0006111","regulation of gluconeogenesis","3/342","45/12706",0.0666666666666667,2.47680311890838,1.65050081418765,0.120258764496106,0.426514759901302,0.369254867026045,"OGT/RANBP2/EP300",3
"GO:0072583","clathrin-dependent endocytosis","3/342","45/12706",0.0666666666666667,2.47680311890838,1.65050081418765,0.120258764496106,0.426514759901302,0.369254867026045,"AAK1/CLTC/PICALM",3
"GO:0009191","ribonucleoside diphosphate catabolic process","5/342","97/12706",0.0515463917525773,1.91505395791885,1.50457256388621,0.120633992700685,0.427048827046557,0.369717235298481,"PFKL/OGT/EP300/ZBTB7A/HK3",5
"GO:0042147","retrograde transport, endosome to Golgi","5/342","97/12706",0.0515463917525773,1.91505395791885,1.50457256388621,0.120633992700685,0.427048827046557,0.369717235298481,"RAB4B/STX10/CLTC/DCTN1/SORL1",5
"GO:0002705","positive regulation of leukocyte mediated immunity","6/342","125/12706",0.048,1.78329824561404,1.4636777422715,0.121206971078706,0.427485068683896,0.370094911203119,"HLA-DRA/HLA-B/HLA-A/TGFB1/ITGAM/ITGB2",6
"GO:0007266","Rho protein signal transduction","6/342","125/12706",0.048,1.78329824561404,1.4636777422715,0.121206971078706,0.427485068683896,0.370094911203119,"AKAP13/DOCK8/MYO9B/ARHGAP4/RIPOR2/RAF1",6
"GO:0008064","regulation of actin polymerization or depolymerization","6/342","125/12706",0.048,1.78329824561404,1.4636777422715,0.121206971078706,0.427485068683896,0.370094911203119,"PLEK/HCK/PREX1/SSH2/EVL/ARFGEF1",6
"GO:0039531","regulation of cytoplasmic pattern recognition receptor signaling pathway","6/342","125/12706",0.048,1.78329824561404,1.4636777422715,0.121206971078706,0.427485068683896,0.370094911203119,"DDX3X/HSPA1A/PRKDC/NOP53/OGT/PUM1",6
"GO:0050878","regulation of body fluid levels","12/342","305/12706",0.039344262295082,1.46171987345413,1.35744119057075,0.122008873299728,0.429914491460208,0.372198182340616,"VKORC1/SYK/P2RX1/FLNA/PLAUR/GNAQ/PLEK/CYBA/CD59/MYH9/DGKZ/RAB27A",12
"GO:0034284","response to monosaccharide","7/342","154/12706",0.0454545454545455,1.68872939925572,1.4301230499472,0.122218894248648,0.43025577401237,0.372493647481016,"TGFB1/SOD2/RBM4/PFKL/CYBA/OGT/RAF1",7
"GO:0042176","regulation of protein catabolic process","13/342","337/12706",0.0385756676557863,1.43316500945737,1.34036140107502,0.123501181802267,0.433852168960791,0.375607223993021,"CSNK2B/EGLN2/HSPA1A/NOP53/FLNA/MYCBP2/XPO1/OGT/CSNK2A1/TIMP2/HECTD1/HGS/SORL1",13
"GO:0002752","cell surface pattern recognition receptor signaling pathway","4/342","71/12706",0.0563380281690141,2.09307305823244,1.53607220530884,0.124075507830317,0.433852168960791,0.375607223993021,"SYK/CYBA/NFKBIA/NINJ1",4
"GO:1904892","regulation of receptor signaling pathway via STAT","4/342","71/12706",0.0563380281690141,2.09307305823244,1.53607220530884,0.124075507830317,0.433852168960791,0.375607223993021,"IL10RB/TGFB1/EP300/HGS",4
"GO:0009615","response to virus","14/342","369/12706",0.037940379403794,1.40956275059827,1.32785221164897,0.124388856913046,0.433852168960791,0.375607223993021,"PSMA2/EEF1G/IL10RB/DDX17/SPN/DDX3X/TGFB1/ADAR/UBE2W/CALR/IL17RA/LYST/FGR/IRF9",14
"GO:0002688","regulation of leukocyte chemotaxis","5/342","98/12706",0.0510204081632653,1.89551259100131,1.48007091296193,0.12449953301361,0.433852168960791,0.375607223993021,"AIF1/DUSP1/CALR/NINJ1/RIPOR2",5
"GO:0009134","nucleoside diphosphate catabolic process","5/342","98/12706",0.0510204081632653,1.89551259100131,1.48007091296193,0.12449953301361,0.433852168960791,0.375607223993021,"PFKL/OGT/EP300/ZBTB7A/HK3",5
"GO:0046031","ADP metabolic process","5/342","98/12706",0.0510204081632653,1.89551259100131,1.48007091296193,0.12449953301361,0.433852168960791,0.375607223993021,"PFKL/OGT/EP300/ZBTB7A/HK3",5
"GO:0030832","regulation of actin filament length","6/342","126/12706",0.0476190476190476,1.76914508493456,1.44302584880938,0.124576905272727,0.433852168960791,0.375607223993021,"PLEK/HCK/PREX1/SSH2/EVL/ARFGEF1",6
"GO:1903038","negative regulation of leukocyte cell-cell adhesion","6/342","126/12706",0.0476190476190476,1.76914508493456,1.44302584880938,0.124576905272727,0.433852168960791,0.375607223993021,"SPN/TGFB1/CD69/PAG1/RUNX1/RIPOR2",6
"GO:0042771","intrinsic apoptotic signaling pathway in response to DNA damage by p53 class mediator","3/342","46/12706",0.0652173913043478,2.42295957284516,1.60796101180903,0.126228955688752,0.433852168960791,0.375607223993021,"RPL26/EP300/HIPK2",3
"GO:0071384","cellular response to corticosteroid stimulus","3/342","46/12706",0.0652173913043478,2.42295957284516,1.60796101180903,0.126228955688752,0.433852168960791,0.375607223993021,"TGFB1/MT-ND3/ZFP36",3
"GO:0140719","constitutive heterochromatin formation","3/342","46/12706",0.0652173913043478,2.42295957284516,1.60796101180903,0.126228955688752,0.433852168960791,0.375607223993021,"KMT2A/ATF7IP/CTCF",3
"GO:1902895","positive regulation of miRNA transcription","3/342","46/12706",0.0652173913043478,2.42295957284516,1.60796101180903,0.126228955688752,0.433852168960791,0.375607223993021,"FOS/JUN/TGFB1",3
"GO:0006007","glucose catabolic process","2/342","23/12706",0.0869565217391304,3.23061276379354,1.7807296675723,0.12632150211457,0.433852168960791,0.375607223993021,"PFKL/HK3",2
"GO:0007042","lysosomal lumen acidification","2/342","23/12706",0.0869565217391304,3.23061276379354,1.7807296675723,0.12632150211457,0.433852168960791,0.375607223993021,"RNASEK/GRN",2
"GO:0031167","rRNA methylation","2/342","23/12706",0.0869565217391304,3.23061276379354,1.7807296675723,0.12632150211457,0.433852168960791,0.375607223993021,"FBL/EMG1",2
"GO:0032212","positive regulation of telomere maintenance via telomerase","2/342","23/12706",0.0869565217391304,3.23061276379354,1.7807296675723,0.12632150211457,0.433852168960791,0.375607223993021,"HNRNPA1/HNRNPD",2
"GO:0035640","exploration behavior","2/342","23/12706",0.0869565217391304,3.23061276379354,1.7807296675723,0.12632150211457,0.433852168960791,0.375607223993021,"GRN/KMT2A",2
"GO:0043249","erythrocyte maturation","2/342","23/12706",0.0869565217391304,3.23061276379354,1.7807296675723,0.12632150211457,0.433852168960791,0.375607223993021,"KLF2/ZBTB7A",2
"GO:0046039","GTP metabolic process","2/342","23/12706",0.0869565217391304,3.23061276379354,1.7807296675723,0.12632150211457,0.433852168960791,0.375607223993021,"NME4/IMPDH2",2
"GO:0046639","negative regulation of alpha-beta T cell differentiation","2/342","23/12706",0.0869565217391304,3.23061276379354,1.7807296675723,0.12632150211457,0.433852168960791,0.375607223993021,"CD69/RUNX1",2
"GO:0051875","pigment granule localization","2/342","23/12706",0.0869565217391304,3.23061276379354,1.7807296675723,0.12632150211457,0.433852168960791,0.375607223993021,"DCTN1/RAB27A",2
"GO:0060586","multicellular organismal-level iron ion homeostasis","2/342","23/12706",0.0869565217391304,3.23061276379354,1.7807296675723,0.12632150211457,0.433852168960791,0.375607223993021,"SOD2/PICALM",2
"GO:0061615","glycolytic process through fructose-6-phosphate","2/342","23/12706",0.0869565217391304,3.23061276379354,1.7807296675723,0.12632150211457,0.433852168960791,0.375607223993021,"PFKL/HK3",2
"GO:0070233","negative regulation of T cell apoptotic process","2/342","23/12706",0.0869565217391304,3.23061276379354,1.7807296675723,0.12632150211457,0.433852168960791,0.375607223993021,"DOCK8/TSC22D3",2
"GO:0110154","RNA decapping","2/342","23/12706",0.0869565217391304,3.23061276379354,1.7807296675723,0.12632150211457,0.433852168960791,0.375607223993021,"CSNK2A1/ZFP36",2
"GO:1901673","regulation of mitotic spindle assembly","2/342","23/12706",0.0869565217391304,3.23061276379354,1.7807296675723,0.12632150211457,0.433852168960791,0.375607223993021,"HSPA1A/RIPOR2",2
"GO:1901987","regulation of cell cycle phase transition","15/342","402/12706",0.0373134328358209,1.38627040237409,1.30888709813026,0.126642141343494,0.434560849628125,0.376220763804964,"AIF1/DUSP1/PAGR1/DDX3X/TGFB1/PRKDC/NOP53/ARID1A/DGKZ/TAOK1/SMARCA2/EIF4G1/CSNK2A1/ARID2/PTEN",15
"GO:1901342","regulation of vasculature development","10/342","246/12706",0.040650406504065,1.51024580421243,1.34402969486211,0.128242486584514,0.438294305563514,0.379453000774415,"GRN/TGFB1/GTF2I/KLF2/RUNX1/HIPK2/QKI/NINJ1/HGS/ITGB2",10
"GO:0009314","response to radiation","14/342","371/12706",0.0377358490566038,1.40196402957078,1.30684914681473,0.128251006186855,0.438294305563514,0.379453000774415,"CRIP1/RPL26/FOS/DUSP1/JUND/TGFB1/SOD2/PRKDC/RBM4/MT-ND3/GNAQ/CYBA/KMT2A/EP300",14
"GO:0016052","carbohydrate catabolic process","7/342","156/12706",0.0448717948717949,1.66707902234218,1.39424343871928,0.128303011263522,0.438294305563514,0.379453000774415,"MAN2B1/MANBA/PFKL/OGT/EP300/ZBTB7A/HK3",7
"GO:1903530","regulation of secretion by cell","16/342","435/12706",0.0367816091954023,1.36651206560462,1.29364113327775,0.128382484537283,0.438294305563514,0.379453000774415,"IER3IP1/STXBP2/SYK/CD84/P2RX1/TGFB1/GRK2/TARDBP/PFKL/RAB11FIP1/STXBP5/FGR/ITGAM/HGS/RAB27A/ITGB2",16
"GO:0018108","peptidyl-tyrosine phosphorylation","5/342","99/12706",0.0505050505050505,1.87636599917302,1.45585502591876,0.128421845449173,0.438294305563514,0.379453000774415,"SYK/HCK/FGR/MVP/ITGB2",5
"GO:0050768","negative regulation of neurogenesis","5/342","99/12706",0.0505050505050505,1.87636599917302,1.45585502591876,0.128421845449173,0.438294305563514,0.379453000774415,"TGFB1/BTG2/ARHGAP4/PTEN/SORL1",5
"GO:0002200","somatic diversification of immune receptors","4/342","72/12706",0.0555555555555556,2.06400259909032,1.50577260040798,0.128764229967831,0.439068701648157,0.380123433664771,"TGFB1/ADAR/PRKDC/NFKBIZ",4
"GO:0000070","mitotic sister chromatid segregation","8/342","186/12706",0.043010752688172,1.59793749606992,1.36625255036336,0.129623593670366,0.441602959798146,0.382317465956644,"DUSP1/HSPA1A/FLNA/EML4/NUMA1/STAG1/BAZ1B/RIPOR2",8
"GO:0050920","regulation of chemotaxis","7/342","157/12706",0.0445859872611465,1.65646068462026,1.37649575822835,0.131401431558033,0.447258946090994,0.387214132292295,"AIF1/DUSP1/TGFB1/MYCBP2/CALR/NINJ1/RIPOR2",7
"GO:0001881","receptor recycling","3/342","47/12706",0.0638297872340425,2.37140724150803,1.56652221099608,0.132303387294187,0.447851398387711,0.387727047470409,"CTSD/ARAP1/SORL1",3
"GO:0002762","negative regulation of myeloid leukocyte differentiation","3/342","47/12706",0.0638297872340425,2.37140724150803,1.56652221099608,0.132303387294187,0.447851398387711,0.387727047470409,"RARA/RUNX1/QKI",3
"GO:0043627","response to estrogen","3/342","47/12706",0.0638297872340425,2.37140724150803,1.56652221099608,0.132303387294187,0.447851398387711,0.387727047470409,"ARPC1B/RARA/EP300",3
"GO:0045947","negative regulation of translational initiation","3/342","47/12706",0.0638297872340425,2.37140724150803,1.56652221099608,0.132303387294187,0.447851398387711,0.387727047470409,"RBM4/OGT/CSNK2A1",3
"GO:2000242","negative regulation of reproductive process","3/342","47/12706",0.0638297872340425,2.37140724150803,1.56652221099608,0.132303387294187,0.447851398387711,0.387727047470409,"DUSP1/MYH9/CALR",3
"GO:0018212","peptidyl-tyrosine modification","5/342","100/12706",0.05,1.85760233918129,1.43191815369019,0.132400045183532,0.447851398387711,0.387727047470409,"SYK/HCK/FGR/MVP/ITGB2",5
"GO:0070555","response to interleukin-1","5/342","100/12706",0.05,1.85760233918129,1.43191815369019,0.132400045183532,0.447851398387711,0.387727047470409,"TLE5/KLF2/CYBA/SIRPA/NFKBIA",5
"GO:0016197","endosomal transport","11/342","279/12706",0.039426523297491,1.4647760380641,1.30552012658041,0.133248281925283,0.449920042522136,0.389517974740917,"RAB5C/RAB4B/STX10/CLTC/PICALM/DCTN1/LYST/HGS/AP3D1/SORL1/SNX27",11
"GO:0070482","response to oxygen levels","11/342","279/12706",0.039426523297491,1.4647760380641,1.30552012658041,0.133248281925283,0.449920042522136,0.389517974740917,"FOS/EGLN2/MT-ATP6/JUND/TGFB1/SOD2/NOP53/CYBA/EP300/HIPK2/CPEB4",11
"GO:0043112","receptor metabolic process","4/342","73/12706",0.0547945205479452,2.0357285908836,1.47596152467492,0.133525917400877,0.450457442731262,0.389983228611162,"CTSD/TGFB1/ARAP1/SORL1",4
"GO:0050670","regulation of lymphocyte proliferation","9/342","218/12706",0.0412844036697248,1.5338000965717,1.32215185701461,0.134687494652051,0.451432557442726,0.390827433517928,"LST1/HLA-A/AIF1/SPN/HLA-DPA1/SYK/CD4/TGFB1/RIPOR2",9
"GO:0051259","protein complex oligomerization","9/342","218/12706",0.0412844036697248,1.5338000965717,1.32215185701461,0.134687494652051,0.451432557442726,0.390827433517928,"SOD2/OXA1L/BASP1/MAT2A/NME4/EP300/EVL/NINJ1/KCTD12",9
"GO:0050792","regulation of viral process","6/342","129/12706",0.0465116279069767,1.72800217598259,1.38216500101287,0.134957773931888,0.451432557442726,0.390827433517928,"CSNK2B/CD4/DDX3X/ADAR/TOP2B/ZFP36",6
"GO:0007039","protein catabolic process in the vacuole","2/342","24/12706",0.0833333333333333,3.09600389863548,1.70932530524466,0.135465047876777,0.451432557442726,0.390827433517928,"GRN/CTSH",2
"GO:0009268","response to pH","2/342","24/12706",0.0833333333333333,3.09600389863548,1.70932530524466,0.135465047876777,0.451432557442726,0.390827433517928,"GNAQ/CTSS",2
"GO:0009649","entrainment of circadian clock","2/342","24/12706",0.0833333333333333,3.09600389863548,1.70932530524466,0.135465047876777,0.451432557442726,0.390827433517928,"RBM4/GNAQ",2
"GO:0030212","hyaluronan metabolic process","2/342","24/12706",0.0833333333333333,3.09600389863548,1.70932530524466,0.135465047876777,0.451432557442726,0.390827433517928,"TGFB1/CLTC",2
"GO:0044346","fibroblast apoptotic process","2/342","24/12706",0.0833333333333333,3.09600389863548,1.70932530524466,0.135465047876777,0.451432557442726,0.390827433517928,"IER3IP1/CHD8",2
"GO:0051491","positive regulation of filopodium assembly","2/342","24/12706",0.0833333333333333,3.09600389863548,1.70932530524466,0.135465047876777,0.451432557442726,0.390827433517928,"ARAP1/RIPOR2",2
"GO:0071459","protein localization to chromosome, centromeric region","2/342","24/12706",0.0833333333333333,3.09600389863548,1.70932530524466,0.135465047876777,0.451432557442726,0.390827433517928,"JARID2/CTCF",2
"GO:0090183","regulation of kidney development","2/342","24/12706",0.0833333333333333,3.09600389863548,1.70932530524466,0.135465047876777,0.451432557442726,0.390827433517928,"TGFB1/BASP1",2
"GO:0099558","maintenance of synapse structure","2/342","24/12706",0.0833333333333333,3.09600389863548,1.70932530524466,0.135465047876777,0.451432557442726,0.390827433517928,"GRN/DCTN1",2
"GO:1902042","negative regulation of extrinsic apoptotic signaling pathway via death domain receptors","2/342","24/12706",0.0833333333333333,3.09600389863548,1.70932530524466,0.135465047876777,0.451432557442726,0.390827433517928,"DDX3X/RAF1",2
"GO:0045787","positive regulation of cell cycle","11/342","280/12706",0.0392857142857143,1.45954469507101,1.29318895766365,0.135576398820085,0.451432557442726,0.390827433517928,"AIF1/PAGR1/DDX3X/TGFB1/DYNC1H1/CCPG1/RARA/CALR/EIF4G1/NUMA1/PIM1",11
"GO:0042113","B cell activation","10/342","249/12706",0.0401606425702811,1.49205007163156,1.30413674070732,0.135595997001471,0.451432557442726,0.390827433517928,"IL2RG/SYK/TGFB1/IRF2BP2/PRKDC/GPS2/TOP2B/NFKBIZ/EP300/ZBTB7A",10
"GO:0016032","viral process","13/342","343/12706",0.0379008746355685,1.40809506760098,1.27428731725014,0.135812825657637,0.451758847900558,0.391109919262727,"RNASEK/CSNK2B/SELPLG/CD4/JUN/DDX3X/GRK2/ADAR/HSPA1A/EIF3A/MYH9/TOP2B/ZFP36",13
"GO:0010507","negative regulation of autophagy","5/342","101/12706",0.0495049504950495,1.83921023681316,1.40825377541723,0.1364332215596,0.452239850365822,0.391526346824088,"MCL1/SYK/EIF4G1/EP300/QSOX1",5
"GO:0033045","regulation of sister chromatid segregation","5/342","101/12706",0.0495049504950495,1.83921023681316,1.40825377541723,0.1364332215596,0.452239850365822,0.391526346824088,"DUSP1/ARID1A/SMARCA2/NUMA1/ARID2",5
"GO:0034502","protein localization to chromosome","5/342","101/12706",0.0495049504950495,1.83921023681316,1.40825377541723,0.1364332215596,0.452239850365822,0.391526346824088,"PRKDC/JARID2/CSNK2A1/EP300/CTCF",5
"GO:0035821","modulation of process of another organism","5/342","101/12706",0.0495049504950495,1.83921023681316,1.40825377541723,0.1364332215596,0.452239850365822,0.391526346824088,"LY6E/JUN/TARDBP/CHD1/EP300",5
"GO:0019827","stem cell population maintenance","7/342","159/12706",0.0440251572327044,1.63562470116591,1.34137518809566,0.137709259984487,0.453873236826463,0.392940450055746,"ARID1A/ZC3H13/OGT/CNOT1/SMARCA2/WDR43/RAF1",7
"GO:0048284","organelle fusion","7/342","159/12706",0.0440251572327044,1.63562470116591,1.34137518809566,0.137709259984487,0.453873236826463,0.392940450055746,"PARL/MCL1/RAB4B/STX10/GOSR2/HUWE1/TRABD",7
"GO:0051258","protein polymerization","10/342","250/12706",0.04,1.48608187134503,1.29095474527935,0.138096116029534,0.453873236826463,0.392940450055746,"ARPC4/AIF1/HSPA1A/HCK/DCTN1/PREX1/NUMA1/SSH2/EVL/ARFGEF1",10
"GO:0043489","RNA stabilization","4/342","74/12706",0.0540540540540541,2.00821874506085,1.44662330936759,0.138358816644601,0.453873236826463,0.392940450055746,"TARDBP/HNRNPD/QKI/ZFP36",4
"GO:0044774","mitotic DNA integrity checkpoint signaling","4/342","74/12706",0.0540540540540541,2.00821874506085,1.44662330936759,0.138358816644601,0.453873236826463,0.392940450055746,"PRKDC/NOP53/DGKZ/TAOK1",4
"GO:0048640","negative regulation of developmental growth","4/342","74/12706",0.0540540540540541,2.00821874506085,1.44662330936759,0.138358816644601,0.453873236826463,0.392940450055746,"FOXP1/JARID2/ARHGAP4/PTEN",4
"GO:0090307","mitotic spindle assembly","4/342","74/12706",0.0540540540540541,2.00821874506085,1.44662330936759,0.138358816644601,0.453873236826463,0.392940450055746,"HSPA1A/FLNA/STAG1/RIPOR2",4
"GO:0141060","disruption of anatomical structure in another organism","4/342","74/12706",0.0540540540540541,2.00821874506085,1.44662330936759,0.138358816644601,0.453873236826463,0.392940450055746,"CSNK2B/CSNK2A1/PIM1/NINJ1",4
"GO:0006110","regulation of glycolytic process","3/342","48/12706",0.0625,2.32200292397661,1.52612946815186,0.138477894455207,0.453873236826463,0.392940450055746,"OGT/EP300/ZBTB7A",3
"GO:0030811","regulation of nucleotide catabolic process","3/342","48/12706",0.0625,2.32200292397661,1.52612946815186,0.138477894455207,0.453873236826463,0.392940450055746,"OGT/EP300/ZBTB7A",3
"GO:0033121","regulation of purine nucleotide catabolic process","3/342","48/12706",0.0625,2.32200292397661,1.52612946815186,0.138477894455207,0.453873236826463,0.392940450055746,"OGT/EP300/ZBTB7A",3
"GO:0071985","multivesicular body sorting pathway","3/342","48/12706",0.0625,2.32200292397661,1.52612946815186,0.138477894455207,0.453873236826463,0.392940450055746,"LYST/HGS/RAB27A",3
"GO:1903317","regulation of protein maturation","3/342","48/12706",0.0625,2.32200292397661,1.52612946815186,0.138477894455207,0.453873236826463,0.392940450055746,"PLAUR/MYH9/RUNX1",3
"GO:0009117","nucleotide metabolic process","16/342","441/12706",0.036281179138322,1.34792006471204,1.23676128952357,0.139422976796355,0.456577224616486,0.395281425669523,"NDUFB8/NDUFA7/NDUFC2/ATP5PO/MT-ATP6/TGFB1/TYMP/HSPA1A/MT-ND3/PFKL/OGT/NME4/EP300/ZBTB7A/HK3/IMPDH2",16
"GO:0022604","regulation of cell morphogenesis","9/342","220/12706",0.0409090909090909,1.51985645933014,1.29361192136109,0.140057113525178,0.457805235735742,0.396344575471542,"SEPTIN7/LST1/MACF1/PRKDC/MYH9/HCK/ARAP1/FGR/ITGB2",9
"GO:1903050","regulation of proteolysis involved in protein catabolic process","9/342","220/12706",0.0409090909090909,1.51985645933014,1.29361192136109,0.140057113525178,0.457805235735742,0.396344575471542,"CSNK2B/HSPA1A/NOP53/XPO1/OGT/CSNK2A1/HIPK2/HECTD1/PTEN",9
"GO:0007178","cell surface receptor protein serine/threonine kinase signaling pathway","11/342","282/12706",0.0390070921985816,1.4491933142549,1.2686680593229,0.140298263058931,0.457805235735742,0.396344575471542,"CSNK2B/FOS/JUN/TGFB1/HSPA1A/OGT/NUMA1/EP300/ZBTB7A/HIPK2/SORL1",11
"GO:0035150","regulation of tube size","5/342","102/12706",0.0490196078431373,1.82117876390322,1.38485558850966,0.140520439269755,0.457805235735742,0.396344575471542,"P2RX1/SOD2/KLF2/SCPEP1/ATP2B1",5
"GO:0035296","regulation of tube diameter","5/342","102/12706",0.0490196078431373,1.82117876390322,1.38485558850966,0.140520439269755,0.457805235735742,0.396344575471542,"P2RX1/SOD2/KLF2/SCPEP1/ATP2B1",5
"GO:0097746","blood vessel diameter maintenance","5/342","102/12706",0.0490196078431373,1.82117876390322,1.38485558850966,0.140520439269755,0.457805235735742,0.396344575471542,"P2RX1/SOD2/KLF2/SCPEP1/ATP2B1",5
"GO:0034614","cellular response to reactive oxygen species","6/342","131/12706",0.0458015267175573,1.70162046337217,1.34247061282302,0.142098831151541,0.461695314296682,0.399712408373909,"FOS/FOXP1/SOD2/KLF2/TOP2B/SIRPA",6
"GO:0032944","regulation of mononuclear cell proliferation","9/342","221/12706",0.0407239819004525,1.51297928078114,1.27944781614335,0.142782739206951,0.461695314296682,0.399712408373909,"LST1/HLA-A/AIF1/SPN/HLA-DPA1/SYK/CD4/TGFB1/RIPOR2",9
"GO:0006140","regulation of nucleotide metabolic process","4/342","75/12706",0.0533333333333333,1.98144249512671,1.41774300130026,0.143261142823113,0.461695314296682,0.399712408373909,"NDUFC2/OGT/EP300/ZBTB7A",4
"GO:0033077","T cell differentiation in thymus","4/342","75/12706",0.0533333333333333,1.98144249512671,1.41774300130026,0.143261142823113,0.461695314296682,0.399712408373909,"IL2RG/SPN/PRKDC/NFATC3",4
"GO:0070227","lymphocyte apoptotic process","4/342","75/12706",0.0533333333333333,1.98144249512671,1.41774300130026,0.143261142823113,0.461695314296682,0.399712408373909,"FOXP1/DOCK8/NFKBIZ/TSC22D3",4
"GO:1900542","regulation of purine nucleotide metabolic process","4/342","75/12706",0.0533333333333333,1.98144249512671,1.41774300130026,0.143261142823113,0.461695314296682,0.399712408373909,"NDUFC2/OGT/EP300/ZBTB7A",4
"GO:0051897","positive regulation of phosphatidylinositol 3-kinase/protein kinase B signal transduction","7/342","161/12706",0.0434782608695652,1.61530638189677,1.30674219347586,0.144162608571712,0.461695314296682,0.399712408373909,"CCDC88A/TGFB1/CPNE1/MAZ/EP300/FGR/ARFGEF1",7
"GO:0008637","apoptotic mitochondrial changes","5/342","103/12706",0.0485436893203883,1.80349741668086,1.36171749923395,0.144660739534289,0.461695314296682,0.399712408373909,"PARL/MCL1/HSPA1A/SOD2/PLAUR",5
"GO:0030048","actin filament-based movement","5/342","103/12706",0.0485436893203883,1.80349741668086,1.36171749923395,0.144660739534289,0.461695314296682,0.399712408373909,"FLNA/MYO9B/MYH9/QKI/MYO1G",5
"GO:0046683","response to organophosphorus","5/342","103/12706",0.0485436893203883,1.80349741668086,1.36171749923395,0.144660739534289,0.461695314296682,0.399712408373909,"ATP5PO/FOS/DUSP1/P2RX1/TOP2B",5
"GO:0051961","negative regulation of nervous system development","5/342","103/12706",0.0485436893203883,1.80349741668086,1.36171749923395,0.144660739534289,0.461695314296682,0.399712408373909,"TGFB1/BTG2/ARHGAP4/PTEN/SORL1",5
"GO:1901989","positive regulation of cell cycle phase transition","5/342","103/12706",0.0485436893203883,1.80349741668086,1.36171749923395,0.144660739534289,0.461695314296682,0.399712408373909,"AIF1/PAGR1/DDX3X/TGFB1/EIF4G1",5
"GO:0045453","bone resorption","3/342","49/12706",0.0612244897959184,2.27461510920158,1.48673170080387,0.14474830632465,0.461695314296682,0.399712408373909,"SYK/ARAP1/ACP5",3
"GO:0045646","regulation of erythrocyte differentiation","3/342","49/12706",0.0612244897959184,2.27461510920158,1.48673170080387,0.14474830632465,0.461695314296682,0.399712408373909,"HSPA1A/PRKDC/ZFP36",3
"GO:0051149","positive regulation of muscle cell differentiation","3/342","49/12706",0.0612244897959184,2.27461510920158,1.48673170080387,0.14474830632465,0.461695314296682,0.399712408373909,"TGFB1/SOD2/RBM4",3
"GO:0070050","neuron cellular homeostasis","3/342","49/12706",0.0612244897959184,2.27461510920158,1.48673170080387,0.14474830632465,0.461695314296682,0.399712408373909,"P2RX1/TAOK1/DCTN1",3
"GO:0001783","B cell apoptotic process","2/342","25/12706",0.08,2.97216374269006,1.64156132954133,0.14475034577634,0.461695314296682,0.399712408373909,"FOXP1/NFKBIZ",2
"GO:0002507","tolerance induction","2/342","25/12706",0.08,2.97216374269006,1.64156132954133,0.14475034577634,0.461695314296682,0.399712408373909,"HLA-B/TGFB1",2
"GO:0006024","glycosaminoglycan biosynthetic process","2/342","25/12706",0.08,2.97216374269006,1.64156132954133,0.14475034577634,0.461695314296682,0.399712408373909,"TGFB1/CLTC",2
"GO:0032369","negative regulation of lipid transport","2/342","25/12706",0.08,2.97216374269006,1.64156132954133,0.14475034577634,0.461695314296682,0.399712408373909,"NFKBIA/APOC2",2
"GO:0036037","CD8-positive, alpha-beta T cell activation","2/342","25/12706",0.08,2.97216374269006,1.64156132954133,0.14475034577634,0.461695314296682,0.399712408373909,"HLA-A/RUNX1",2
"GO:0039529","RIG-I signaling pathway","2/342","25/12706",0.08,2.97216374269006,1.64156132954133,0.14475034577634,0.461695314296682,0.399712408373909,"NOP53/PUM1",2
"GO:0050901","leukocyte tethering or rolling","2/342","25/12706",0.08,2.97216374269006,1.64156132954133,0.14475034577634,0.461695314296682,0.399712408373909,"SPN/SELPLG",2
"GO:0060155","platelet dense granule organization","2/342","25/12706",0.08,2.97216374269006,1.64156132954133,0.14475034577634,0.461695314296682,0.399712408373909,"AP1B1/AP3D1",2
"GO:0071295","cellular response to vitamin","2/342","25/12706",0.08,2.97216374269006,1.64156132954133,0.14475034577634,0.461695314296682,0.399712408373909,"UBR5/PIM1",2
"GO:0050671","positive regulation of lymphocyte proliferation","6/342","132/12706",0.0454545454545455,1.68872939925572,1.32287786253725,0.145733788528405,0.46444246771584,0.40209075460213,"HLA-A/AIF1/SPN/HLA-DPA1/SYK/CD4",6
"GO:0016050","vesicle organization","13/342","348/12706",0.0373563218390805,1.3878638166297,1.22015690706275,0.14657354849677,0.466727496972128,0.404069017146611,"RNASEK/TRAPPC5/RAB5C/RAB4B/STX10/GOSR2/PICALM/LYST/AP1B1/HGS/RAB27A/AP3D1/SRGN",13
"GO:0019221","cytokine-mediated signaling pathway","16/342","445/12706",0.0359550561797753,1.3358039292989,1.1992886467528,0.147072605503854,0.467924724791342,0.405105516327287,"IL10RB/CSNK2B/IL2RG/SYK/CD4/ADAR/HSPA1A/CPNE1/COMMD7/GPS2/IL17RA/HCK/NFKBIZ/NFKBIA/NKIRAS2/RAF1",16
"GO:1902600","proton transmembrane transport","7/342","162/12706",0.0432098765432099,1.60533535484803,1.28960412588239,0.14744288281064,0.468710568934826,0.405785860366899,"RNASEK/NDUFB8/NDUFA7/NDUFC2/ATP5PO/MT-ATP6/MT-ND3",7
"GO:0050672","negative regulation of lymphocyte proliferation","4/342","76/12706",0.0526315789473684,1.95537088334872,1.38930632093295,0.148231082498024,0.470429528929454,0.407274048828152,"LST1/SPN/TGFB1/RIPOR2",4
"GO:0070534","protein K63-linked ubiquitination","4/342","76/12706",0.0526315789473684,1.95537088334872,1.38930632093295,0.148231082498024,0.470429528929454,0.407274048828152,"UBE2V1/RNF213/DDX3X/GPS2",4
"GO:0071333","cellular response to glucose stimulus","5/342","104/12706",0.0480769230769231,1.78615609536662,1.33883361379523,0.148853141274143,0.471616369270242,0.408301555056355,"TGFB1/RBM4/CYBA/OGT/RAF1",5
"GO:0120034","positive regulation of plasma membrane bounded cell projection assembly","5/342","104/12706",0.0480769230769231,1.78615609536662,1.33883361379523,0.148853141274143,0.471616369270242,0.408301555056355,"SEPTIN7/SEPTIN9/CCDC88A/ARAP1/RIPOR2",5
"GO:0016311","dephosphorylation","6/342","133/12706",0.0451127819548872,1.67603218572748,1.30345074708237,0.149410897715031,0.4725958678141,0.409149555263072,"SDHAF2/DUSP1/SSH2/PTPRE/PTPN7/PTEN",6
"GO:0045739","positive regulation of DNA repair","6/342","133/12706",0.0451127819548872,1.67603218572748,1.30345074708237,0.149410897715031,0.4725958678141,0.409149555263072,"SMCHD1/PRKDC/ARID1A/TOP2B/SMARCA2/ARID2",6
"GO:0050790","regulation of catalytic activity","17/342","479/12706",0.0354906054279749,1.31854863323933,1.18196450913218,0.14968303438485,0.473063089552119,0.409554052169073,"DUSP1/CCDC88A/GRN/CD4/ADAR/DOCK8/OXA1L/PABPN1/TIMP2/ARAP1/FGR/PIM1/ZFP36/HGS/MVP/ARFGEF1/RIPOR2",17
"GO:0042593","glucose homeostasis","8/342","193/12706",0.0414507772020725,1.53998121382905,1.25718002655286,0.150136177568109,0.474101118865408,0.410452725350129,"IER3IP1/RPS6/TGFB1/RBM4/CYBA/OGT/HK3/RAF1",8
"GO:0072657","protein localization to membrane","14/342","382/12706",0.0366492146596859,1.36159333761979,1.1934305368279,0.150695418982038,0.474419441888389,0.410728313293555,"FYB1/CCDC88A/MACF1/TGFB1/CLTC/PICALM/FLNA/RAB31/OGT/RABEP1/HGS/AP3D1/SORL1/ITGB2",14
"GO:0098727","maintenance of cell number","7/342","163/12706",0.0429447852760736,1.59548667168945,1.27258273246977,0.150758349110626,0.474419441888389,0.410728313293555,"ARID1A/ZC3H13/OGT/CNOT1/SMARCA2/WDR43/RAF1",7
"GO:0032371","regulation of sterol transport","3/342","50/12706",0.06,2.22912280701754,1.44828134254446,0.151110453478916,0.474419441888389,0.410728313293555,"GPS2/NFKBIA/APOC2",3
"GO:0032374","regulation of cholesterol transport","3/342","50/12706",0.06,2.22912280701754,1.44828134254446,0.151110453478916,0.474419441888389,0.410728313293555,"GPS2/NFKBIA/APOC2",3
"GO:0045010","actin nucleation","3/342","50/12706",0.06,2.22912280701754,1.44828134254446,0.151110453478916,0.474419441888389,0.410728313293555,"ARPC1B/ARPC1A/ARPC4",3
"GO:0045815","transcription initiation-coupled chromatin remodeling","3/342","50/12706",0.06,2.22912280701754,1.44828134254446,0.151110453478916,0.474419441888389,0.410728313293555,"ARID1A/KMT2A/EP300",3
"GO:2000107","negative regulation of leukocyte apoptotic process","3/342","50/12706",0.06,2.22912280701754,1.44828134254446,0.151110453478916,0.474419441888389,0.410728313293555,"FOXP1/DOCK8/TSC22D3",3
"GO:0070201","regulation of establishment of protein localization","16/342","448/12706",0.0357142857142857,1.32685881370092,1.17141367100882,0.152959599353804,0.476140127336678,0.412217995565157,"CTSD/IER3IP1/PARL/TGFB1/TARDBP/FLNA/PFKL/HUWE1/XPO1/UBR5/RAB11FIP1/EP300/NFKBIA/ITGAM/SORL1/ITGB2",16
"GO:0032946","positive regulation of mononuclear cell proliferation","6/342","134/12706",0.0447761194029851,1.66352448284891,1.28418636581975,0.153129538615004,0.476140127336678,0.412217995565157,"HLA-A/AIF1/SPN/HLA-DPA1/SYK/CD4",6
"GO:0043270","positive regulation of monoatomic ion transport","6/342","134/12706",0.0447761194029851,1.66352448284891,1.28418636581975,0.153129538615004,0.476140127336678,0.412217995565157,"CD4/P2RX1/FLNA/PPP3R1/CTSS/ATP2B1",6
"GO:0033500","carbohydrate homeostasis","8/342","194/12706",0.0412371134020619,1.53204316633508,1.24195327212655,0.153188995856518,0.476140127336678,0.412217995565157,"IER3IP1/RPS6/TGFB1/RBM4/CYBA/OGT/HK3/RAF1",8
"GO:0008593","regulation of Notch signaling pathway","4/342","77/12706",0.051948051948052,1.92997645629225,1.361299623437,0.153266796426357,0.476140127336678,0.412217995565157,"AAK1/HERC2/ZBTB7A/NFKBIA",4
"GO:0032945","negative regulation of mononuclear cell proliferation","4/342","77/12706",0.051948051948052,1.92997645629225,1.361299623437,0.153266796426357,0.476140127336678,0.412217995565157,"LST1/SPN/TGFB1/RIPOR2",4
"GO:0051453","regulation of intracellular pH","4/342","77/12706",0.051948051948052,1.92997645629225,1.361299623437,0.153266796426357,0.476140127336678,0.412217995565157,"RNASEK/GRN/DMXL2/TMEM165",4
"GO:0097194","execution phase of apoptosis","4/342","77/12706",0.051948051948052,1.92997645629225,1.361299623437,0.153266796426357,0.476140127336678,0.412217995565157,"CTSD/TAOK1/NFKBIZ/CSNK2A1",4
"GO:0033198","response to ATP","2/342","26/12706",0.0769230769230769,2.8578497525866,1.57709743607445,0.154163202722633,0.476140127336678,0.412217995565157,"P2RX1/TOP2B",2
"GO:0035601","protein deacylation","2/342","26/12706",0.0769230769230769,2.8578497525866,1.57709743607445,0.154163202722633,0.476140127336678,0.412217995565157,"FLNA/EP300",2
"GO:0042417","dopamine metabolic process","2/342","26/12706",0.0769230769230769,2.8578497525866,1.57709743607445,0.154163202722633,0.476140127336678,0.412217995565157,"ITGAM/ITGB2",2
"GO:0045063","T-helper 1 cell differentiation","2/342","26/12706",0.0769230769230769,2.8578497525866,1.57709743607445,0.154163202722633,0.476140127336678,0.412217995565157,"SPN/NFKBIZ",2
"GO:0045616","regulation of keratinocyte differentiation","2/342","26/12706",0.0769230769230769,2.8578497525866,1.57709743607445,0.154163202722633,0.476140127336678,0.412217995565157,"NUMA1/ZFP36",2
"GO:0051385","response to mineralocorticoid","2/342","26/12706",0.0769230769230769,2.8578497525866,1.57709743607445,0.154163202722633,0.476140127336678,0.412217995565157,"FOS/CYBA",2
"GO:0060333","type II interferon-mediated signaling pathway","2/342","26/12706",0.0769230769230769,2.8578497525866,1.57709743607445,0.154163202722633,0.476140127336678,0.412217995565157,"HCK/RAF1",2
"GO:0071108","protein K48-linked deubiquitination","2/342","26/12706",0.0769230769230769,2.8578497525866,1.57709743607445,0.154163202722633,0.476140127336678,0.412217995565157,"USP34/USP33",2
"GO:0071480","cellular response to gamma radiation","2/342","26/12706",0.0769230769230769,2.8578497525866,1.57709743607445,0.154163202722633,0.476140127336678,0.412217995565157,"RPL26/CYBA",2
"GO:0090313","regulation of protein targeting to membrane","2/342","26/12706",0.0769230769230769,2.8578497525866,1.57709743607445,0.154163202722633,0.476140127336678,0.412217995565157,"ITGAM/ITGB2",2
"GO:0099054","presynapse assembly","2/342","26/12706",0.0769230769230769,2.8578497525866,1.57709743607445,0.154163202722633,0.476140127336678,0.412217995565157,"EIF4G1/PTEN",2
"GO:1904358","positive regulation of telomere maintenance via telomere lengthening","2/342","26/12706",0.0769230769230769,2.8578497525866,1.57709743607445,0.154163202722633,0.476140127336678,0.412217995565157,"HNRNPA1/HNRNPD",2
"GO:0110053","regulation of actin filament organization","9/342","226/12706",0.0398230088495575,1.4795062878435,1.2096566657684,0.156810703477902,0.483773128579977,0.418826261266809,"CCDC88A/FLNA/PLEK/HCK/PREX1/ARAP1/SSH2/EVL/ARFGEF1",9
"GO:0001837","epithelial to mesenchymal transition","6/342","135/12706",0.0444444444444444,1.65120207927225,1.26508189122568,0.156889076154422,0.483773128579977,0.418826261266809,"SDHAF2/DDX17/TGFB1/PPP3R1/QKI/PTEN",6
"GO:0010761","fibroblast migration","3/342","51/12706",0.0588235294117647,2.18541451668387,1.41073403507961,0.157560174831362,0.483880278440094,0.418919026186266,"TGFB1/ARHGAP4/PLEC",3
"GO:0031529","ruffle organization","3/342","51/12706",0.0588235294117647,2.18541451668387,1.41073403507961,0.157560174831362,0.483880278440094,0.418919026186266,"AIF1/PLEK/EVL",3
"GO:0045104","intermediate filament cytoskeleton organization","3/342","51/12706",0.0588235294117647,2.18541451668387,1.41073403507961,0.157560174831362,0.483880278440094,0.418919026186266,"MACF1/PLEC/RAF1",3
"GO:0048821","erythrocyte development","3/342","51/12706",0.0588235294117647,2.18541451668387,1.41073403507961,0.157560174831362,0.483880278440094,0.418919026186266,"KLF2/LYAR/ZBTB7A",3
"GO:1900024","regulation of substrate adhesion-dependent cell spreading","3/342","51/12706",0.0588235294117647,2.18541451668387,1.41073403507961,0.157560174831362,0.483880278440094,0.418919026186266,"FLNA/CALR/PREX1",3
"GO:0036293","response to decreased oxygen levels","10/342","258/12706",0.0387596899224806,1.44000181331883,1.18750492363259,0.158956395427292,0.487774185161069,0.422290173315613,"FOS/EGLN2/JUND/TGFB1/SOD2/NOP53/CYBA/EP300/HIPK2/CPEB4",10
"GO:0032535","regulation of cellular component size","11/342","290/12706",0.0379310344827586,1.40921556765477,1.17241450701608,0.160042921756893,0.490712248806216,0.424833799943807,"BORCS8/MACF1/PICALM/PLEK/HCK/ARHGAP4/PREX1/SSH2/EVL/PTEN/ARFGEF1",11
"GO:0007565","female pregnancy","6/342","136/12706",0.0441176470588235,1.6390608875129,1.24613456650879,0.160688860849535,0.491899395289801,0.425861571214931,"FOS/JUNB/GRN/TGFB1/RARA/CALR",6
"GO:0097553","calcium ion transmembrane import into cytosol","6/342","136/12706",0.0441176470588235,1.6390608875129,1.24613456650879,0.160688860849535,0.491899395289801,0.425861571214931,"CD4/P2RX1/TGFB1/FLNA/PPP3R1/CYBA",6
"GO:0002449","lymphocyte mediated immunity","10/342","259/12706",0.0386100386100386,1.43444196075775,1.17481691783885,0.161668809905145,0.49350580795325,0.427252321899779,"HLA-DRA/HLA-B/HLA-A/SPN/TGFB1/NFKBIZ/LYST/RAB27A/MYO1G/CTSH",10
"GO:0030833","regulation of actin filament polymerization","5/342","107/12706",0.0467289719626168,1.73607695250588,1.27165106710801,0.161732834484416,0.49350580795325,0.427252321899779,"HCK/PREX1/SSH2/EVL/ARFGEF1",5
"GO:0071331","cellular response to hexose stimulus","5/342","107/12706",0.0467289719626168,1.73607695250588,1.27165106710801,0.161732834484416,0.49350580795325,0.427252321899779,"TGFB1/RBM4/CYBA/OGT/RAF1",5
"GO:1903900","regulation of viral life cycle","5/342","107/12706",0.0467289719626168,1.73607695250588,1.27165106710801,0.161732834484416,0.49350580795325,0.427252321899779,"CSNK2B/CD4/DDX3X/ADAR/TOP2B",5
"GO:0002753","cytoplasmic pattern recognition receptor signaling pathway","8/342","197/12706",0.0406091370558376,1.50871255974115,1.19678232486201,0.162524582038692,0.494495121016164,0.42810881901978,"DDX3X/HSPA1A/PRKDC/NOP53/OGT/RANBP2/NFKBIA/PUM1",8
"GO:0060840","artery development","4/342","79/12706",0.0506329113924051,1.88111629284181,1.30652455657278,0.163528077091637,0.494495121016164,0.42810881901978,"CNTRL/NFATC3/HECTD1/ARID2",4
"GO:0019098","reproductive behavior","2/342","27/12706",0.0740740740740741,2.75200346545376,1.5156371142691,0.163690082920262,0.494495121016164,0.42810881901978,"P2RX1/PTEN",2
"GO:0033135","regulation of peptidyl-serine phosphorylation","2/342","27/12706",0.0740740740740741,2.75200346545376,1.5156371142691,0.163690082920262,0.494495121016164,0.42810881901978,"PTEN/RAF1",2
"GO:0044090","positive regulation of vacuole organization","2/342","27/12706",0.0740740740740741,2.75200346545376,1.5156371142691,0.163690082920262,0.494495121016164,0.42810881901978,"GRN/USP33",2
"GO:0060563","neuroepithelial cell differentiation","2/342","27/12706",0.0740740740740741,2.75200346545376,1.5156371142691,0.163690082920262,0.494495121016164,0.42810881901978,"TGFB1/IPO7",2
"GO:0060674","placenta blood vessel development","2/342","27/12706",0.0740740740740741,2.75200346545376,1.5156371142691,0.163690082920262,0.494495121016164,0.42810881901978,"JUNB/HS6ST1",2
"GO:0070536","protein K63-linked deubiquitination","2/342","27/12706",0.0740740740740741,2.75200346545376,1.5156371142691,0.163690082920262,0.494495121016164,0.42810881901978,"NOP53/USP33",2
"GO:0098884","postsynaptic neurotransmitter receptor internalization","2/342","27/12706",0.0740740740740741,2.75200346545376,1.5156371142691,0.163690082920262,0.494495121016164,0.42810881901978,"PPP3R1/RABEP1",2
"GO:0099590","neurotransmitter receptor internalization","2/342","27/12706",0.0740740740740741,2.75200346545376,1.5156371142691,0.163690082920262,0.494495121016164,0.42810881901978,"PPP3R1/RABEP1",2
"GO:0140239","postsynaptic endocytosis","2/342","27/12706",0.0740740740740741,2.75200346545376,1.5156371142691,0.163690082920262,0.494495121016164,0.42810881901978,"PPP3R1/RABEP1",2
"GO:1902692","regulation of neuroblast proliferation","2/342","27/12706",0.0740740740740741,2.75200346545376,1.5156371142691,0.163690082920262,0.494495121016164,0.42810881901978,"TGFB1/BTG2",2
"GO:0045103","intermediate filament-based process","3/342","52/12706",0.0576923076923077,2.14338731443995,1.3740483527498,0.164093324069805,0.494495121016164,0.42810881901978,"MACF1/PLEC/RAF1",3
"GO:0051452","intracellular pH reduction","3/342","52/12706",0.0576923076923077,2.14338731443995,1.3740483527498,0.164093324069805,0.494495121016164,0.42810881901978,"RNASEK/GRN/DMXL2",3
"GO:2000630","positive regulation of miRNA metabolic process","3/342","52/12706",0.0576923076923077,2.14338731443995,1.3740483527498,0.164093324069805,0.494495121016164,0.42810881901978,"FOS/JUN/TGFB1",3
"GO:0051924","regulation of calcium ion transport","7/342","167/12706",0.0419161676646707,1.55727142206814,1.20563111040721,0.164363563828344,0.494495121016164,0.42810881901978,"CD84/CD4/P2RX1/TGFB1/PPP3R1/CYBA/ATP2B1",7
"GO:0060759","regulation of response to cytokine stimulus","7/342","167/12706",0.0419161676646707,1.55727142206814,1.20563111040721,0.164363563828344,0.494495121016164,0.42810881901978,"TLE5/SYK/ADAR/HSPA1A/CPNE1/GPS2/NKIRAS2",7
"GO:0006997","nucleus organization","6/342","137/12706",0.0437956204379562,1.62709693942886,1.22734170332225,0.164528229375446,0.494495121016164,0.42810881901978,"TARDBP/PLEC/DCTN1/NUMA1/HIPK2/EMG1",6
"GO:1904375","regulation of protein localization to cell periphery","6/342","137/12706",0.0437956204379562,1.62709693942886,1.22734170332225,0.164528229375446,0.494495121016164,0.42810881901978,"TGFB1/CLTC/PICALM/OGT/EIF4G1/NUMA1",6
"GO:0043161","proteasome-mediated ubiquitin-dependent protein catabolic process","16/342","454/12706",0.0352422907488987,1.30932323466522,1.11624072920814,0.165112185853408,0.495858239032115,0.429288937526903,"PSMA2/CSNK2B/TGFB1/HSPA1A/NOP53/UBE2W/HUWE1/RARA/TRIP12/HERC2/XPO1/OGT/UBR5/CSNK2A1/HECTD1/WDR26",16
"GO:0009135","purine nucleoside diphosphate metabolic process","5/342","108/12706",0.0462962962962963,1.7200021659086,1.24972877089187,0.166123425962905,0.497323831110995,0.430557772885208,"PFKL/OGT/EP300/ZBTB7A/HK3",5
"GO:0009179","purine ribonucleoside diphosphate metabolic process","5/342","108/12706",0.0462962962962963,1.7200021659086,1.24972877089187,0.166123425962905,0.497323831110995,0.430557772885208,"PFKL/OGT/EP300/ZBTB7A/HK3",5
"GO:0071326","cellular response to monosaccharide stimulus","5/342","108/12706",0.0462962962962963,1.7200021659086,1.24972877089187,0.166123425962905,0.497323831110995,0.430557772885208,"TGFB1/RBM4/CYBA/OGT/RAF1",5
"GO:1903169","regulation of calcium ion transmembrane transport","5/342","108/12706",0.0462962962962963,1.7200021659086,1.24972877089187,0.166123425962905,0.497323831110995,0.430557772885208,"CD4/P2RX1/TGFB1/PPP3R1/CYBA",5
"GO:0062197","cellular response to chemical stress","11/342","293/12706",0.037542662116041,1.39478673931701,1.13704820916434,0.167790936967577,0.501132083543385,0.43385476487172,"FOS/AIF1/DDX3X/FOXP1/HSPA1A/SOD2/KLF2/TOP2B/PLEC/SIRPA/NINJ1",11
"GO:0071214","cellular response to abiotic stimulus","11/342","293/12706",0.037542662116041,1.39478673931701,1.13704820916434,0.167790936967577,0.501132083543385,0.43385476487172,"CRIP1/RPL26/DDX3X/TGFB1/GNAQ/CYBA/CALR/PLEC/EP300/NINJ1/PTEN",11
"GO:0104004","cellular response to environmental stimulus","11/342","293/12706",0.037542662116041,1.39478673931701,1.13704820916434,0.167790936967577,0.501132083543385,0.43385476487172,"CRIP1/RPL26/DDX3X/TGFB1/GNAQ/CYBA/CALR/PLEC/EP300/NINJ1/PTEN",11
"GO:0045444","fat cell differentiation","8/342","199/12706",0.0402010050251256,1.49354961944224,1.16708281487464,0.168892667778685,0.504026627075792,0.436360713991529,"CCDC85B/TGFB1/SOD2/GPS2/EP300/ZBTB7A/PIM1/ZFP36",8
"GO:0035914","skeletal muscle cell differentiation","3/342","53/12706",0.0566037735849057,2.10294604435617,1.3381855555436,0.170705775641347,0.509037928618355,0.440699244937455,"FOS/DDX17/BTG2",3
"GO:0002440","production of molecular mediator of immune response","8/342","200/12706",0.04,1.48608187134503,1.15235449268351,0.172119003253585,0.511611297622348,0.442927137424924,"IL2RG/HLA-A/SYK/TGFB1/PRKDC/NFKBIZ/PRG2/ACP5",8
"GO:0009416","response to light stimulus","10/342","263/12706",0.0380228136882129,1.41262535298957,1.12458457427287,0.172743401663035,0.511611297622348,0.442927137424924,"CRIP1/RPL26/FOS/DUSP1/JUND/RBM4/MT-ND3/GNAQ/KMT2A/EP300",10
"GO:0016233","telomere capping","2/342","28/12706",0.0714285714285714,2.65371762740184,1.45692061055806,0.173318082939922,0.511611297622348,0.442927137424924,"PRKDC/HNRNPD",2
"GO:0030511","positive regulation of transforming growth factor beta receptor signaling pathway","2/342","28/12706",0.0714285714285714,2.65371762740184,1.45692061055806,0.173318082939922,0.511611297622348,0.442927137424924,"EP300/HIPK2",2
"GO:0032570","response to progesterone","2/342","28/12706",0.0714285714285714,2.65371762740184,1.45692061055806,0.173318082939922,0.511611297622348,0.442927137424924,"FOS/TGFB1",2
"GO:0032885","regulation of polysaccharide biosynthetic process","2/342","28/12706",0.0714285714285714,2.65371762740184,1.45692061055806,0.173318082939922,0.511611297622348,0.442927137424924,"TGFB1/CLTC",2
"GO:0046461","neutral lipid catabolic process","2/342","28/12706",0.0714285714285714,2.65371762740184,1.45692061055806,0.173318082939922,0.511611297622348,0.442927137424924,"SORL1/APOC2",2
"GO:0046464","acylglycerol catabolic process","2/342","28/12706",0.0714285714285714,2.65371762740184,1.45692061055806,0.173318082939922,0.511611297622348,0.442927137424924,"SORL1/APOC2",2
"GO:0051346","negative regulation of hydrolase activity","2/342","28/12706",0.0714285714285714,2.65371762740184,1.45692061055806,0.173318082939922,0.511611297622348,0.442927137424924,"TIMP2/ARFGEF1",2
"GO:0060325","face morphogenesis","2/342","28/12706",0.0714285714285714,2.65371762740184,1.45692061055806,0.173318082939922,0.511611297622348,0.442927137424924,"TGFB1/EP300",2
"GO:0070841","inclusion body assembly","2/342","28/12706",0.0714285714285714,2.65371762740184,1.45692061055806,0.173318082939922,0.511611297622348,0.442927137424924,"HSPA1A/SORL1",2
"GO:1903846","positive regulation of cellular response to transforming growth factor beta stimulus","2/342","28/12706",0.0714285714285714,2.65371762740184,1.45692061055806,0.173318082939922,0.511611297622348,0.442927137424924,"EP300/HIPK2",2
"GO:2000279","negative regulation of DNA biosynthetic process","2/342","28/12706",0.0714285714285714,2.65371762740184,1.45692061055806,0.173318082939922,0.511611297622348,0.442927137424924,"DUSP1/HNRNPA1",2
"GO:0030641","regulation of cellular pH","4/342","81/12706",0.0493827160493827,1.83466897696917,1.25332002151682,0.174029855023149,0.513313815979839,0.444401091549865,"RNASEK/GRN/DMXL2/TMEM165",4
"GO:0051896","regulation of phosphatidylinositol 3-kinase/protein kinase B signal transduction","9/342","232/12706",0.0387931034482759,1.44124319419238,1.12808034377737,0.174493302244416,0.514281810180829,0.445239131879469,"CCDC88A/TGFB1/CPNE1/NOP53/MAZ/EP300/FGR/PTEN/ARFGEF1",9
"GO:0010821","regulation of mitochondrion organization","5/342","110/12706",0.0454545454545455,1.68872939925572,1.2065616792879,0.175044224403715,0.515505918809393,0.446298903102791,"PARL/HSPA1A/PLAUR/HUWE1/EP300",5
"GO:0006352","DNA-templated transcription initiation","8/342","201/12706",0.0398009950248756,1.47868842919903,1.13770587329754,0.175373064549798,0.516074606360938,0.446791243968729,"JUN/ARID1A/MAZ/NFKBIZ/KMT2A/EP300/NFKBIA/UBTF",8
"GO:0019058","viral life cycle","10/342","264/12706",0.0378787878787879,1.40727449937976,1.11215411471263,0.17556725596207,0.516246486595353,0.446940049166275,"RNASEK/CSNK2B/SELPLG/CD4/DDX3X/GRK2/ADAR/HSPA1A/MYH9/TOP2B",10
"GO:0007626","locomotory behavior","6/342","140/12706",0.0428571428571429,1.5922305764411,1.17186398059712,0.176277009022431,0.517932912135458,0.448400070945368,"TMBIM4/GRN/SOD2/HIPK2/PTEN/PUM1",6
"GO:0032720","negative regulation of tumor necrosis factor production","3/342","54/12706",0.0555555555555556,2.06400259909032,1.30310936717725,0.177393430306759,0.519606950713634,0.449849368720489,"RARA/SIRPA/ACP5",3
"GO:0045666","positive regulation of neuron differentiation","3/342","54/12706",0.0555555555555556,2.06400259909032,1.30310936717725,0.177393430306759,0.519606950713634,0.449849368720489,"CPNE1/RARA/EIF4G1",3
"GO:0141137","positive regulation of gene expression, epigenetic","3/342","54/12706",0.0555555555555556,2.06400259909032,1.30310936717725,0.177393430306759,0.519606950713634,0.449849368720489,"ARID1A/KMT2A/EP300",3
"GO:1904705","regulation of vascular associated smooth muscle cell proliferation","3/342","54/12706",0.0555555555555556,2.06400259909032,1.30310936717725,0.177393430306759,0.519606950713634,0.449849368720489,"JUN/SOD2/PTEN",3
"GO:0002367","cytokine production involved in immune response","5/342","111/12706",0.045045045045045,1.67351562088404,1.18530731822242,0.179572235551886,0.524776048861084,0.454324511971153,"HLA-A/SYK/TGFB1/PRG2/ACP5",5
"GO:0002718","regulation of cytokine production involved in immune response","5/342","111/12706",0.045045045045045,1.67351562088404,1.18530731822242,0.179572235551886,0.524776048861084,0.454324511971153,"HLA-A/SYK/TGFB1/PRG2/ACP5",5
"GO:0051147","regulation of muscle cell differentiation","5/342","111/12706",0.045045045045045,1.67351562088404,1.18530731822242,0.179572235551886,0.524776048861084,0.454324511971153,"TGFB1/FOXP1/SOD2/RBM4/NFATC3",5
"GO:0070588","calcium ion transmembrane transport","9/342","234/12706",0.0384615384615385,1.4289248762933,1.10139221348474,0.180584519823117,0.527328989529564,0.456534718640867,"TMBIM4/CD4/P2RX1/TGFB1/FLNA/PPP3R1/CYBA/TMEM165/ATP2B1",9
"GO:0001562","response to protozoan","2/342","29/12706",0.0689655172413793,2.56221012300867,1.40071923004285,0.183034907648784,0.532032659694708,0.460606917928334,"SPN/LYST",2
"GO:0002418","immune response to tumor cell","2/342","29/12706",0.0689655172413793,2.56221012300867,1.40071923004285,0.183034907648784,0.532032659694708,0.460606917928334,"HLA-A/TGFB1",2
"GO:0045776","negative regulation of blood pressure","2/342","29/12706",0.0689655172413793,2.56221012300867,1.40071923004285,0.183034907648784,0.532032659694708,0.460606917928334,"SOD2/SCPEP1",2
"GO:0046622","positive regulation of organ growth","2/342","29/12706",0.0689655172413793,2.56221012300867,1.40071923004285,0.183034907648784,0.532032659694708,0.460606917928334,"BASP1/PIM1",2
"GO:0090279","regulation of calcium ion import","2/342","29/12706",0.0689655172413793,2.56221012300867,1.40071923004285,0.183034907648784,0.532032659694708,0.460606917928334,"P2RX1/PPP3R1",2
"GO:2000042","negative regulation of double-strand break repair via homologous recombination","2/342","29/12706",0.0689655172413793,2.56221012300867,1.40071923004285,0.183034907648784,0.532032659694708,0.460606917928334,"SMCHD1/CSNK2A1",2
"GO:0006090","pyruvate metabolic process","5/342","112/12706",0.0446428571428571,1.65857351712615,1.16426627902373,0.184143834601074,0.533241996592873,0.461653900535982,"PFKL/OGT/EP300/ZBTB7A/HK3",5
"GO:0030865","cortical cytoskeleton organization","3/342","55/12706",0.0545454545454545,2.02647527910686,1.26878577528151,0.184152220285755,0.533241996592873,0.461653900535982,"PLEK/CALR/PLEC",3
"GO:0032623","interleukin-2 production","3/342","55/12706",0.0545454545454545,2.02647527910686,1.26878577528151,0.184152220285755,0.533241996592873,0.461653900535982,"CD4/RUNX1/ZFP36",3
"GO:0032663","regulation of interleukin-2 production","3/342","55/12706",0.0545454545454545,2.02647527910686,1.26878577528151,0.184152220285755,0.533241996592873,0.461653900535982,"CD4/RUNX1/ZFP36",3
"GO:0070228","regulation of lymphocyte apoptotic process","3/342","55/12706",0.0545454545454545,2.02647527910686,1.26878577528151,0.184152220285755,0.533241996592873,0.461653900535982,"FOXP1/DOCK8/TSC22D3",3
"GO:0070664","negative regulation of leukocyte proliferation","4/342","83/12706",0.0481927710843374,1.79046008595787,1.2015963207332,0.184756751812434,0.534585365594272,0.462816921347017,"LST1/SPN/TGFB1/RIPOR2",4
"GO:0060828","regulation of canonical Wnt signaling pathway","8/342","204/12706",0.0392156862745098,1.45694301112258,1.09422911246283,0.185297957740043,0.535743601009615,0.46381966288022,"TLE5/SDHAF2/DDX3X/TGFB1/GNAQ/USP34/UBR5/CHD8",8
"GO:0045165","cell fate commitment","7/342","173/12706",0.0404624277456647,1.50326200858601,1.10843586069021,0.185750847951636,0.536644926984895,0.464599985238175,"SPN/MCL1/CD69/PRKDC/CHD3/RARA/EP300",7
"GO:0072522","purine-containing compound biosynthetic process","9/342","236/12706",0.038135593220339,1.41681534344335,1.07494776663427,0.186770558002033,0.539181216039279,0.466795775784165,"NDUFB8/NDUFA7/NDUFC2/ATP5PO/MT-ATP6/TGFB1/MT-ND3/NME4/IMPDH2",9
"GO:0051051","negative regulation of transport","12/342","333/12706",0.036036036036036,1.33881249670723,1.04199328501348,0.188076235812424,0.542525105758151,0.469690746063218,"CD84/TGFB1/LRPAP1/PICALM/PFKL/PPP3R1/RANBP2/RAB11FIP1/SIRPA/NFKBIA/PTEN/APOC2",12
"GO:0009749","response to glucose","6/342","143/12706",0.041958041958042,1.55882713777451,1.11768575679296,0.188356954129605,0.542525105758151,0.469690746063218,"TGFB1/RBM4/PFKL/CYBA/OGT/RAF1",6
"GO:1904018","positive regulation of vasculature development","6/342","143/12706",0.041958041958042,1.55882713777451,1.11768575679296,0.188356954129605,0.542525105758151,0.469690746063218,"GRN/TGFB1/RUNX1/HIPK2/NINJ1/ITGB2",6
"GO:0009743","response to carbohydrate","7/342","174/12706",0.0402298850574713,1.49462257175506,1.09259510824528,0.189423393950994,0.54346573475847,0.470505094988714,"TGFB1/SOD2/RBM4/PFKL/CYBA/OGT/RAF1",7
"GO:1902369","negative regulation of RNA catabolic process","4/342","84/12706",0.0476190476190476,1.76914508493456,1.17626375156938,0.190199764673221,0.54346573475847,0.470505094988714,"TARDBP/HNRNPD/QKI/ZFP36",4
"GO:0034605","cellular response to heat","3/342","56/12706",0.0535714285714286,1.99028822055138,1.23518285113303,0.190978114013564,0.54346573475847,0.470505094988714,"HSPA1A/EP300/IER5",3
"GO:0072698","protein localization to microtubule cytoskeleton","3/342","56/12706",0.0535714285714286,1.99028822055138,1.23518285113303,0.190978114013564,0.54346573475847,0.470505094988714,"CEP350/GOLGB1/NUMA1",3
"GO:0097479","synaptic vesicle localization","3/342","56/12706",0.0535714285714286,1.99028822055138,1.23518285113303,0.190978114013564,0.54346573475847,0.470505094988714,"RAB27A/AP3D1/PTEN",3
"GO:1903556","negative regulation of tumor necrosis factor superfamily cytokine production","3/342","56/12706",0.0535714285714286,1.99028822055138,1.23518285113303,0.190978114013564,0.54346573475847,0.470505094988714,"RARA/SIRPA/ACP5",3
"GO:1990874","vascular associated smooth muscle cell proliferation","3/342","56/12706",0.0535714285714286,1.99028822055138,1.23518285113303,0.190978114013564,0.54346573475847,0.470505094988714,"JUN/SOD2/PTEN",3
"GO:2000134","negative regulation of G1/S transition of mitotic cell cycle","3/342","56/12706",0.0535714285714286,1.99028822055138,1.23518285113303,0.190978114013564,0.54346573475847,0.470505094988714,"PRKDC/DGKZ/PTEN",3
"GO:0002209","behavioral defense response","2/342","30/12706",0.0666666666666667,2.47680311890838,1.34683068530799,0.192828846972429,0.54346573475847,0.470505094988714,"EIF4G1/EP300",2
"GO:0006359","regulation of transcription by RNA polymerase III","2/342","30/12706",0.0666666666666667,2.47680311890838,1.34683068530799,0.192828846972429,0.54346573475847,0.470505094988714,"CHD8/BAZ1B",2
"GO:0006376","mRNA splice site recognition","2/342","30/12706",0.0666666666666667,2.47680311890838,1.34683068530799,0.192828846972429,0.54346573475847,0.470505094988714,"LUC7L3/CELF1",2
"GO:0006622","protein targeting to lysosome","2/342","30/12706",0.0666666666666667,2.47680311890838,1.34683068530799,0.192828846972429,0.54346573475847,0.470505094988714,"HGS/SORL1",2
"GO:0010719","negative regulation of epithelial to mesenchymal transition","2/342","30/12706",0.0666666666666667,2.47680311890838,1.34683068530799,0.192828846972429,0.54346573475847,0.470505094988714,"SDHAF2/PTEN",2
"GO:0018107","peptidyl-threonine phosphorylation","2/342","30/12706",0.0666666666666667,2.47680311890838,1.34683068530799,0.192828846972429,0.54346573475847,0.470505094988714,"CSNK2B/PRKDC",2
"GO:0018210","peptidyl-threonine modification","2/342","30/12706",0.0666666666666667,2.47680311890838,1.34683068530799,0.192828846972429,0.54346573475847,0.470505094988714,"CSNK2B/PRKDC",2
"GO:0032965","regulation of collagen biosynthetic process","2/342","30/12706",0.0666666666666667,2.47680311890838,1.34683068530799,0.192828846972429,0.54346573475847,0.470505094988714,"TGFB1/RUNX1",2
"GO:0034694","response to prostaglandin","2/342","30/12706",0.0666666666666667,2.47680311890838,1.34683068530799,0.192828846972429,0.54346573475847,0.470505094988714,"GNB1/GNAQ",2
"GO:0035872","nucleotide-binding domain, leucine rich repeat containing receptor signaling pathway","2/342","30/12706",0.0666666666666667,2.47680311890838,1.34683068530799,0.192828846972429,0.54346573475847,0.470505094988714,"HSPA1A/NFKBIA",2
"GO:0036336","dendritic cell migration","2/342","30/12706",0.0666666666666667,2.47680311890838,1.34683068530799,0.192828846972429,0.54346573475847,0.470505094988714,"DOCK8/CALR",2
"GO:0043462","regulation of ATP-dependent activity","2/342","30/12706",0.0666666666666667,2.47680311890838,1.34683068530799,0.192828846972429,0.54346573475847,0.470505094988714,"OXA1L/PAM16",2
"GO:0045687","positive regulation of glial cell differentiation","2/342","30/12706",0.0666666666666667,2.47680311890838,1.34683068530799,0.192828846972429,0.54346573475847,0.470505094988714,"TGFB1/QKI",2
"GO:0046823","negative regulation of nucleocytoplasmic transport","2/342","30/12706",0.0666666666666667,2.47680311890838,1.34683068530799,0.192828846972429,0.54346573475847,0.470505094988714,"RANBP2/NFKBIA",2
"GO:0060391","positive regulation of SMAD protein signal transduction","2/342","30/12706",0.0666666666666667,2.47680311890838,1.34683068530799,0.192828846972429,0.54346573475847,0.470505094988714,"CSNK2B/TGFB1",2
"GO:0098703","calcium ion import across plasma membrane","2/342","30/12706",0.0666666666666667,2.47680311890838,1.34683068530799,0.192828846972429,0.54346573475847,0.470505094988714,"P2RX1/PPP3R1",2
"GO:1901099","negative regulation of signal transduction in absence of ligand","2/342","30/12706",0.0666666666666667,2.47680311890838,1.34683068530799,0.192828846972429,0.54346573475847,0.470505094988714,"MCL1/HSPA1A",2
"GO:1902656","calcium ion import into cytosol","2/342","30/12706",0.0666666666666667,2.47680311890838,1.34683068530799,0.192828846972429,0.54346573475847,0.470505094988714,"P2RX1/PPP3R1",2
"GO:1903170","negative regulation of calcium ion transmembrane transport","2/342","30/12706",0.0666666666666667,2.47680311890838,1.34683068530799,0.192828846972429,0.54346573475847,0.470505094988714,"TGFB1/PPP3R1",2
"GO:2000515","negative regulation of CD4-positive, alpha-beta T cell activation","2/342","30/12706",0.0666666666666667,2.47680311890838,1.34683068530799,0.192828846972429,0.54346573475847,0.470505094988714,"CD69/RUNX1",2
"GO:2001240","negative regulation of extrinsic apoptotic signaling pathway in absence of ligand","2/342","30/12706",0.0666666666666667,2.47680311890838,1.34683068530799,0.192828846972429,0.54346573475847,0.470505094988714,"MCL1/HSPA1A",2
"GO:0007610","behavior","16/342","467/12706",0.0342612419700214,1.27287526453536,0.999241659936352,0.193112677576667,0.543862518627028,0.470848610356521,"FOS/TMBIM4/MAN2B1/GRN/P2RX1/SOD2/PICALM/BTG2/KMT2A/EIF4G1/DCTN1/EP300/HIPK2/CHD8/PTEN/PUM1",16
"GO:0060041","retina development in camera-type eye","5/342","114/12706",0.043859649122807,1.62947573612394,1.12280658773943,0.193413263017683,0.54430586676035,0.471232438705284,"FOS/GRN/TGFB1/GNB1/HIPK2",5
"GO:0051338","regulation of transferase activity","10/342","271/12706",0.03690036900369,1.37092423555815,1.02652102865554,0.195927819147117,0.550974532838269,0.477005831884954,"DUSP1/CCDC88A/CD4/ADAR/PABPN1/FGR/PIM1/ZFP36/HGS/MVP",10
"GO:0000302","response to reactive oxygen species","7/342","176/12706",0.0397727272727273,1.47763822434875,1.06120860551766,0.19685640285311,0.553176676753528,0.478912336501089,"FOS/DUSP1/FOXP1/SOD2/KLF2/TOP2B/SIRPA",7
"GO:0002711","positive regulation of T cell mediated immunity","3/342","57/12706",0.0526315789473684,1.95537088334872,1.20227058670493,0.197867120528352,0.553969655558759,0.479598857369318,"HLA-DRA/HLA-B/HLA-A",3
"GO:0016447","somatic recombination of immunoglobulin gene segments","3/342","57/12706",0.0526315789473684,1.95537088334872,1.20227058670493,0.197867120528352,0.553969655558759,0.479598857369318,"TGFB1/PRKDC/NFKBIZ",3
"GO:0031648","protein destabilization","3/342","57/12706",0.0526315789473684,1.95537088334872,1.20227058670493,0.197867120528352,0.553969655558759,0.479598857369318,"PRKDC/EP300/CTSH",3
"GO:0048278","vesicle docking","3/342","57/12706",0.0526315789473684,1.95537088334872,1.20227058670493,0.197867120528352,0.553969655558759,0.479598857369318,"STXBP2/STX10/PLEK",3
"GO:0070373","negative regulation of ERK1 and ERK2 cascade","3/342","57/12706",0.0526315789473684,1.95537088334872,1.20227058670493,0.197867120528352,0.553969655558759,0.479598857369318,"DUSP1/EIF3A/SIRPA",3
"GO:0000077","DNA damage checkpoint signaling","5/342","115/12706",0.0434782608695652,1.61530638189677,1.10237947174467,0.198108798852114,0.554238155434685,0.479831310956633,"PRKDC/NOP53/DGKZ/TAOK1/CSNK2A1",5
"GO:0045765","regulation of angiogenesis","9/342","240/12706",0.0375,1.39320175438596,1.02277097787962,0.199417626552816,0.557079953088764,0.482291595367691,"GRN/GTF2I/KLF2/RUNX1/HIPK2/QKI/NINJ1/HGS/ITGB2",9
"GO:0070663","regulation of leukocyte proliferation","9/342","240/12706",0.0375,1.39320175438596,1.02277097787962,0.199417626552816,0.557079953088764,0.482291595367691,"LST1/HLA-A/AIF1/SPN/HLA-DPA1/SYK/CD4/TGFB1/RIPOR2",9
"GO:0120032","regulation of plasma membrane bounded cell projection assembly","7/342","177/12706",0.0395480225988701,1.46928998579311,1.04566026447982,0.200615792647906,0.559280718712138,0.484196906728551,"SEPTIN7/SEPTIN9/CCDC88A/ARAP1/SDCCAG8/EVL/RIPOR2",7
"GO:0021543","pallium development","6/342","146/12706",0.0410958904109589,1.5267964431627,1.06474431945602,0.200748249839922,0.559280718712138,0.484196906728551,"FOS/FLNA/RARA/BTG2/TACC1/PTEN",6
"GO:0071248","cellular response to metal ion","6/342","146/12706",0.0410958904109589,1.5267964431627,1.06474431945602,0.200748249839922,0.559280718712138,0.484196906728551,"FOS/JUNB/JUND/JUN/CPNE1/CALR",6
"GO:0002709","regulation of T cell mediated immunity","4/342","86/12706",0.0465116279069767,1.72800217598259,1.12660873747061,0.201235145501895,0.559280718712138,0.484196906728551,"HLA-DRA/HLA-B/HLA-A/SPN",4
"GO:0010717","regulation of epithelial to mesenchymal transition","4/342","86/12706",0.0465116279069767,1.72800217598259,1.12660873747061,0.201235145501895,0.559280718712138,0.484196906728551,"SDHAF2/TGFB1/QKI/PTEN",4
"GO:0072089","stem cell proliferation","4/342","86/12706",0.0465116279069767,1.72800217598259,1.12660873747061,0.201235145501895,0.559280718712138,0.484196906728551,"TGFB1/ETV6/RUNX1/PIM1",4
"GO:1901222","regulation of non-canonical NF-kappaB signal transduction","4/342","86/12706",0.0465116279069767,1.72800217598259,1.12660873747061,0.201235145501895,0.559280718712138,0.484196906728551,"NDUFC2/DDX3X/CPNE1/CALR",4
"GO:0045859","regulation of protein kinase activity","8/342","209/12706",0.0382775119617225,1.42208791516271,1.02327900981196,0.202358926547757,0.559659194092194,0.48452457153473,"DUSP1/CCDC88A/CD4/ADAR/FGR/PIM1/HGS/MVP",8
"GO:0099003","vesicle-mediated transport in synapse","8/342","209/12706",0.0382775119617225,1.42208791516271,1.02327900981196,0.202358926547757,0.559659194092194,0.48452457153473,"STXBP2/P2RX1/AAK1/PPP3R1/STXBP5/RABEP1/AP3D1/PTEN",8
"GO:0006023","aminoglycan biosynthetic process","2/342","31/12706",0.0645161290322581,2.39690624410489,1.29507527193599,0.20268875346119,0.559659194092194,0.48452457153473,"TGFB1/CLTC",2
"GO:0010742","macrophage derived foam cell differentiation","2/342","31/12706",0.0645161290322581,2.39690624410489,1.29507527193599,0.20268875346119,0.559659194092194,0.48452457153473,"TGFB1/NFKBIA",2
"GO:0014075","response to amine","2/342","31/12706",0.0645161290322581,2.39690624410489,1.29507527193599,0.20268875346119,0.559659194092194,0.48452457153473,"CD4/RANBP2",2
"GO:0014904","myotube cell development","2/342","31/12706",0.0645161290322581,2.39690624410489,1.29507527193599,0.20268875346119,0.559659194092194,0.48452457153473,"DCAF8/PLEC",2
"GO:0045124","regulation of bone resorption","2/342","31/12706",0.0645161290322581,2.39690624410489,1.29507527193599,0.20268875346119,0.559659194092194,0.48452457153473,"SYK/ARAP1",2
"GO:0046329","negative regulation of JNK cascade","2/342","31/12706",0.0645161290322581,2.39690624410489,1.29507527193599,0.20268875346119,0.559659194092194,0.48452457153473,"GPS2/SIRPA",2
"GO:0017015","regulation of transforming growth factor beta receptor signaling pathway","5/342","116/12706",0.0431034482758621,1.60138132688042,1.08214873984889,0.202843337574709,0.559659194092194,0.48452457153473,"HSPA1A/OGT/EP300/ZBTB7A/HIPK2",5
"GO:0038127","ERBB signaling pathway","5/342","116/12706",0.0431034482758621,1.60138132688042,1.08214873984889,0.202843337574709,0.559659194092194,0.48452457153473,"CCDC88A/TGFB1/PLAUR/MVP/RAF1",5
"GO:0043470","regulation of carbohydrate catabolic process","3/342","58/12706",0.0517241379310345,1.9216575922565,1.17002074709904,0.204815293508222,0.563819363309197,0.488126235241247,"OGT/EP300/ZBTB7A",3
"GO:1902807","negative regulation of cell cycle G1/S phase transition","3/342","58/12706",0.0517241379310345,1.9216575922565,1.17002074709904,0.204815293508222,0.563819363309197,0.488126235241247,"PRKDC/DGKZ/PTEN",3
"GO:2000177","regulation of neural precursor cell proliferation","3/342","58/12706",0.0517241379310345,1.9216575922565,1.17002074709904,0.204815293508222,0.563819363309197,0.488126235241247,"TGFB1/FLNA/BTG2",3
"GO:0070665","positive regulation of leukocyte proliferation","6/342","147/12706",0.0408163265306122,1.51641007280105,1.04736180349646,0.2049443345853,0.563819363309197,0.488126235241247,"HLA-A/AIF1/SPN/HLA-DPA1/SYK/CD4",6
"GO:0016525","negative regulation of angiogenesis","4/342","87/12706",0.0459770114942529,1.70814008200578,1.10226805842916,0.206823592225654,0.568167122573655,0.491890304905401,"GTF2I/KLF2/QKI/HGS",4
"GO:2000181","negative regulation of blood vessel morphogenesis","4/342","87/12706",0.0459770114942529,1.70814008200578,1.10226805842916,0.206823592225654,0.568167122573655,0.491890304905401,"GTF2I/KLF2/QKI/HGS",4
"GO:0043467","regulation of generation of precursor metabolites and energy","5/342","117/12706",0.0427350427350427,1.58769430699255,1.06211046345142,0.207615710166536,0.569520151553513,0.493061688836301,"IL10RB/NOP53/OGT/EP300/ZBTB7A",5
"GO:0071322","cellular response to carbohydrate stimulus","5/342","117/12706",0.0427350427350427,1.58769430699255,1.06211046345142,0.207615710166536,0.569520151553513,0.493061688836301,"TGFB1/RBM4/CYBA/OGT/RAF1",5
"GO:0045862","positive regulation of proteolysis","7/342","179/12706",0.0391061452513966,1.45287333790715,1.01484711031386,0.208217607467189,0.570348230252342,0.493778597413847,"GRN/HSPA1A/NOP53/MYH9/OGT/HECTD1/PTEN",7
"GO:0060491","regulation of cell projection assembly","7/342","179/12706",0.0391061452513966,1.45287333790715,1.01484711031386,0.208217607467189,0.570348230252342,0.493778597413847,"SEPTIN7/SEPTIN9/CCDC88A/ARAP1/SDCCAG8/EVL/RIPOR2",7
"GO:0043068","positive regulation of programmed cell death","16/342","474/12706",0.0337552742616034,1.25407752856121,0.93762155004968,0.209086862780084,0.570847801167308,0.494211100598071,"CTSD/TLE5/S100A8/S100A9/RPL26/DUSP1/MCL1/GRN/RPS6/JUN/DDX3X/TGFB1/FOXP1/SOD2/PRKDC/CTSH",16
"GO:0009166","nucleotide catabolic process","6/342","148/12706",0.0405405405405405,1.50616405879564,1.03010812293086,0.209171955058854,0.570847801167308,0.494211100598071,"TYMP/PFKL/OGT/EP300/ZBTB7A/HK3",6
"GO:0031113","regulation of microtubule polymerization","3/342","59/12706",0.0508474576271186,1.88908712459114,1.13840673666843,0.211818734975726,0.570847801167308,0.494211100598071,"HSPA1A/DCTN1/NUMA1",3
"GO:0031663","lipopolysaccharide-mediated signaling pathway","3/342","59/12706",0.0508474576271186,1.88908712459114,1.13840673666843,0.211818734975726,0.570847801167308,0.494211100598071,"HCK/SIRPA/NFKBIA",3
"GO:0060070","canonical Wnt signaling pathway","9/342","244/12706",0.0368852459016393,1.37036238136324,0.971513404343734,0.212414763083978,0.570847801167308,0.494211100598071,"TLE5/SDHAF2/DDX3X/TGFB1/GNAQ/USP34/UBR5/EP300/CHD8",9
"GO:0014074","response to purine-containing compound","5/342","118/12706",0.0423728813559322,1.57423927049262,1.04226082712963,0.212424740491804,0.570847801167308,0.494211100598071,"ATP5PO/FOS/DUSP1/P2RX1/TOP2B",5
"GO:0090101","negative regulation of transmembrane receptor protein serine/threonine kinase signaling pathway","5/342","118/12706",0.0423728813559322,1.57423927049262,1.04226082712963,0.212424740491804,0.570847801167308,0.494211100598071,"HSPA1A/OGT/ZBTB7A/HIPK2/SORL1",5
"GO:1903844","regulation of cellular response to transforming growth factor beta stimulus","5/342","118/12706",0.0423728813559322,1.57423927049262,1.04226082712963,0.212424740491804,0.570847801167308,0.494211100598071,"HSPA1A/OGT/EP300/ZBTB7A/HIPK2",5
"GO:0006885","regulation of pH","4/342","88/12706",0.0454545454545455,1.68872939925572,1.07824036448995,0.212456593799869,0.570847801167308,0.494211100598071,"RNASEK/GRN/DMXL2/TMEM165",4
"GO:0030071","regulation of mitotic metaphase/anaphase transition","4/342","88/12706",0.0454545454545455,1.68872939925572,1.07824036448995,0.212456593799869,0.570847801167308,0.494211100598071,"DUSP1/ARID1A/SMARCA2/ARID2",4
"GO:0051348","negative regulation of transferase activity","4/342","88/12706",0.0454545454545455,1.68872939925572,1.07824036448995,0.212456593799869,0.570847801167308,0.494211100598071,"DUSP1/ADAR/ZFP36/MVP",4
"GO:1901343","negative regulation of vasculature development","4/342","88/12706",0.0454545454545455,1.68872939925572,1.07824036448995,0.212456593799869,0.570847801167308,0.494211100598071,"GTF2I/KLF2/QKI/HGS",4
"GO:1901992","positive regulation of mitotic cell cycle phase transition","4/342","88/12706",0.0454545454545455,1.68872939925572,1.07824036448995,0.212456593799869,0.570847801167308,0.494211100598071,"AIF1/DDX3X/TGFB1/EIF4G1",4
"GO:0002920","regulation of humoral immune response","2/342","32/12706",0.0625,2.32200292397661,1.24529270219634,0.212604020634642,0.570847801167308,0.494211100598071,"CD59/CFP",2
"GO:0006956","complement activation","2/342","32/12706",0.0625,2.32200292397661,1.24529270219634,0.212604020634642,0.570847801167308,0.494211100598071,"CD59/CFP",2
"GO:0009595","detection of biotic stimulus","2/342","32/12706",0.0625,2.32200292397661,1.24529270219634,0.212604020634642,0.570847801167308,0.494211100598071,"HLA-B/HLA-A",2
"GO:0021955","central nervous system neuron axonogenesis","2/342","32/12706",0.0625,2.32200292397661,1.24529270219634,0.212604020634642,0.570847801167308,0.494211100598071,"MYCBP2/PTEN",2
"GO:0036257","multivesicular body organization","2/342","32/12706",0.0625,2.32200292397661,1.24529270219634,0.212604020634642,0.570847801167308,0.494211100598071,"HGS/RAB27A",2
"GO:0043276","anoikis","2/342","32/12706",0.0625,2.32200292397661,1.24529270219634,0.212604020634642,0.570847801167308,0.494211100598071,"TLE5/MCL1",2
"GO:0043537","negative regulation of blood vessel endothelial cell migration","2/342","32/12706",0.0625,2.32200292397661,1.24529270219634,0.212604020634642,0.570847801167308,0.494211100598071,"CSNK2B/TGFB1",2
"GO:0050922","negative regulation of chemotaxis","2/342","32/12706",0.0625,2.32200292397661,1.24529270219634,0.212604020634642,0.570847801167308,0.494211100598071,"AIF1/DUSP1",2
"GO:0071398","cellular response to fatty acid","2/342","32/12706",0.0625,2.32200292397661,1.24529270219634,0.212604020634642,0.570847801167308,0.494211100598071,"JUND/CD4",2
"GO:0071498","cellular response to fluid shear stress","2/342","32/12706",0.0625,2.32200292397661,1.24529270219634,0.212604020634642,0.570847801167308,0.494211100598071,"KLF2/PLEC",2
"GO:0090077","foam cell differentiation","2/342","32/12706",0.0625,2.32200292397661,1.24529270219634,0.212604020634642,0.570847801167308,0.494211100598071,"TGFB1/NFKBIA",2
"GO:1901798","positive regulation of signal transduction by p53 class mediator","2/342","32/12706",0.0625,2.32200292397661,1.24529270219634,0.212604020634642,0.570847801167308,0.494211100598071,"RPL26/PPP1R15A",2
"GO:1901889","negative regulation of cell junction assembly","2/342","32/12706",0.0625,2.32200292397661,1.24529270219634,0.212604020634642,0.570847801167308,0.494211100598071,"RPS6/PTEN",2
"GO:1902003","regulation of amyloid-beta formation","2/342","32/12706",0.0625,2.32200292397661,1.24529270219634,0.212604020634642,0.570847801167308,0.494211100598071,"PICALM/SORL1",2
"GO:2000765","regulation of cytoplasmic translation","2/342","32/12706",0.0625,2.32200292397661,1.24529270219634,0.212604020634642,0.570847801167308,0.494211100598071,"HNRNPD/CPEB4",2
"GO:0009746","response to hexose","6/342","149/12706",0.0402684563758389,1.49605557517956,1.01298126138847,0.213430325818145,0.572662031588276,0.495781769366965,"TGFB1/RBM4/PFKL/CYBA/OGT/RAF1",6
"GO:0009410","response to xenobiotic stimulus","11/342","310/12706",0.0354838709677419,1.31829843425769,0.943616344929113,0.214970952536435,0.57638897146934,0.499008365066759,"VKORC1/FOS/RPP21/JUN/TGFB1/SOD2/CD69/CYBA/XPO1/CALR/NFKBIZ",11
"GO:0031396","regulation of protein ubiquitination","7/342","181/12706",0.0386740331491713,1.4368194888695,0.98440387828033,0.215926412743913,0.578135367079125,0.500520305893414,"UBE2V1/DDX3X/HSPA1A/HUWE1/MYCBP2/GPS2/OGT",7
"GO:1903828","negative regulation of protein localization","7/342","181/12706",0.0386740331491713,1.4368194888695,0.98440387828033,0.215926412743913,0.578135367079125,0.500520305893414,"TGFB1/CLTC/PICALM/PFKL/RAB11FIP1/NFKBIA/RIPOR2",7
"GO:0008277","regulation of G protein-coupled receptor signaling pathway","5/342","119/12706",0.0420168067226891,1.5610103690599,1.02259612442612,0.217269246259448,0.580912569816047,0.502924667298314,"GRK2/PLEK/USP33/KCTD12/GRK6",5
"GO:0009185","ribonucleoside diphosphate metabolic process","5/342","119/12706",0.0420168067226891,1.5610103690599,1.02259612442612,0.217269246259448,0.580912569816047,0.502924667298314,"PFKL/OGT/EP300/ZBTB7A/HK3",5
"GO:0090263","positive regulation of canonical Wnt signaling pathway","4/342","89/12706",0.0449438202247191,1.66975491162363,1.05451739589418,0.218132189653746,0.582400691758105,0.504213007870537,"DDX3X/TGFB1/USP34/UBR5",4
"GO:1902099","regulation of metaphase/anaphase transition of cell cycle","4/342","89/12706",0.0449438202247191,1.66975491162363,1.05451739589418,0.218132189653746,0.582400691758105,0.504213007870537,"DUSP1/ARID1A/SMARCA2/ARID2",4
"GO:0015837","amine transport","3/342","60/12706",0.05,1.85760233918129,1.10740347735029,0.218873598687028,0.58318129067572,0.504888810859375,"SEPTIN2/SLC44A1/GRK2",3
"GO:0030225","macrophage differentiation","3/342","60/12706",0.05,1.85760233918129,1.10740347735029,0.218873598687028,0.58318129067572,0.504888810859375,"CD4/TGFB1/QKI",3
"GO:0001666","response to hypoxia","9/342","246/12706",0.0365853658536585,1.35922122379119,0.946218445725926,0.219038107071259,0.58318129067572,0.504888810859375,"FOS/EGLN2/JUND/TGFB1/SOD2/NOP53/CYBA/EP300/HIPK2",9
"GO:0090150","establishment of protein localization to membrane","9/342","246/12706",0.0365853658536585,1.35922122379119,0.946218445725926,0.219038107071259,0.58318129067572,0.504888810859375,"TOMM6/TIMM10B/GET3/MACF1/OXA1L/RAB31/ITGAM/SORL1/ITGB2",9
"GO:1904951","positive regulation of establishment of protein localization","10/342","279/12706",0.03584229390681,1.33161458005827,0.931479837766245,0.220391380273806,0.584792935346362,0.506284091150938,"IER3IP1/TGFB1/TARDBP/FLNA/HUWE1/UBR5/EP300/ITGAM/SORL1/ITGB2",10
"GO:0009154","purine ribonucleotide catabolic process","5/342","120/12706",0.0416666666666667,1.54800194931774,1.00311275382693,0.222148039965019,0.584792935346362,0.506284091150938,"PFKL/OGT/EP300/ZBTB7A/HK3",5
"GO:0007162","negative regulation of cell adhesion","9/342","247/12706",0.0364372469635627,1.35371830385681,0.933652591648134,0.222379794220316,0.584792935346362,0.506284091150938,"SPN/DUSP1/TGFB1/CD69/PAG1/RUNX1/TGFBI/PTEN/RIPOR2",9
"GO:0000132","establishment of mitotic spindle orientation","2/342","33/12706",0.0606060606060606,2.25163919900762,1.19733946685976,0.222564562078785,0.584792935346362,0.506284091150938,"DCTN1/NUMA1",2
"GO:0000154","rRNA modification","2/342","33/12706",0.0606060606060606,2.25163919900762,1.19733946685976,0.222564562078785,0.584792935346362,0.506284091150938,"FBL/EMG1",2
"GO:0006891","intra-Golgi vesicle-mediated transport","2/342","33/12706",0.0606060606060606,2.25163919900762,1.19733946685976,0.222564562078785,0.584792935346362,0.506284091150938,"COPB1/GOSR2",2
"GO:0032743","positive regulation of interleukin-2 production","2/342","33/12706",0.0606060606060606,2.25163919900762,1.19733946685976,0.222564562078785,0.584792935346362,0.506284091150938,"CD4/RUNX1",2
"GO:0033146","regulation of intracellular estrogen receptor signaling pathway","2/342","33/12706",0.0606060606060606,2.25163919900762,1.19733946685976,0.222564562078785,0.584792935346362,0.506284091150938,"PAGR1/CNOT1",2
"GO:0035459","vesicle cargo loading","2/342","33/12706",0.0606060606060606,2.25163919900762,1.19733946685976,0.222564562078785,0.584792935346362,0.506284091150938,"PICALM/AP3D1",2
"GO:0045648","positive regulation of erythrocyte differentiation","2/342","33/12706",0.0606060606060606,2.25163919900762,1.19733946685976,0.222564562078785,0.584792935346362,0.506284091150938,"HSPA1A/PRKDC",2
"GO:0046427","positive regulation of receptor signaling pathway via JAK-STAT","2/342","33/12706",0.0606060606060606,2.25163919900762,1.19733946685976,0.222564562078785,0.584792935346362,0.506284091150938,"IL10RB/EP300",2
"GO:0060074","synapse maturation","2/342","33/12706",0.0606060606060606,2.25163919900762,1.19733946685976,0.222564562078785,0.584792935346362,0.506284091150938,"PTEN/SNX27",2
"GO:0060323","head morphogenesis","2/342","33/12706",0.0606060606060606,2.25163919900762,1.19733946685976,0.222564562078785,0.584792935346362,0.506284091150938,"TGFB1/EP300",2
"GO:0060428","lung epithelium development","2/342","33/12706",0.0606060606060606,2.25163919900762,1.19733946685976,0.222564562078785,0.584792935346362,0.506284091150938,"KLF2/PPP3R1",2
"GO:0071353","cellular response to interleukin-4","2/342","33/12706",0.0606060606060606,2.25163919900762,1.19733946685976,0.222564562078785,0.584792935346362,0.506284091150938,"IL2RG/IMPDH2",2
"GO:0085029","extracellular matrix assembly","2/342","33/12706",0.0606060606060606,2.25163919900762,1.19733946685976,0.222564562078785,0.584792935346362,0.506284091150938,"TGFB1/QSOX1",2
"GO:1903351","cellular response to dopamine","2/342","33/12706",0.0606060606060606,2.25163919900762,1.19733946685976,0.222564562078785,0.584792935346362,0.506284091150938,"GNB1/FLNA",2
"GO:0110020","regulation of actomyosin structure organization","4/342","90/12706",0.0444444444444444,1.65120207927225,1.0310912055496,0.223848422544205,0.584792935346362,0.506284091150938,"AKAP13/CCDC88A/ARAP1/EVL",4
"GO:1903312","negative regulation of mRNA metabolic process","4/342","90/12706",0.0444444444444444,1.65120207927225,1.0310912055496,0.223848422544205,0.584792935346362,0.506284091150938,"TARDBP/HNRNPD/QKI/ZFP36",4
"GO:1990830","cellular response to leukemia inhibitory factor","4/342","90/12706",0.0444444444444444,1.65120207927225,1.0310912055496,0.223848422544205,0.584792935346362,0.506284091150938,"RPS16/JARID2/MAT2A/RNF138",4
"GO:0030335","positive regulation of cell migration","15/342","447/12706",0.0335570469798658,1.2467129793163,0.883159462412818,0.225080349884,0.584792935346362,0.506284091150938,"AIF1/SPN/GRN/JUN/TGFB1/FOXP1/SOD2/DOCK8/FLNA/MAZ/CALR/PREX1/FGR/RIPOR2/CTSH",15
"GO:0031122","cytoplasmic microtubule organization","3/342","61/12706",0.0491803278688525,1.82714984181766,1.07698729791093,0.225976093222167,0.584792935346362,0.506284091150938,"CCDC88A/DYNC1H1/NUMA1",3
"GO:0046425","regulation of receptor signaling pathway via JAK-STAT","3/342","61/12706",0.0491803278688525,1.82714984181766,1.07698729791093,0.225976093222167,0.584792935346362,0.506284091150938,"IL10RB/EP300/HGS",3
"GO:0055002","striated muscle cell development","5/342","121/12706",0.0413223140495868,1.53520854477792,0.983807214921011,0.227059929812485,0.584792935346362,0.506284091150938,"AKAP13/FOXP1/DCAF8/PLEC/CTCF",5
"GO:1903322","positive regulation of protein modification by small protein conjugation or removal","5/342","121/12706",0.0413223140495868,1.53520854477792,0.983807214921011,0.227059929812485,0.584792935346362,0.506284091150938,"UBE2V1/DDX3X/NOP53/HUWE1/MYCBP2",5
"GO:0019722","calcium-mediated signaling","7/342","184/12706",0.0380434782608696,1.41339308415967,0.939412118127391,0.227680249278667,0.584792935346362,0.506284091150938,"TMBIM4/SYK/CD4/P2RX1/PPP3R1/PLEK/NFATC3",7
"GO:0007200","phospholipase C-activating G protein-coupled receptor signaling pathway","4/342","91/12706",0.043956043956044,1.63305700147805,1.00795414378688,0.229603340281048,0.584792935346362,0.506284091150938,"GNB1/GNAQ/PLEK/DGKZ",4
"GO:0031110","regulation of microtubule polymerization or depolymerization","4/342","91/12706",0.043956043956044,1.63305700147805,1.00795414378688,0.229603340281048,0.584792935346362,0.506284091150938,"HSPA1A/TAOK1/DCTN1/NUMA1",4
"GO:0090398","cellular senescence","4/342","91/12706",0.043956043956044,1.63305700147805,1.00795414378688,0.229603340281048,0.584792935346362,0.506284091150938,"CALR/TOP2B/HMGA1/PTEN",4
"GO:0038061","non-canonical NF-kappaB signal transduction","5/342","122/12706",0.040983606557377,1.52262486818138,0.964676104731061,0.232003720615581,0.584792935346362,0.506284091150938,"NDUFC2/DDX3X/CPNE1/CALR/NFKBIA",5
"GO:1901875","positive regulation of post-translational protein modification","5/342","122/12706",0.040983606557377,1.52262486818138,0.964676104731061,0.232003720615581,0.584792935346362,0.506284091150938,"UBE2V1/DDX3X/NOP53/HUWE1/MYCBP2",5
"GO:0000462","maturation of SSU-rRNA from tricistronic rRNA transcript (SSU-rRNA, 5.8S rRNA, LSU-rRNA)","2/342","34/12706",0.0588235294117647,2.18541451668387,1.15108662389689,0.232560791271287,0.584792935346362,0.506284091150938,"RPS16/WDR43",2
"GO:0007215","glutamate receptor signaling pathway","2/342","34/12706",0.0588235294117647,2.18541451668387,1.15108662389689,0.232560791271287,0.584792935346362,0.506284091150938,"GNAQ/CPEB4",2
"GO:0007520","myoblast fusion","2/342","34/12706",0.0588235294117647,2.18541451668387,1.15108662389689,0.232560791271287,0.584792935346362,0.506284091150938,"MYH9/RIPOR2",2
"GO:0030279","negative regulation of ossification","2/342","34/12706",0.0588235294117647,2.18541451668387,1.15108662389689,0.232560791271287,0.584792935346362,0.506284091150938,"TGFB1/SRGN",2
"GO:0044319","wound healing, spreading of cells","2/342","34/12706",0.0588235294117647,2.18541451668387,1.15108662389689,0.232560791271287,0.584792935346362,0.506284091150938,"FLNA/PTEN",2
"GO:0045214","sarcomere organization","2/342","34/12706",0.0588235294117647,2.18541451668387,1.15108662389689,0.232560791271287,0.584792935346362,0.506284091150938,"AKAP13/PLEC",2
"GO:0045577","regulation of B cell differentiation","2/342","34/12706",0.0588235294117647,2.18541451668387,1.15108662389689,0.232560791271287,0.584792935346362,0.506284091150938,"IL2RG/SYK",2
"GO:0070670","response to interleukin-4","2/342","34/12706",0.0588235294117647,2.18541451668387,1.15108662389689,0.232560791271287,0.584792935346362,0.506284091150938,"IL2RG/IMPDH2",2
"GO:0090505","epiboly involved in wound healing","2/342","34/12706",0.0588235294117647,2.18541451668387,1.15108662389689,0.232560791271287,0.584792935346362,0.506284091150938,"FLNA/PTEN",2
"GO:0098732","macromolecule deacylation","2/342","34/12706",0.0588235294117647,2.18541451668387,1.15108662389689,0.232560791271287,0.584792935346362,0.506284091150938,"FLNA/EP300",2
"GO:1903350","response to dopamine","2/342","34/12706",0.0588235294117647,2.18541451668387,1.15108662389689,0.232560791271287,0.584792935346362,0.506284091150938,"GNB1/FLNA",2
"GO:2000378","negative regulation of reactive oxygen species metabolic process","2/342","34/12706",0.0588235294117647,2.18541451668387,1.15108662389689,0.232560791271287,0.584792935346362,0.506284091150938,"NDUFC2/ACP5",2
"GO:0001570","vasculogenesis","3/342","62/12706",0.0483870967741935,1.79767968307866,1.04713583296192,0.233122484792112,0.584792935346362,0.506284091150938,"JUNB/TGFB1/QKI",3
"GO:0055013","cardiac muscle cell development","3/342","62/12706",0.0483870967741935,1.79767968307866,1.04713583296192,0.233122484792112,0.584792935346362,0.506284091150938,"FOXP1/PLEC/CTCF",3
"GO:0051336","regulation of hydrolase activity","6/342","154/12706",0.038961038961039,1.44748234221918,0.929181784229905,0.235155510831726,0.584792935346362,0.506284091150938,"GRN/DOCK8/TIMP2/ARAP1/ARFGEF1/RIPOR2",6
"GO:0007091","metaphase/anaphase transition of mitotic cell cycle","4/342","92/12706",0.0434782608695652,1.61530638189677,0.985098844019892,0.235394997381203,0.584792935346362,0.506284091150938,"DUSP1/ARID1A/SMARCA2/ARID2",4
"GO:0010595","positive regulation of endothelial cell migration","4/342","92/12706",0.0434782608695652,1.61530638189677,0.985098844019892,0.235394997381203,0.584792935346362,0.506284091150938,"GRN/TGFB1/FOXP1/CALR",4
"GO:0014902","myotube differentiation","4/342","92/12706",0.0434782608695652,1.61530638189677,0.985098844019892,0.235394997381203,0.584792935346362,0.506284091150938,"DCAF8/MYH9/PLEC/RIPOR2",4
"GO:0030216","keratinocyte differentiation","4/342","92/12706",0.0434782608695652,1.61530638189677,0.985098844019892,0.235394997381203,0.584792935346362,0.506284091150938,"NFKBIZ/PLEC/NUMA1/ZFP36",4
"GO:0043124","negative regulation of canonical NF-kappaB signal transduction","4/342","92/12706",0.0434782608695652,1.61530638189677,0.985098844019892,0.235394997381203,0.584792935346362,0.506284091150938,"HUWE1/SIRPA/NFKBIA/NKIRAS2",4
"GO:0140888","interferon-mediated signaling pathway","4/342","92/12706",0.0434782608695652,1.61530638189677,0.985098844019892,0.235394997381203,0.584792935346362,0.506284091150938,"IL10RB/ADAR/HCK/RAF1",4
"GO:1990823","response to leukemia inhibitory factor","4/342","92/12706",0.0434782608695652,1.61530638189677,0.985098844019892,0.235394997381203,0.584792935346362,0.506284091150938,"RPS16/JARID2/MAT2A/RNF138",4
"GO:2000060","positive regulation of ubiquitin-dependent protein catabolic process","4/342","92/12706",0.0434782608695652,1.61530638189677,0.985098844019892,0.235394997381203,0.584792935346362,0.506284091150938,"HSPA1A/NOP53/HECTD1/PTEN",4
"GO:0072659","protein localization to plasma membrane","9/342","251/12706",0.0358565737051793,1.33214510379535,0.883921584652136,0.235938536916011,0.584792935346362,0.506284091150938,"FYB1/CCDC88A/MACF1/TGFB1/CLTC/PICALM/FLNA/RAB31/SORL1",9
"GO:0001890","placenta development","5/342","123/12706",0.040650406504065,1.51024580421243,0.945716114206857,0.236978214678389,0.584792935346362,0.506284091150938,"JUNB/BPTF/BIRC6/HS6ST1/GSE1",5
"GO:0001905","activation of membrane attack complex","1/342","10/12706",0.1,3.71520467836257,1.42853210734233,0.238869918093872,0.584792935346362,0.506284091150938,"CD59",1
"GO:0002323","natural killer cell activation involved in immune response","1/342","10/12706",0.1,3.71520467836257,1.42853210734233,0.238869918093872,0.584792935346362,0.506284091150938,"RAB27A",1
"GO:0002887","negative regulation of myeloid leukocyte mediated immunity","1/342","10/12706",0.1,3.71520467836257,1.42853210734233,0.238869918093872,0.584792935346362,0.506284091150938,"CD84",1
"GO:0003093","regulation of glomerular filtration","1/342","10/12706",0.1,3.71520467836257,1.42853210734233,0.238869918093872,0.584792935346362,0.506284091150938,"CYBA",1
"GO:0003334","keratinocyte development","1/342","10/12706",0.1,3.71520467836257,1.42853210734233,0.238869918093872,0.584792935346362,0.506284091150938,"PLEC",1
"GO:0006013","mannose metabolic process","1/342","10/12706",0.1,3.71520467836257,1.42853210734233,0.238869918093872,0.584792935346362,0.506284091150938,"MAN2B1",1
"GO:0006265","DNA topological change","1/342","10/12706",0.1,3.71520467836257,1.42853210734233,0.238869918093872,0.584792935346362,0.506284091150938,"TOP2B",1
"GO:0006957","complement activation, alternative pathway","1/342","10/12706",0.1,3.71520467836257,1.42853210734233,0.238869918093872,0.584792935346362,0.506284091150938,"CFP",1
"GO:0007620","copulation","1/342","10/12706",0.1,3.71520467836257,1.42853210734233,0.238869918093872,0.584792935346362,0.506284091150938,"P2RX1",1
"GO:0008228","opsonization","1/342","10/12706",0.1,3.71520467836257,1.42853210734233,0.238869918093872,0.584792935346362,0.506284091150938,"CFP",1
"GO:0009176","pyrimidine deoxyribonucleoside monophosphate metabolic process","1/342","10/12706",0.1,3.71520467836257,1.42853210734233,0.238869918093872,0.584792935346362,0.506284091150938,"TYMP",1
"GO:0010807","regulation of synaptic vesicle priming","1/342","10/12706",0.1,3.71520467836257,1.42853210734233,0.238869918093872,0.584792935346362,0.506284091150938,"STXBP5",1
"GO:0016185","synaptic vesicle budding from presynaptic endocytic zone membrane","1/342","10/12706",0.1,3.71520467836257,1.42853210734233,0.238869918093872,0.584792935346362,0.506284091150938,"AP3D1",1
"GO:0019065","receptor-mediated endocytosis of virus by host cell","1/342","10/12706",0.1,3.71520467836257,1.42853210734233,0.238869918093872,0.584792935346362,0.506284091150938,"RNASEK",1
"GO:0019852","L-ascorbic acid metabolic process","1/342","10/12706",0.1,3.71520467836257,1.42853210734233,0.238869918093872,0.584792935346362,0.506284091150938,"SLC2A3",1
"GO:0030948","negative regulation of vascular endothelial growth factor receptor signaling pathway","1/342","10/12706",0.1,3.71520467836257,1.42853210734233,0.238869918093872,0.584792935346362,0.506284091150938,"HGS",1
"GO:0030953","astral microtubule organization","1/342","10/12706",0.1,3.71520467836257,1.42853210734233,0.238869918093872,0.584792935346362,0.506284091150938,"NUMA1",1
"GO:0032815","negative regulation of natural killer cell activation","1/342","10/12706",0.1,3.71520467836257,1.42853210734233,0.238869918093872,0.584792935346362,0.506284091150938,"FGR",1
"GO:0033572","transferrin transport","1/342","10/12706",0.1,3.71520467836257,1.42853210734233,0.238869918093872,0.584792935346362,0.506284091150938,"CLTC",1
"GO:0034154","toll-like receptor 7 signaling pathway","1/342","10/12706",0.1,3.71520467836257,1.42853210734233,0.238869918093872,0.584792935346362,0.506284091150938,"DDX3X",1
"GO:0034975","protein folding in endoplasmic reticulum","1/342","10/12706",0.1,3.71520467836257,1.42853210734233,0.238869918093872,0.584792935346362,0.506284091150938,"CALR",1
"GO:0035646","endosome to melanosome transport","1/342","10/12706",0.1,3.71520467836257,1.42853210734233,0.238869918093872,0.584792935346362,0.506284091150938,"AP3D1",1
"GO:0035696","monocyte extravasation","1/342","10/12706",0.1,3.71520467836257,1.42853210734233,0.238869918093872,0.584792935346362,0.506284091150938,"SIRPA",1
"GO:0036446","myofibroblast differentiation","1/342","10/12706",0.1,3.71520467836257,1.42853210734233,0.238869918093872,0.584792935346362,0.506284091150938,"TGFB1",1
"GO:0042921","nuclear receptor-mediated glucocorticoid signaling pathway","1/342","10/12706",0.1,3.71520467836257,1.42853210734233,0.238869918093872,0.584792935346362,0.506284091150938,"CALR",1
"GO:0043476","pigment accumulation","1/342","10/12706",0.1,3.71520467836257,1.42853210734233,0.238869918093872,0.584792935346362,0.506284091150938,"AP3D1",1
"GO:0043482","cellular pigment accumulation","1/342","10/12706",0.1,3.71520467836257,1.42853210734233,0.238869918093872,0.584792935346362,0.506284091150938,"AP3D1",1
"GO:0043485","endosome to pigment granule transport","1/342","10/12706",0.1,3.71520467836257,1.42853210734233,0.238869918093872,0.584792935346362,0.506284091150938,"AP3D1",1
"GO:0044837","actomyosin contractile ring organization","1/342","10/12706",0.1,3.71520467836257,1.42853210734233,0.238869918093872,0.584792935346362,0.506284091150938,"PLEC",1
"GO:0045647","negative regulation of erythrocyte differentiation","1/342","10/12706",0.1,3.71520467836257,1.42853210734233,0.238869918093872,0.584792935346362,0.506284091150938,"ZFP36",1
"GO:0045916","negative regulation of complement activation","1/342","10/12706",0.1,3.71520467836257,1.42853210734233,0.238869918093872,0.584792935346362,0.506284091150938,"CD59",1
"GO:0046051","UTP metabolic process","1/342","10/12706",0.1,3.71520467836257,1.42853210734233,0.238869918093872,0.584792935346362,0.506284091150938,"NME4",1
"GO:0046500","S-adenosylmethionine metabolic process","1/342","10/12706",0.1,3.71520467836257,1.42853210734233,0.238869918093872,0.584792935346362,0.506284091150938,"MAT2A",1
"GO:0048635","negative regulation of muscle organ development","1/342","10/12706",0.1,3.71520467836257,1.42853210734233,0.238869918093872,0.584792935346362,0.506284091150938,"TGFB1",1
"GO:0048757","pigment granule maturation","1/342","10/12706",0.1,3.71520467836257,1.42853210734233,0.238869918093872,0.584792935346362,0.506284091150938,"AP3D1",1
"GO:0050847","progesterone receptor signaling pathway","1/342","10/12706",0.1,3.71520467836257,1.42853210734233,0.238869918093872,0.584792935346362,0.506284091150938,"UBR5",1
"GO:0050859","negative regulation of B cell receptor signaling pathway","1/342","10/12706",0.1,3.71520467836257,1.42853210734233,0.238869918093872,0.584792935346362,0.506284091150938,"GPS2",1
"GO:0051412","response to corticosterone","1/342","10/12706",0.1,3.71520467836257,1.42853210734233,0.238869918093872,0.584792935346362,0.506284091150938,"FOS",1
"GO:0061052","negative regulation of cell growth involved in cardiac muscle cell development","1/342","10/12706",0.1,3.71520467836257,1.42853210734233,0.238869918093872,0.584792935346362,0.506284091150938,"FOXP1",1
"GO:0070254","mucus secretion","1/342","10/12706",0.1,3.71520467836257,1.42853210734233,0.238869918093872,0.584792935346362,0.506284091150938,"CYBA",1
"GO:0070837","dehydroascorbic acid transport","1/342","10/12706",0.1,3.71520467836257,1.42853210734233,0.238869918093872,0.584792935346362,0.506284091150938,"SLC2A3",1
"GO:0070900","mitochondrial tRNA modification","1/342","10/12706",0.1,3.71520467836257,1.42853210734233,0.238869918093872,0.584792935346362,0.506284091150938,"TRMT5",1
"GO:0070922","RISC complex assembly","1/342","10/12706",0.1,3.71520467836257,1.42853210734233,0.238869918093872,0.584792935346362,0.506284091150938,"ADAR",1
"GO:0070934","CRD-mediated mRNA stabilization","1/342","10/12706",0.1,3.71520467836257,1.42853210734233,0.238869918093872,0.584792935346362,0.506284091150938,"HNRNPD",1
"GO:0071236","cellular response to antibiotic","1/342","10/12706",0.1,3.71520467836257,1.42853210734233,0.238869918093872,0.584792935346362,0.506284091150938,"CRIP1",1
"GO:0071349","cellular response to interleukin-12","1/342","10/12706",0.1,3.71520467836257,1.42853210734233,0.238869918093872,0.584792935346362,0.506284091150938,"SIRPA",1
"GO:0071362","cellular response to ether","1/342","10/12706",0.1,3.71520467836257,1.42853210734233,0.238869918093872,0.584792935346362,0.506284091150938,"CD4",1
"GO:0071421","manganese ion transmembrane transport","1/342","10/12706",0.1,3.71520467836257,1.42853210734233,0.238869918093872,0.584792935346362,0.506284091150938,"TMEM165",1
"GO:0090715","immunological memory formation process","1/342","10/12706",0.1,3.71520467836257,1.42853210734233,0.238869918093872,0.584792935346362,0.506284091150938,"HLA-DRA",1
"GO:0097400","interleukin-17-mediated signaling pathway","1/342","10/12706",0.1,3.71520467836257,1.42853210734233,0.238869918093872,0.584792935346362,0.506284091150938,"IL17RA",1
"GO:0097681","double-strand break repair via alternative nonhomologous end joining","1/342","10/12706",0.1,3.71520467836257,1.42853210734233,0.238869918093872,0.584792935346362,0.506284091150938,"PRKDC",1
"GO:0098664","G protein-coupled serotonin receptor signaling pathway","1/342","10/12706",0.1,3.71520467836257,1.42853210734233,0.238869918093872,0.584792935346362,0.506284091150938,"GNAQ",1
"GO:0099509","regulation of presynaptic cytosolic calcium ion concentration","1/342","10/12706",0.1,3.71520467836257,1.42853210734233,0.238869918093872,0.584792935346362,0.506284091150938,"P2RX1",1
"GO:1900246","positive regulation of RIG-I signaling pathway","1/342","10/12706",0.1,3.71520467836257,1.42853210734233,0.238869918093872,0.584792935346362,0.506284091150938,"PUM1",1
"GO:1901077","regulation of relaxation of muscle","1/342","10/12706",0.1,3.71520467836257,1.42853210734233,0.238869918093872,0.584792935346362,0.506284091150938,"GRK2",1
"GO:1901862","negative regulation of muscle tissue development","1/342","10/12706",0.1,3.71520467836257,1.42853210734233,0.238869918093872,0.584792935346362,0.506284091150938,"TGFB1",1
"GO:1902563","regulation of neutrophil activation","1/342","10/12706",0.1,3.71520467836257,1.42853210734233,0.238869918093872,0.584792935346362,0.506284091150938,"GRN",1
"GO:1903332","regulation of protein folding","1/342","10/12706",0.1,3.71520467836257,1.42853210734233,0.238869918093872,0.584792935346362,0.506284091150938,"GRN",1
"GO:1903441","protein localization to ciliary membrane","1/342","10/12706",0.1,3.71520467836257,1.42853210734233,0.238869918093872,0.584792935346362,0.506284091150938,"RABEP1",1
"GO:1903564","regulation of protein localization to cilium","1/342","10/12706",0.1,3.71520467836257,1.42853210734233,0.238869918093872,0.584792935346362,0.506284091150938,"CCDC88A",1
"GO:1905091","positive regulation of type 2 mitophagy","1/342","10/12706",0.1,3.71520467836257,1.42853210734233,0.238869918093872,0.584792935346362,0.506284091150938,"HUWE1",1
"GO:1905288","vascular associated smooth muscle cell apoptotic process","1/342","10/12706",0.1,3.71520467836257,1.42853210734233,0.238869918093872,0.584792935346362,0.506284091150938,"SOD2",1
"GO:1905459","regulation of vascular associated smooth muscle cell apoptotic process","1/342","10/12706",0.1,3.71520467836257,1.42853210734233,0.238869918093872,0.584792935346362,0.506284091150938,"SOD2",1
"GO:1990034","calcium ion export across plasma membrane","1/342","10/12706",0.1,3.71520467836257,1.42853210734233,0.238869918093872,0.584792935346362,0.506284091150938,"ATP2B1",1
"GO:1990535","neuron projection maintenance","1/342","10/12706",0.1,3.71520467836257,1.42853210734233,0.238869918093872,0.584792935346362,0.506284091150938,"DCTN1",1
"GO:1990839","response to endothelin","1/342","10/12706",0.1,3.71520467836257,1.42853210734233,0.238869918093872,0.584792935346362,0.506284091150938,"KLF2",1
"GO:2000234","positive regulation of rRNA processing","1/342","10/12706",0.1,3.71520467836257,1.42853210734233,0.238869918093872,0.584792935346362,0.506284091150938,"WDR43",1
"GO:2000343","positive regulation of chemokine (C-X-C motif) ligand 2 production","1/342","10/12706",0.1,3.71520467836257,1.42853210734233,0.238869918093872,0.584792935346362,0.506284091150938,"TGFB1",1
"GO:2000508","regulation of dendritic cell chemotaxis","1/342","10/12706",0.1,3.71520467836257,1.42853210734233,0.238869918093872,0.584792935346362,0.506284091150938,"CALR",1
"GO:0042770","signal transduction in response to DNA damage","7/342","187/12706",0.0374331550802139,1.39071832879882,0.895201204278084,0.239648845894835,0.585217547732004,0.506651699038726,"RPL26/PRKDC/NOP53/DGKZ/TAOK1/CSNK2A1/HIPK2",7
"GO:0001657","ureteric bud development","3/342","63/12706",0.0476190476190476,1.76914508493456,1.01782793074173,0.240309099777647,0.585217547732004,0.506651699038726,"TGFB1/BASP1/RARA",3
"GO:0016445","somatic diversification of immunoglobulins","3/342","63/12706",0.0476190476190476,1.76914508493456,1.01782793074173,0.240309099777647,0.585217547732004,0.506651699038726,"TGFB1/PRKDC/NFKBIZ",3
"GO:0044380","protein localization to cytoskeleton","3/342","63/12706",0.0476190476190476,1.76914508493456,1.01782793074173,0.240309099777647,0.585217547732004,0.506651699038726,"CEP350/GOLGB1/NUMA1",3
"GO:0097006","regulation of plasma lipoprotein particle levels","3/342","63/12706",0.0476190476190476,1.76914508493456,1.01782793074173,0.240309099777647,0.585217547732004,0.506651699038726,"CNPY2/LRPAP1/APOC2",3
"GO:0032760","positive regulation of tumor necrosis factor production","4/342","93/12706",0.043010752688172,1.59793749606992,0.962518209246965,0.241221456653011,0.585217547732004,0.506651699038726,"SPN/SYK/TGFB1/CYBA",4
"GO:0044784","metaphase/anaphase transition of cell cycle","4/342","93/12706",0.043010752688172,1.59793749606992,0.962518209246965,0.241221456653011,0.585217547732004,0.506651699038726,"DUSP1/ARID1A/SMARCA2/ARID2",4
"GO:0006282","regulation of DNA repair","8/342","220/12706",0.0363636363636364,1.35098351940457,0.873388137733384,0.241949814910273,0.585217547732004,0.506651699038726,"UBE2V1/SMCHD1/PRKDC/ARID1A/TOP2B/SMARCA2/CSNK2A1/ARID2",8
"GO:0009132","nucleoside diphosphate metabolic process","5/342","124/12706",0.0403225806451613,1.49806640256555,0.926924024872603,0.241982212654889,0.585217547732004,0.506651699038726,"PFKL/OGT/EP300/ZBTB7A/HK3",5
"GO:0031570","DNA integrity checkpoint signaling","5/342","124/12706",0.0403225806451613,1.49806640256555,0.926924024872603,0.241982212654889,0.585217547732004,0.506651699038726,"PRKDC/NOP53/DGKZ/TAOK1/CSNK2A1",5
"GO:0002335","mature B cell differentiation","2/342","35/12706",0.0571428571428571,2.12297410192147,1.10641793459856,0.242583602110899,0.585217547732004,0.506651699038726,"IL2RG/NFKBIZ",2
"GO:0006584","catecholamine metabolic process","2/342","35/12706",0.0571428571428571,2.12297410192147,1.10641793459856,0.242583602110899,0.585217547732004,0.506651699038726,"ITGAM/ITGB2",2
"GO:0009712","catechol-containing compound metabolic process","2/342","35/12706",0.0571428571428571,2.12297410192147,1.10641793459856,0.242583602110899,0.585217547732004,0.506651699038726,"ITGAM/ITGB2",2
"GO:0010712","regulation of collagen metabolic process","2/342","35/12706",0.0571428571428571,2.12297410192147,1.10641793459856,0.242583602110899,0.585217547732004,0.506651699038726,"TGFB1/RUNX1",2
"GO:0030850","prostate gland development","2/342","35/12706",0.0571428571428571,2.12297410192147,1.10641793459856,0.242583602110899,0.585217547732004,0.506651699038726,"CRIP1/RARA",2
"GO:0032881","regulation of polysaccharide metabolic process","2/342","35/12706",0.0571428571428571,2.12297410192147,1.10641793459856,0.242583602110899,0.585217547732004,0.506651699038726,"TGFB1/CLTC",2
"GO:0034110","regulation of homotypic cell-cell adhesion","2/342","35/12706",0.0571428571428571,2.12297410192147,1.10641793459856,0.242583602110899,0.585217547732004,0.506651699038726,"SYK/PLAUR",2
"GO:0050858","negative regulation of antigen receptor-mediated signaling pathway","2/342","35/12706",0.0571428571428571,2.12297410192147,1.10641793459856,0.242583602110899,0.585217547732004,0.506651699038726,"DGKZ/GPS2",2
"GO:0060218","hematopoietic stem cell differentiation","2/342","35/12706",0.0571428571428571,2.12297410192147,1.10641793459856,0.242583602110899,0.585217547732004,0.506651699038726,"PRKDC/CHD2",2
"GO:0071870","cellular response to catecholamine stimulus","2/342","35/12706",0.0571428571428571,2.12297410192147,1.10641793459856,0.242583602110899,0.585217547732004,0.506651699038726,"GNB1/FLNA",2
"GO:0090207","regulation of triglyceride metabolic process","2/342","35/12706",0.0571428571428571,2.12297410192147,1.10641793459856,0.242583602110899,0.585217547732004,0.506651699038726,"SORL1/APOC2",2
"GO:0090504","epiboly","2/342","35/12706",0.0571428571428571,2.12297410192147,1.10641793459856,0.242583602110899,0.585217547732004,0.506651699038726,"FLNA/PTEN",2
"GO:0099172","presynapse organization","2/342","35/12706",0.0571428571428571,2.12297410192147,1.10641793459856,0.242583602110899,0.585217547732004,0.506651699038726,"EIF4G1/PTEN",2
"GO:0016051","carbohydrate biosynthetic process","6/342","156/12706",0.0384615384615385,1.4289248762933,0.896484036292556,0.24403269785908,0.587967247946908,0.509032250153653,"TGFB1/CLTC/PLEK/OGT/RANBP2/EP300",6
"GO:0051701","biological process involved in interaction with host","6/342","156/12706",0.0384615384615385,1.4289248762933,0.896484036292556,0.24403269785908,0.587967247946908,0.509032250153653,"RNASEK/SELPLG/CD4/GRK2/HSPA1A/MYH9",6
"GO:1903320","regulation of protein modification by small protein conjugation or removal","8/342","221/12706",0.0361990950226244,1.34487047180546,0.860159052295278,0.245674399913215,0.591547858435746,0.512132161280372,"UBE2V1/DDX3X/HSPA1A/NOP53/HUWE1/MYCBP2/GPS2/OGT",8
"GO:0009261","ribonucleotide catabolic process","5/342","125/12706",0.04,1.48608187134503,0.908296705620311,0.24701451438723,0.593390862111622,0.513727740475384,"PFKL/OGT/EP300/ZBTB7A/HK3",5
"GO:0008333","endosome to lysosome transport","3/342","64/12706",0.046875,1.74150219298246,0.989043568775266,0.247532327014475,0.593390862111622,0.513727740475384,"LYST/AP3D1/SNX27",3
"GO:0014823","response to activity","3/342","64/12706",0.046875,1.74150219298246,0.989043568775266,0.247532327014475,0.593390862111622,0.513727740475384,"FOS/SOD2/CYBA",3
"GO:0042130","negative regulation of T cell proliferation","3/342","64/12706",0.046875,1.74150219298246,0.989043568775266,0.247532327014475,0.593390862111622,0.513727740475384,"SPN/TGFB1/RIPOR2",3
"GO:0048678","response to axon injury","3/342","64/12706",0.046875,1.74150219298246,0.989043568775266,0.247532327014475,0.593390862111622,0.513727740475384,"GRN/JUN/SOD2",3
"GO:0072163","mesonephric epithelium development","3/342","64/12706",0.046875,1.74150219298246,0.989043568775266,0.247532327014475,0.593390862111622,0.513727740475384,"TGFB1/BASP1/RARA",3
"GO:0072164","mesonephric tubule development","3/342","64/12706",0.046875,1.74150219298246,0.989043568775266,0.247532327014475,0.593390862111622,0.513727740475384,"TGFB1/BASP1/RARA",3
"GO:0061136","regulation of proteasomal protein catabolic process","7/342","189/12706",0.037037037037037,1.37600173272688,0.86614681310978,0.247739300183871,0.593512803591101,0.513833311229373,"CSNK2B/HSPA1A/NOP53/XPO1/OGT/CSNK2A1/HECTD1",7
"GO:0001959","regulation of cytokine-mediated signaling pathway","6/342","157/12706",0.0382165605095541,1.41982344396022,0.880304340160672,0.248508112414088,0.594979750250858,0.515103319315162,"SYK/ADAR/HSPA1A/CPNE1/GPS2/NKIRAS2",6
"GO:0006901","vesicle coating","2/342","36/12706",0.0555555555555556,2.06400259909032,1.06322828426747,0.252624350127941,0.595492726076221,0.515547427791562,"TRAPPC5/AP3D1",2
"GO:0007095","mitotic G2 DNA damage checkpoint signaling","2/342","36/12706",0.0555555555555556,2.06400259909032,1.06322828426747,0.252624350127941,0.595492726076221,0.515547427791562,"NOP53/TAOK1",2
"GO:0010762","regulation of fibroblast migration","2/342","36/12706",0.0555555555555556,2.06400259909032,1.06322828426747,0.252624350127941,0.595492726076221,0.515547427791562,"TGFB1/ARHGAP4",2
"GO:0046850","regulation of bone remodeling","2/342","36/12706",0.0555555555555556,2.06400259909032,1.06322828426747,0.252624350127941,0.595492726076221,0.515547427791562,"SYK/ARAP1",2
"GO:0048873","homeostasis of number of cells within a tissue","2/342","36/12706",0.0555555555555556,2.06400259909032,1.06322828426747,0.252624350127941,0.595492726076221,0.515547427791562,"NFKBIZ/KMT2A",2
"GO:0051480","regulation of cytosolic calcium ion concentration","2/342","36/12706",0.0555555555555556,2.06400259909032,1.06322828426747,0.252624350127941,0.595492726076221,0.515547427791562,"P2RX1/ATP2B1",2
"GO:0033108","mitochondrial respiratory chain complex assembly","4/342","95/12706",0.0421052631578947,1.56429670667898,0.918153819034769,0.252971083425979,0.595492726076221,0.515547427791562,"NDUFC2/SDHAF2/OXA1L/CHCHD7",4
"GO:0099072","regulation of postsynaptic membrane neurotransmitter receptor levels","4/342","95/12706",0.0421052631578947,1.56429670667898,0.918153819034769,0.252971083425979,0.595492726076221,0.515547427791562,"PPP3R1/OGT/RABEP1/SNX27",4
"GO:0043065","positive regulation of apoptotic process","15/342","458/12706",0.0327510917030568,1.21677009116678,0.785815154473835,0.253189462156387,0.595492726076221,0.515547427791562,"CTSD/TLE5/S100A8/S100A9/RPL26/DUSP1/MCL1/GRN/RPS6/JUN/DDX3X/TGFB1/SOD2/PRKDC/CTSH",15
"GO:0002562","somatic diversification of immune receptors via germline recombination within a single locus","3/342","65/12706",0.0461538461538462,1.71470985155196,0.960763776625795,0.254788619838267,0.595492726076221,0.515547427791562,"TGFB1/PRKDC/NFKBIZ",3
"GO:0016444","somatic cell DNA recombination","3/342","65/12706",0.0461538461538462,1.71470985155196,0.960763776625795,0.254788619838267,0.595492726076221,0.515547427791562,"TGFB1/PRKDC/NFKBIZ",3
"GO:0042273","ribosomal large subunit biogenesis","3/342","65/12706",0.0461538461538462,1.71470985155196,0.960763776625795,0.254788619838267,0.595492726076221,0.515547427791562,"RPL26/NOP53/WDR74",3
"GO:0061951","establishment of protein localization to plasma membrane","3/342","65/12706",0.0461538461538462,1.71470985155196,0.960763776625795,0.254788619838267,0.595492726076221,0.515547427791562,"MACF1/RAB31/SORL1",3
"GO:1904062","regulation of monoatomic cation transmembrane transport","7/342","191/12706",0.0366492146596859,1.36159333761979,0.837418529281124,0.255913236174769,0.595492726076221,0.515547427791562,"CD4/P2RX1/TGFB1/FLNA/PPP3R1/CYBA/CTSS",7
"GO:0006195","purine nucleotide catabolic process","5/342","127/12706",0.0393700787401575,1.46267900722936,0.871524271491909,0.257159229308107,0.595492726076221,0.515547427791562,"PFKL/OGT/EP300/ZBTB7A/HK3",5
"GO:0035966","response to topologically incorrect protein","6/342","159/12706",0.0377358490566038,1.40196402957078,0.848275050960389,0.25752845234108,0.595492726076221,0.515547427791562,"TMBIM4/PPP1R15A/HSPA1A/UBE2W/RARA/UBR5",6
"GO:2000147","positive regulation of cell motility","15/342","460/12706",0.0326086956521739,1.21147978642258,0.768372018500858,0.258441140921996,0.595492726076221,0.515547427791562,"AIF1/SPN/GRN/JUN/TGFB1/FOXP1/SOD2/DOCK8/FLNA/MAZ/CALR/PREX1/FGR/RIPOR2/CTSH",15
"GO:1902106","negative regulation of leukocyte differentiation","4/342","96/12706",0.0416666666666667,1.54800194931774,0.896357106673594,0.258890431300347,0.595492726076221,0.515547427791562,"CD69/RARA/RUNX1/QKI",4
"GO:1903557","positive regulation of tumor necrosis factor superfamily cytokine production","4/342","96/12706",0.0416666666666667,1.54800194931774,0.896357106673594,0.258890431300347,0.595492726076221,0.515547427791562,"SPN/SYK/TGFB1/CYBA",4
"GO:0009306","protein secretion","10/342","291/12706",0.0343642611683849,1.27670263861257,0.794158745123311,0.259185121301125,0.595492726076221,0.515547427791562,"IER3IP1/TGFB1/TARDBP/RBM4/PFKL/PLEK/RAB11FIP1/AP1B1/RAB27A/RAF1",10
"GO:0001865","NK T cell differentiation","1/342","11/12706",0.0909090909090909,3.37745879851143,1.31193971383611,0.259372949600795,0.595492726076221,0.515547427791562,"AP3D1",1
"GO:0002883","regulation of hypersensitivity","1/342","11/12706",0.0909090909090909,3.37745879851143,1.31193971383611,0.259372949600795,0.595492726076221,0.515547427791562,"SPN",1
"GO:0006474","N-terminal protein amino acid acetylation","1/342","11/12706",0.0909090909090909,3.37745879851143,1.31193971383611,0.259372949600795,0.595492726076221,0.515547427791562,"EP300",1
"GO:0006828","manganese ion transport","1/342","11/12706",0.0909090909090909,3.37745879851143,1.31193971383611,0.259372949600795,0.595492726076221,0.515547427791562,"TMEM165",1
"GO:0007028","cytoplasm organization","1/342","11/12706",0.0909090909090909,3.37745879851143,1.31193971383611,0.259372949600795,0.595492726076221,0.515547427791562,"ETV6",1
"GO:0009642","response to light intensity","1/342","11/12706",0.0909090909090909,3.37745879851143,1.31193971383611,0.259372949600795,0.595492726076221,0.515547427791562,"MT-ND3",1
"GO:0010454","negative regulation of cell fate commitment","1/342","11/12706",0.0909090909090909,3.37745879851143,1.31193971383611,0.259372949600795,0.595492726076221,0.515547427791562,"CD69",1
"GO:0010522","regulation of calcium ion transport into cytosol","1/342","11/12706",0.0909090909090909,3.37745879851143,1.31193971383611,0.259372949600795,0.595492726076221,0.515547427791562,"CD4",1
"GO:0010988","regulation of low-density lipoprotein particle clearance","1/342","11/12706",0.0909090909090909,3.37745879851143,1.31193971383611,0.259372949600795,0.595492726076221,0.515547427791562,"CNPY2",1
"GO:0016553","base conversion or substitution editing","1/342","11/12706",0.0909090909090909,3.37745879851143,1.31193971383611,0.259372949600795,0.595492726076221,0.515547427791562,"ADAR",1
"GO:0030223","neutrophil differentiation","1/342","11/12706",0.0909090909090909,3.37745879851143,1.31193971383611,0.259372949600795,0.595492726076221,0.515547427791562,"EVI2B",1
"GO:0031126","sno(s)RNA 3'-end processing","1/342","11/12706",0.0909090909090909,3.37745879851143,1.31193971383611,0.259372949600795,0.595492726076221,0.515547427791562,"FBL",1
"GO:0031293","membrane protein intracellular domain proteolysis","1/342","11/12706",0.0909090909090909,3.37745879851143,1.31193971383611,0.259372949600795,0.595492726076221,0.515547427791562,"TGFB1",1
"GO:0031958","nuclear receptor-mediated corticosteroid signaling pathway","1/342","11/12706",0.0909090909090909,3.37745879851143,1.31193971383611,0.259372949600795,0.595492726076221,0.515547427791562,"CALR",1
"GO:0032700","negative regulation of interleukin-17 production","1/342","11/12706",0.0909090909090909,3.37745879851143,1.31193971383611,0.259372949600795,0.595492726076221,0.515547427791562,"TGFB1",1
"GO:0033148","positive regulation of intracellular estrogen receptor signaling pathway","1/342","11/12706",0.0909090909090909,3.37745879851143,1.31193971383611,0.259372949600795,0.595492726076221,0.515547427791562,"PAGR1",1
"GO:0035519","protein K29-linked ubiquitination","1/342","11/12706",0.0909090909090909,3.37745879851143,1.31193971383611,0.259372949600795,0.595492726076221,0.515547427791562,"UBR5",1
"GO:0038110","interleukin-2-mediated signaling pathway","1/342","11/12706",0.0909090909090909,3.37745879851143,1.31193971383611,0.259372949600795,0.595492726076221,0.515547427791562,"IL2RG",1
"GO:0042573","retinoic acid metabolic process","1/342","11/12706",0.0909090909090909,3.37745879851143,1.31193971383611,0.259372949600795,0.595492726076221,0.515547427791562,"SCPEP1",1
"GO:0043558","regulation of translational initiation in response to stress","1/342","11/12706",0.0909090909090909,3.37745879851143,1.31193971383611,0.259372949600795,0.595492726076221,0.515547427791562,"PPP1R15A",1
"GO:0045586","regulation of gamma-delta T cell differentiation","1/342","11/12706",0.0909090909090909,3.37745879851143,1.31193971383611,0.259372949600795,0.595492726076221,0.515547427791562,"SYK",1
"GO:0045838","positive regulation of membrane potential","1/342","11/12706",0.0909090909090909,3.37745879851143,1.31193971383611,0.259372949600795,0.595492726076221,0.515547427791562,"NDUFC2",1
"GO:0046645","positive regulation of gamma-delta T cell activation","1/342","11/12706",0.0909090909090909,3.37745879851143,1.31193971383611,0.259372949600795,0.595492726076221,0.515547427791562,"SYK",1
"GO:0048596","embryonic camera-type eye morphogenesis","1/342","11/12706",0.0909090909090909,3.37745879851143,1.31193971383611,0.259372949600795,0.595492726076221,0.515547427791562,"HIPK2",1
"GO:0051036","regulation of endosome size","1/342","11/12706",0.0909090909090909,3.37745879851143,1.31193971383611,0.259372949600795,0.595492726076221,0.515547427791562,"BORCS8",1
"GO:0060628","regulation of ER to Golgi vesicle-mediated transport","1/342","11/12706",0.0909090909090909,3.37745879851143,1.31193971383611,0.259372949600795,0.595492726076221,0.515547427791562,"SORL1",1
"GO:0061323","cell proliferation involved in heart morphogenesis","1/342","11/12706",0.0909090909090909,3.37745879851143,1.31193971383611,0.259372949600795,0.595492726076221,0.515547427791562,"PIM1",1
"GO:0070278","extracellular matrix constituent secretion","1/342","11/12706",0.0909090909090909,3.37745879851143,1.31193971383611,0.259372949600795,0.595492726076221,0.515547427791562,"IER3IP1",1
"GO:0070671","response to interleukin-12","1/342","11/12706",0.0909090909090909,3.37745879851143,1.31193971383611,0.259372949600795,0.595492726076221,0.515547427791562,"SIRPA",1
"GO:0071107","response to parathyroid hormone","1/342","11/12706",0.0909090909090909,3.37745879851143,1.31193971383611,0.259372949600795,0.595492726076221,0.515547427791562,"FOS",1
"GO:0071233","cellular response to L-leucine","1/342","11/12706",0.0909090909090909,3.37745879851143,1.31193971383611,0.259372949600795,0.595492726076221,0.515547427791562,"EP300",1
"GO:0071285","cellular response to lithium ion","1/342","11/12706",0.0909090909090909,3.37745879851143,1.31193971383611,0.259372949600795,0.595492726076221,0.515547427791562,"CALR",1
"GO:0071352","cellular response to interleukin-2","1/342","11/12706",0.0909090909090909,3.37745879851143,1.31193971383611,0.259372949600795,0.595492726076221,0.515547427791562,"IL2RG",1
"GO:0072697","protein localization to cell cortex","1/342","11/12706",0.0909090909090909,3.37745879851143,1.31193971383611,0.259372949600795,0.595492726076221,0.515547427791562,"NUMA1",1
"GO:0075522","IRES-dependent viral translational initiation","1/342","11/12706",0.0909090909090909,3.37745879851143,1.31193971383611,0.259372949600795,0.595492726076221,0.515547427791562,"EIF3A",1
"GO:0090085","regulation of protein deubiquitination","1/342","11/12706",0.0909090909090909,3.37745879851143,1.31193971383611,0.259372949600795,0.595492726076221,0.515547427791562,"NOP53",1
"GO:0099532","synaptic vesicle endosomal processing","1/342","11/12706",0.0909090909090909,3.37745879851143,1.31193971383611,0.259372949600795,0.595492726076221,0.515547427791562,"AP3D1",1
"GO:0140105","interleukin-10-mediated signaling pathway","1/342","11/12706",0.0909090909090909,3.37745879851143,1.31193971383611,0.259372949600795,0.595492726076221,0.515547427791562,"IL10RB",1
"GO:0140507","granzyme-mediated programmed cell death signaling pathway","1/342","11/12706",0.0909090909090909,3.37745879851143,1.31193971383611,0.259372949600795,0.595492726076221,0.515547427791562,"SRGN",1
"GO:0180012","co-transcriptional RNA 3'-end processing, cleavage and polyadenylation pathway","1/342","11/12706",0.0909090909090909,3.37745879851143,1.31193971383611,0.259372949600795,0.595492726076221,0.515547427791562,"PCF11",1
"GO:1900152","negative regulation of nuclear-transcribed mRNA catabolic process, deadenylation-dependent decay","1/342","11/12706",0.0909090909090909,3.37745879851143,1.31193971383611,0.259372949600795,0.595492726076221,0.515547427791562,"HNRNPD",1
"GO:1900864","mitochondrial RNA modification","1/342","11/12706",0.0909090909090909,3.37745879851143,1.31193971383611,0.259372949600795,0.595492726076221,0.515547427791562,"TRMT5",1
"GO:1902033","regulation of hematopoietic stem cell proliferation","1/342","11/12706",0.0909090909090909,3.37745879851143,1.31193971383611,0.259372949600795,0.595492726076221,0.515547427791562,"PIM1",1
"GO:1990314","cellular response to insulin-like growth factor stimulus","1/342","11/12706",0.0909090909090909,3.37745879851143,1.31193971383611,0.259372949600795,0.595492726076221,0.515547427791562,"TGFB1",1
"GO:2000009","negative regulation of protein localization to cell surface","1/342","11/12706",0.0909090909090909,3.37745879851143,1.31193971383611,0.259372949600795,0.595492726076221,0.515547427791562,"PICALM",1
"GO:2000136","regulation of cell proliferation involved in heart morphogenesis","1/342","11/12706",0.0909090909090909,3.37745879851143,1.31193971383611,0.259372949600795,0.595492726076221,0.515547427791562,"PIM1",1
"GO:2000197","regulation of ribonucleoprotein complex localization","1/342","11/12706",0.0909090909090909,3.37745879851143,1.31193971383611,0.259372949600795,0.595492726076221,0.515547427791562,"IWS1",1
"GO:2000320","negative regulation of T-helper 17 cell differentiation","1/342","11/12706",0.0909090909090909,3.37745879851143,1.31193971383611,0.259372949600795,0.595492726076221,0.515547427791562,"CD69",1
"GO:0080135","regulation of cellular response to stress","16/342","495/12706",0.0323232323232323,1.20087423947073,0.758179641872644,0.260370290655974,0.596291184616384,0.516238692736629,"UBE2V1/RPL26/GRN/PPP1R15A/HSPA1A/SMCHD1/PRKDC/ARID1A/TOP2B/TAOK1/SMARCA2/EIF4G1/CSNK2A1/EP300/ARID2/IER5",16
"GO:0046849","bone remodeling","3/342","66/12706",0.0454545454545455,1.68872939925572,0.932970565043138,0.262074497902828,0.596291184616384,0.516238692736629,"SYK/ARAP1/ACP5",3
"GO:0070301","cellular response to hydrogen peroxide","3/342","66/12706",0.0454545454545455,1.68872939925572,0.932970565043138,0.262074497902828,0.596291184616384,0.516238692736629,"KLF2/TOP2B/SIRPA",3
"GO:1904019","epithelial cell apoptotic process","3/342","66/12706",0.0454545454545455,1.68872939925572,0.932970565043138,0.262074497902828,0.596291184616384,0.516238692736629,"ADAR/NFKBIZ/ZFP36",3
"GO:0009100","glycoprotein metabolic process","10/342","292/12706",0.0342465753424658,1.27233036930225,0.782983336948041,0.262518354954757,0.596291184616384,0.516238692736629,"MAN2B1/PRKCSH/GALNT6/IDS/MANBA/TMEM165/OGT/GNS/HS6ST1/COLGALT1",10
"GO:0035592","establishment of protein localization to extracellular region","10/342","292/12706",0.0342465753424658,1.27233036930225,0.782983336948041,0.262518354954757,0.596291184616384,0.516238692736629,"IER3IP1/TGFB1/TARDBP/RBM4/PFKL/PLEK/RAB11FIP1/AP1B1/RAB27A/RAF1",10
"GO:0003044","regulation of systemic arterial blood pressure mediated by a chemical signal","2/342","37/12706",0.0540540540540541,2.00821874506085,1.02142233741161,0.262674834353456,0.596291184616384,0.516238692736629,"SOD2/CYBA",2
"GO:0014003","oligodendrocyte development","2/342","37/12706",0.0540540540540541,2.00821874506085,1.02142233741161,0.262674834353456,0.596291184616384,0.516238692736629,"TGFB1/PTEN",2
"GO:0033120","positive regulation of RNA splicing","2/342","37/12706",0.0540540540540541,2.00821874506085,1.02142233741161,0.262674834353456,0.596291184616384,0.516238692736629,"HSPA1A/POLR2A",2
"GO:0042092","type 2 immune response","2/342","37/12706",0.0540540540540541,2.00821874506085,1.02142233741161,0.262674834353456,0.596291184616384,0.516238692736629,"RARA/KMT2A",2
"GO:0046640","regulation of alpha-beta T cell proliferation","2/342","37/12706",0.0540540540540541,2.00821874506085,1.02142233741161,0.262674834353456,0.596291184616384,0.516238692736629,"HLA-A/SYK",2
"GO:0060976","coronary vasculature development","2/342","37/12706",0.0540540540540541,2.00821874506085,1.02142233741161,0.262674834353456,0.596291184616384,0.516238692736629,"CNTRL/ARID2",2
"GO:0070232","regulation of T cell apoptotic process","2/342","37/12706",0.0540540540540541,2.00821874506085,1.02142233741161,0.262674834353456,0.596291184616384,0.516238692736629,"DOCK8/TSC22D3",2
"GO:0071868","cellular response to monoamine stimulus","2/342","37/12706",0.0540540540540541,2.00821874506085,1.02142233741161,0.262674834353456,0.596291184616384,0.516238692736629,"GNB1/FLNA",2
"GO:0071869","response to catecholamine","2/342","37/12706",0.0540540540540541,2.00821874506085,1.02142233741161,0.262674834353456,0.596291184616384,0.516238692736629,"GNB1/FLNA",2
"GO:1902175","regulation of oxidative stress-induced intrinsic apoptotic signaling pathway","2/342","37/12706",0.0540540540540541,2.00821874506085,1.02142233741161,0.262674834353456,0.596291184616384,0.516238692736629,"MCL1/SOD2",2
"GO:0007249","canonical NF-kappaB signal transduction","11/342","326/12706",0.0337423312883436,1.25359667061314,0.771459115072922,0.263803013381156,0.596291184616384,0.516238692736629,"UBE2V1/AKAP13/CD4/TGFB1/CPNE1/FLNA/HUWE1/SIRPA/EP300/NFKBIA/NKIRAS2",11
"GO:0007517","muscle organ development","9/342","259/12706",0.0347490347490347,1.29099776468198,0.786915463702878,0.263902725369297,0.596291184616384,0.516238692736629,"FOS/DDX17/TGFB1/BASP1/BTG2/PLEC/EP300/CHD2/RIPOR2",9
"GO:1901873","regulation of post-translational protein modification","8/342","226/12706",0.0353982300884956,1.31511670030534,0.794948943701236,0.264571944717049,0.596291184616384,0.516238692736629,"UBE2V1/DDX3X/HSPA1A/NOP53/HUWE1/MYCBP2/GPS2/OGT",8
"GO:0007032","endosome organization","4/342","97/12706",0.0412371134020619,1.53204316633508,0.874809123487668,0.264836944788504,0.596291184616384,0.516238692736629,"RNASEK/RAB5C/HGS/RAB27A",4
"GO:0030316","osteoclast differentiation","4/342","97/12706",0.0412371134020619,1.53204316633508,0.874809123487668,0.264836944788504,0.596291184616384,0.516238692736629,"FOS/JUNB/TGFB1/FOXP1",4
"GO:2001235","positive regulation of apoptotic signaling pathway","5/342","129/12706",0.0387596899224806,1.44000181331883,0.835375396963129,0.267402772438721,0.596291184616384,0.516238692736629,"S100A8/S100A9/RPL26/MCL1/CTSH",5
"GO:0043549","regulation of kinase activity","8/342","227/12706",0.0352422907488987,1.30932323466522,0.782089524380644,0.268403077008615,0.596291184616384,0.516238692736629,"DUSP1/CCDC88A/CD4/ADAR/FGR/PIM1/HGS/MVP",8
"GO:0001823","mesonephros development","3/342","67/12706",0.0447761194029851,1.66352448284891,0.905646860889528,0.269386548783914,0.596291184616384,0.516238692736629,"TGFB1/BASP1/RARA",3
"GO:0006469","negative regulation of protein kinase activity","3/342","67/12706",0.0447761194029851,1.66352448284891,0.905646860889528,0.269386548783914,0.596291184616384,0.516238692736629,"DUSP1/ADAR/MVP",3
"GO:0008306","associative learning","3/342","67/12706",0.0447761194029851,1.66352448284891,0.905646860889528,0.269386548783914,0.596291184616384,0.516238692736629,"FOS/BTG2/KMT2A",3
"GO:0050854","regulation of antigen receptor-mediated signaling pathway","3/342","67/12706",0.0447761194029851,1.66352448284891,0.905646860889528,0.269386548783914,0.596291184616384,0.516238692736629,"FOXP1/DGKZ/GPS2",3
"GO:0060349","bone morphogenesis","3/342","67/12706",0.0447761194029851,1.66352448284891,0.905646860889528,0.269386548783914,0.596291184616384,0.516238692736629,"TGFB1/RARA/ACP5",3
"GO:0140895","cell surface toll-like receptor signaling pathway","3/342","67/12706",0.0447761194029851,1.66352448284891,0.905646860889528,0.269386548783914,0.596291184616384,0.516238692736629,"CYBA/NFKBIA/NINJ1",3
"GO:1990868","response to chemokine","3/342","67/12706",0.0447761194029851,1.66352448284891,0.905646860889528,0.269386548783914,0.596291184616384,0.516238692736629,"DUSP1/DOCK8/RIPOR2",3
"GO:1990869","cellular response to chemokine","3/342","67/12706",0.0447761194029851,1.66352448284891,0.905646860889528,0.269386548783914,0.596291184616384,0.516238692736629,"DUSP1/DOCK8/RIPOR2",3
"GO:0002377","immunoglobulin production","4/342","98/12706",0.0408163265306122,1.51641007280105,0.853503943544517,0.270808749544883,0.596291184616384,0.516238692736629,"IL2RG/TGFB1/PRKDC/NFKBIZ",4
"GO:0032609","type II interferon production","4/342","98/12706",0.0408163265306122,1.51641007280105,0.853503943544517,0.270808749544883,0.596291184616384,0.516238692736629,"HLA-A/HLA-DPA1/RARA/SIRPA",4
"GO:0032649","regulation of type II interferon production","4/342","98/12706",0.0408163265306122,1.51641007280105,0.853503943544517,0.270808749544883,0.596291184616384,0.516238692736629,"HLA-A/HLA-DPA1/RARA/SIRPA",4
"GO:0007611","learning or memory","7/342","195/12706",0.0358974358974359,1.33366321787374,0.780909159845127,0.272492002654911,0.596291184616384,0.516238692736629,"FOS/MAN2B1/PICALM/BTG2/KMT2A/EP300/PTEN",7
"GO:0006888","endoplasmic reticulum to Golgi vesicle-mediated transport","5/342","130/12706",0.0384615384615385,1.4289248762933,0.817527811792611,0.272558618130773,0.596291184616384,0.516238692736629,"TRAPPC5/IER3IP1/TMED7/COPB1/SORL1",5
"GO:0006904","vesicle docking involved in exocytosis","2/342","38/12706",0.0526315789473684,1.95537088334872,0.98091338727942,0.272727279825356,0.596291184616384,0.516238692736629,"STXBP2/PLEK",2
"GO:0032715","negative regulation of interleukin-6 production","2/342","38/12706",0.0526315789473684,1.95537088334872,0.98091338727942,0.272727279825356,0.596291184616384,0.516238692736629,"KLF2/SIRPA",2
"GO:0035176","social behavior","2/342","38/12706",0.0526315789473684,1.95537088334872,0.98091338727942,0.272727279825356,0.596291184616384,0.516238692736629,"CHD8/PTEN",2
"GO:0040001","establishment of mitotic spindle localization","2/342","38/12706",0.0526315789473684,1.95537088334872,0.98091338727942,0.272727279825356,0.596291184616384,0.516238692736629,"DCTN1/NUMA1",2
"GO:0042743","hydrogen peroxide metabolic process","2/342","38/12706",0.0526315789473684,1.95537088334872,0.98091338727942,0.272727279825356,0.596291184616384,0.516238692736629,"SOD2/CYBA",2
"GO:0051926","negative regulation of calcium ion transport","2/342","38/12706",0.0526315789473684,1.95537088334872,0.98091338727942,0.272727279825356,0.596291184616384,0.516238692736629,"TGFB1/PPP3R1",2
"GO:0071539","protein localization to centrosome","2/342","38/12706",0.0526315789473684,1.95537088334872,0.98091338727942,0.272727279825356,0.596291184616384,0.516238692736629,"CEP350/GOLGB1",2
"GO:1901797","negative regulation of signal transduction by p53 class mediator","2/342","38/12706",0.0526315789473684,1.95537088334872,0.98091338727942,0.272727279825356,0.596291184616384,0.516238692736629,"NOP53/CSNK2A1",2
"GO:1902930","regulation of alcohol biosynthetic process","2/342","38/12706",0.0526315789473684,1.95537088334872,0.98091338727942,0.272727279825356,0.596291184616384,0.516238692736629,"PLEK/QKI",2
"GO:1902991","regulation of amyloid precursor protein catabolic process","2/342","38/12706",0.0526315789473684,1.95537088334872,0.98091338727942,0.272727279825356,0.596291184616384,0.516238692736629,"PICALM/SORL1",2
"GO:0071692","protein localization to extracellular region","10/342","296/12706",0.0337837837837838,1.25513671566303,0.738675704299683,0.27598839772914,0.596291184616384,0.516238692736629,"IER3IP1/TGFB1/TARDBP/RBM4/PFKL/PLEK/RAB11FIP1/AP1B1/RAB27A/RAF1",10
"GO:0015850","organic hydroxy compound transport","7/342","196/12706",0.0357142857142857,1.32685881370092,0.766973697396702,0.276681205833781,0.596291184616384,0.516238692736629,"SLC44A1/SYK/P2RX1/GRK2/GPS2/NFKBIA/APOC2",7
"GO:0042594","response to starvation","7/342","196/12706",0.0357142857142857,1.32685881370092,0.766973697396702,0.276681205833781,0.596291184616384,0.516238692736629,"FOS/HNRNPA1/MAT2A/TNRC6A/PIM1/ZFP36/CPEB4",7
"GO:0009308","amine metabolic process","3/342","68/12706",0.0441176470588235,1.6390608875129,0.878776447292907,0.276721429380726,0.596291184616384,0.516238692736629,"SLC44A1/ITGAM/ITGB2",3
"GO:0035282","segmentation","3/342","68/12706",0.0441176470588235,1.6390608875129,0.878776447292907,0.276721429380726,0.596291184616384,0.516238692736629,"PRKDC/BASP1/EP300",3
"GO:0055006","cardiac cell development","3/342","68/12706",0.0441176470588235,1.6390608875129,0.878776447292907,0.276721429380726,0.596291184616384,0.516238692736629,"FOXP1/PLEC/CTCF",3
"GO:0031398","positive regulation of protein ubiquitination","4/342","99/12706",0.0404040404040404,1.50109279933841,0.832435844221413,0.276803987612071,0.596291184616384,0.516238692736629,"UBE2V1/DDX3X/HUWE1/MYCBP2",4
"GO:1903707","negative regulation of hemopoiesis","4/342","99/12706",0.0404040404040404,1.50109279933841,0.832435844221413,0.276803987612071,0.596291184616384,0.516238692736629,"CD69/RARA/RUNX1/QKI",4
"GO:0007093","mitotic cell cycle checkpoint signaling","5/342","131/12706",0.0381679389312977,1.41801705281014,0.799827881814264,0.277735593804552,0.596291184616384,0.516238692736629,"DUSP1/PRKDC/NOP53/DGKZ/TAOK1",5
"GO:0016482","cytosolic transport","5/342","131/12706",0.0381679389312977,1.41801705281014,0.799827881814264,0.277735593804552,0.596291184616384,0.516238692736629,"RAB4B/STX10/CLTC/DCTN1/SORL1",5
"GO:0140014","mitotic nuclear division","9/342","263/12706",0.0342205323193916,1.27136281769061,0.739582375622464,0.278260575966052,0.596291184616384,0.516238692736629,"DUSP1/TGFB1/HSPA1A/FLNA/EML4/NUMA1/STAG1/BAZ1B/RIPOR2",9
"GO:0000022","mitotic spindle elongation","1/342","12/12706",0.0833333333333333,3.09600389863548,1.20810408180581,0.279325249816354,0.596291184616384,0.516238692736629,"NUMA1",1
"GO:0000727","double-strand break repair via break-induced replication","1/342","12/12706",0.0833333333333333,3.09600389863548,1.20810408180581,0.279325249816354,0.596291184616384,0.516238692736629,"MCM5",1
"GO:0002076","osteoblast development","1/342","12/12706",0.0833333333333333,3.09600389863548,1.20810408180581,0.279325249816354,0.596291184616384,0.516238692736629,"JUND",1
"GO:0002091","negative regulation of receptor internalization","1/342","12/12706",0.0833333333333333,3.09600389863548,1.20810408180581,0.279325249816354,0.596291184616384,0.516238692736629,"LRPAP1",1
"GO:0002328","pro-B cell differentiation","1/342","12/12706",0.0833333333333333,3.09600389863548,1.20810408180581,0.279325249816354,0.596291184616384,0.516238692736629,"PRKDC",1
"GO:0003084","positive regulation of systemic arterial blood pressure","1/342","12/12706",0.0833333333333333,3.09600389863548,1.20810408180581,0.279325249816354,0.596291184616384,0.516238692736629,"CYBA",1
"GO:0006241","CTP biosynthetic process","1/342","12/12706",0.0833333333333333,3.09600389863548,1.20810408180581,0.279325249816354,0.596291184616384,0.516238692736629,"NME4",1
"GO:0006361","transcription initiation at RNA polymerase I promoter","1/342","12/12706",0.0833333333333333,3.09600389863548,1.20810408180581,0.279325249816354,0.596291184616384,0.516238692736629,"UBTF",1
"GO:0007056","spindle assembly involved in female meiosis","1/342","12/12706",0.0833333333333333,3.09600389863548,1.20810408180581,0.279325249816354,0.596291184616384,0.516238692736629,"PTEN",1
"GO:0007351","tripartite regional subdivision","1/342","12/12706",0.0833333333333333,3.09600389863548,1.20810408180581,0.279325249816354,0.596291184616384,0.516238692736629,"BASP1",1
"GO:0007603","phototransduction, visible light","1/342","12/12706",0.0833333333333333,3.09600389863548,1.20810408180581,0.279325249816354,0.596291184616384,0.516238692736629,"GNAQ",1
"GO:0008595","anterior/posterior axis specification, embryo","1/342","12/12706",0.0833333333333333,3.09600389863548,1.20810408180581,0.279325249816354,0.596291184616384,0.516238692736629,"BASP1",1
"GO:0010226","response to lithium ion","1/342","12/12706",0.0833333333333333,3.09600389863548,1.20810408180581,0.279325249816354,0.596291184616384,0.516238692736629,"CALR",1
"GO:0010642","negative regulation of platelet-derived growth factor receptor signaling pathway","1/342","12/12706",0.0833333333333333,3.09600389863548,1.20810408180581,0.279325249816354,0.596291184616384,0.516238692736629,"HGS",1
"GO:0010745","negative regulation of macrophage derived foam cell differentiation","1/342","12/12706",0.0833333333333333,3.09600389863548,1.20810408180581,0.279325249816354,0.596291184616384,0.516238692736629,"NFKBIA",1
"GO:0021535","cell migration in hindbrain","1/342","12/12706",0.0833333333333333,3.09600389863548,1.20810408180581,0.279325249816354,0.596291184616384,0.516238692736629,"FLNA",1
"GO:0030214","hyaluronan catabolic process","1/342","12/12706",0.0833333333333333,3.09600389863548,1.20810408180581,0.279325249816354,0.596291184616384,0.516238692736629,"TGFB1",1
"GO:0030810","positive regulation of nucleotide biosynthetic process","1/342","12/12706",0.0833333333333333,3.09600389863548,1.20810408180581,0.279325249816354,0.596291184616384,0.516238692736629,"NDUFC2",1
"GO:0030836","positive regulation of actin filament depolymerization","1/342","12/12706",0.0833333333333333,3.09600389863548,1.20810408180581,0.279325249816354,0.596291184616384,0.516238692736629,"PLEK",1
"GO:0032621","interleukin-18 production","1/342","12/12706",0.0833333333333333,3.09600389863548,1.20810408180581,0.279325249816354,0.596291184616384,0.516238692736629,"CD84",1
"GO:0032661","regulation of interleukin-18 production","1/342","12/12706",0.0833333333333333,3.09600389863548,1.20810408180581,0.279325249816354,0.596291184616384,0.516238692736629,"CD84",1
"GO:0033539","fatty acid beta-oxidation using acyl-CoA dehydrogenase","1/342","12/12706",0.0833333333333333,3.09600389863548,1.20810408180581,0.279325249816354,0.596291184616384,0.516238692736629,"ETFB",1
"GO:0034135","regulation of toll-like receptor 2 signaling pathway","1/342","12/12706",0.0833333333333333,3.09600389863548,1.20810408180581,0.279325249816354,0.596291184616384,0.516238692736629,"CYBA",1
"GO:0034393","positive regulation of smooth muscle cell apoptotic process","1/342","12/12706",0.0833333333333333,3.09600389863548,1.20810408180581,0.279325249816354,0.596291184616384,0.516238692736629,"SOD2",1
"GO:0034454","microtubule anchoring at centrosome","1/342","12/12706",0.0833333333333333,3.09600389863548,1.20810408180581,0.279325249816354,0.596291184616384,0.516238692736629,"DCTN1",1
"GO:0034498","early endosome to Golgi transport","1/342","12/12706",0.0833333333333333,3.09600389863548,1.20810408180581,0.279325249816354,0.596291184616384,0.516238692736629,"RAB4B",1
"GO:0035641","locomotory exploration behavior","1/342","12/12706",0.0833333333333333,3.09600389863548,1.20810408180581,0.279325249816354,0.596291184616384,0.516238692736629,"GRN",1
"GO:0035771","interleukin-4-mediated signaling pathway","1/342","12/12706",0.0833333333333333,3.09600389863548,1.20810408180581,0.279325249816354,0.596291184616384,0.516238692736629,"IL2RG",1
"GO:0043144","sno(s)RNA processing","1/342","12/12706",0.0833333333333333,3.09600389863548,1.20810408180581,0.279325249816354,0.596291184616384,0.516238692736629,"FBL",1
"GO:0043301","negative regulation of leukocyte degranulation","1/342","12/12706",0.0833333333333333,3.09600389863548,1.20810408180581,0.279325249816354,0.596291184616384,0.516238692736629,"CD84",1
"GO:0045040","protein insertion into mitochondrial outer membrane","1/342","12/12706",0.0833333333333333,3.09600389863548,1.20810408180581,0.279325249816354,0.596291184616384,0.516238692736629,"TOMM6",1
"GO:0045059","positive thymic T cell selection","1/342","12/12706",0.0833333333333333,3.09600389863548,1.20810408180581,0.279325249816354,0.596291184616384,0.516238692736629,"NFATC3",1
"GO:0045618","positive regulation of keratinocyte differentiation","1/342","12/12706",0.0833333333333333,3.09600389863548,1.20810408180581,0.279325249816354,0.596291184616384,0.516238692736629,"NUMA1",1
"GO:0045628","regulation of T-helper 2 cell differentiation","1/342","12/12706",0.0833333333333333,3.09600389863548,1.20810408180581,0.279325249816354,0.596291184616384,0.516238692736629,"RARA",1
"GO:0048791","calcium ion-regulated exocytosis of neurotransmitter","1/342","12/12706",0.0833333333333333,3.09600389863548,1.20810408180581,0.279325249816354,0.596291184616384,0.516238692736629,"STXBP2",1
"GO:0051917","regulation of fibrinolysis","1/342","12/12706",0.0833333333333333,3.09600389863548,1.20810408180581,0.279325249816354,0.596291184616384,0.516238692736629,"PLAUR",1
"GO:0055012","ventricular cardiac muscle cell differentiation","1/342","12/12706",0.0833333333333333,3.09600389863548,1.20810408180581,0.279325249816354,0.596291184616384,0.516238692736629,"RARA",1
"GO:0055091","phospholipid homeostasis","1/342","12/12706",0.0833333333333333,3.09600389863548,1.20810408180581,0.279325249816354,0.596291184616384,0.516238692736629,"TGFB1",1
"GO:0060602","branch elongation of an epithelium","1/342","12/12706",0.0833333333333333,3.09600389863548,1.20810408180581,0.279325249816354,0.596291184616384,0.516238692736629,"TGFB1",1
"GO:0060623","regulation of chromosome condensation","1/342","12/12706",0.0833333333333333,3.09600389863548,1.20810408180581,0.279325249816354,0.596291184616384,0.516238692736629,"BAZ1B",1
"GO:0061099","negative regulation of protein tyrosine kinase activity","1/342","12/12706",0.0833333333333333,3.09600389863548,1.20810408180581,0.279325249816354,0.596291184616384,0.516238692736629,"MVP",1
"GO:0070142","synaptic vesicle budding","1/342","12/12706",0.0833333333333333,3.09600389863548,1.20810408180581,0.279325249816354,0.596291184616384,0.516238692736629,"AP3D1",1
"GO:0070601","centromeric sister chromatid cohesion","1/342","12/12706",0.0833333333333333,3.09600389863548,1.20810408180581,0.279325249816354,0.596291184616384,0.516238692736629,"CTCF",1
"GO:0070669","response to interleukin-2","1/342","12/12706",0.0833333333333333,3.09600389863548,1.20810408180581,0.279325249816354,0.596291184616384,0.516238692736629,"IL2RG",1
"GO:0071166","ribonucleoprotein complex localization","1/342","12/12706",0.0833333333333333,3.09600389863548,1.20810408180581,0.279325249816354,0.596291184616384,0.516238692736629,"IWS1",1
"GO:0071468","cellular response to acidic pH","1/342","12/12706",0.0833333333333333,3.09600389863548,1.20810408180581,0.279325249816354,0.596291184616384,0.516238692736629,"GNAQ",1
"GO:0072378","blood coagulation, fibrin clot formation","1/342","12/12706",0.0833333333333333,3.09600389863548,1.20810408180581,0.279325249816354,0.596291184616384,0.516238692736629,"FLNA",1
"GO:0072672","neutrophil extravasation","1/342","12/12706",0.0833333333333333,3.09600389863548,1.20810408180581,0.279325249816354,0.596291184616384,0.516238692736629,"RIPOR2",1
"GO:0075509","endocytosis involved in viral entry into host cell","1/342","12/12706",0.0833333333333333,3.09600389863548,1.20810408180581,0.279325249816354,0.596291184616384,0.516238692736629,"RNASEK",1
"GO:0090190","positive regulation of branching involved in ureteric bud morphogenesis","1/342","12/12706",0.0833333333333333,3.09600389863548,1.20810408180581,0.279325249816354,0.596291184616384,0.516238692736629,"TGFB1",1
"GO:0090209","negative regulation of triglyceride metabolic process","1/342","12/12706",0.0833333333333333,3.09600389863548,1.20810408180581,0.279325249816354,0.596291184616384,0.516238692736629,"SORL1",1
"GO:0090336","positive regulation of brown fat cell differentiation","1/342","12/12706",0.0833333333333333,3.09600389863548,1.20810408180581,0.279325249816354,0.596291184616384,0.516238692736629,"PIM1",1
"GO:0097091","synaptic vesicle clustering","1/342","12/12706",0.0833333333333333,3.09600389863548,1.20810408180581,0.279325249816354,0.596291184616384,0.516238692736629,"PTEN",1
"GO:0098792","xenophagy","1/342","12/12706",0.0833333333333333,3.09600389863548,1.20810408180581,0.279325249816354,0.596291184616384,0.516238692736629,"RNF213",1
"GO:0140052","cellular response to oxidised low-density lipoprotein particle stimulus","1/342","12/12706",0.0833333333333333,3.09600389863548,1.20810408180581,0.279325249816354,0.596291184616384,0.516238692736629,"CD68",1
"GO:1900373","positive regulation of purine nucleotide biosynthetic process","1/342","12/12706",0.0833333333333333,3.09600389863548,1.20810408180581,0.279325249816354,0.596291184616384,0.516238692736629,"NDUFC2",1
"GO:1901163","regulation of trophoblast cell migration","1/342","12/12706",0.0833333333333333,3.09600389863548,1.20810408180581,0.279325249816354,0.596291184616384,0.516238692736629,"CALR",1
"GO:1901334","lactone metabolic process","1/342","12/12706",0.0833333333333333,3.09600389863548,1.20810408180581,0.279325249816354,0.596291184616384,0.516238692736629,"SLC2A3",1
"GO:1901836","regulation of transcription of nucleolar large rRNA by RNA polymerase I","1/342","12/12706",0.0833333333333333,3.09600389863548,1.20810408180581,0.279325249816354,0.596291184616384,0.516238692736629,"NOP53",1
"GO:1902946","protein localization to early endosome","1/342","12/12706",0.0833333333333333,3.09600389863548,1.20810408180581,0.279325249816354,0.596291184616384,0.516238692736629,"SORL1",1
"GO:1903671","negative regulation of sprouting angiogenesis","1/342","12/12706",0.0833333333333333,3.09600389863548,1.20810408180581,0.279325249816354,0.596291184616384,0.516238692736629,"KLF2",1
"GO:1903898","negative regulation of PERK-mediated unfolded protein response","1/342","12/12706",0.0833333333333333,3.09600389863548,1.20810408180581,0.279325249816354,0.596291184616384,0.516238692736629,"PPP1R15A",1
"GO:1904179","positive regulation of adipose tissue development","1/342","12/12706",0.0833333333333333,3.09600389863548,1.20810408180581,0.279325249816354,0.596291184616384,0.516238692736629,"SORL1",1
"GO:1905089","regulation of type 2 mitophagy","1/342","12/12706",0.0833333333333333,3.09600389863548,1.20810408180581,0.279325249816354,0.596291184616384,0.516238692736629,"HUWE1",1
"GO:1905668","positive regulation of protein localization to endosome","1/342","12/12706",0.0833333333333333,3.09600389863548,1.20810408180581,0.279325249816354,0.596291184616384,0.516238692736629,"SORL1",1
"GO:2000317","negative regulation of T-helper 17 type immune response","1/342","12/12706",0.0833333333333333,3.09600389863548,1.20810408180581,0.279325249816354,0.596291184616384,0.516238692736629,"CD69",1
"GO:2001046","positive regulation of integrin-mediated signaling pathway","1/342","12/12706",0.0833333333333333,3.09600389863548,1.20810408180581,0.279325249816354,0.596291184616384,0.516238692736629,"FLNA",1
"GO:2001171","positive regulation of ATP biosynthetic process","1/342","12/12706",0.0833333333333333,3.09600389863548,1.20810408180581,0.279325249816354,0.596291184616384,0.516238692736629,"NDUFC2",1
"GO:0034599","cellular response to oxidative stress","8/342","230/12706",0.0347826086956522,1.29224510551742,0.743865421212409,0.279991133884802,0.597042227162096,0.516888907316336,"FOS/AIF1/FOXP1/HSPA1A/SOD2/KLF2/TOP2B/SIRPA",8
"GO:0050890","cognition","8/342","230/12706",0.0347826086956522,1.29224510551742,0.743865421212409,0.279991133884802,0.597042227162096,0.516888907316336,"HLA-DRA/FOS/MAN2B1/PICALM/BTG2/KMT2A/EP300/PTEN",8
"GO:0044093","positive regulation of molecular function","14/342","434/12706",0.032258064516129,1.19845312205244,0.699626122276063,0.281052381382593,0.597975923580555,0.517697254363741,"CCDC88A/GRN/CD4/HSPA1A/DOCK8/PABPN1/PLAUR/RARA/ARAP1/EP300/ZBTB7A/PIM1/CTSS/RIPOR2",14
"GO:0034976","response to endoplasmic reticulum stress","9/342","264/12706",0.0340909090909091,1.26654704944179,0.727866336469983,0.28188504608384,0.597975923580555,0.517697254363741,"TMBIM4/JUN/PPP1R15A/DDX3X/HSPA1A/TARDBP/CALR/EIF4G1/MARCKS",9
"GO:0051054","positive regulation of DNA metabolic process","9/342","264/12706",0.0340909090909091,1.26654704944179,0.727866336469983,0.28188504608384,0.597975923580555,0.517697254363741,"HNRNPA1/TGFB1/SMCHD1/PRKDC/ARID1A/TOP2B/SMARCA2/HNRNPD/ARID2",9
"GO:0032088","negative regulation of NF-kappaB transcription factor activity","2/342","39/12706",0.0512820512820513,1.90523316839106,0.941622367319839,0.282774320710558,0.597975923580555,0.517697254363741,"COMMD7/NFKBIA",2
"GO:0043457","regulation of cellular respiration","2/342","39/12706",0.0512820512820513,1.90523316839106,0.941622367319839,0.282774320710558,0.597975923580555,0.517697254363741,"IL10RB/NOP53",2
"GO:0050771","negative regulation of axonogenesis","2/342","39/12706",0.0512820512820513,1.90523316839106,0.941622367319839,0.282774320710558,0.597975923580555,0.517697254363741,"ARHGAP4/PTEN",2
"GO:0051703","biological process involved in intraspecies interaction between organisms","2/342","39/12706",0.0512820512820513,1.90523316839106,0.941622367319839,0.282774320710558,0.597975923580555,0.517697254363741,"CHD8/PTEN",2
"GO:0071867","response to monoamine","2/342","39/12706",0.0512820512820513,1.90523316839106,0.941622367319839,0.282774320710558,0.597975923580555,0.517697254363741,"GNB1/FLNA",2
"GO:0097178","ruffle assembly","2/342","39/12706",0.0512820512820513,1.90523316839106,0.941622367319839,0.282774320710558,0.597975923580555,0.517697254363741,"AIF1/EVL",2
"GO:1905953","negative regulation of lipid localization","2/342","39/12706",0.0512820512820513,1.90523316839106,0.941622367319839,0.282774320710558,0.597975923580555,0.517697254363741,"NFKBIA/APOC2",2
"GO:2000300","regulation of synaptic vesicle exocytosis","2/342","39/12706",0.0512820512820513,1.90523316839106,0.941622367319839,0.282774320710558,0.597975923580555,0.517697254363741,"P2RX1/STXBP5",2
"GO:0001704","formation of primary germ layer","4/342","100/12706",0.04,1.48608187134503,0.811599297202377,0.282820818546593,0.597975923580555,0.517697254363741,"DUSP1/MYH9/EP300/ITGB2",4
"GO:0002065","columnar/cuboidal epithelial cell differentiation","3/342","69/12706",0.0434782608695652,1.61530638189677,0.852343908537005,0.28407586712655,0.597975923580555,0.517697254363741,"TGFB1/RARA/IPO7",3
"GO:0021766","hippocampus development","3/342","69/12706",0.0434782608695652,1.61530638189677,0.852343908537005,0.28407586712655,0.597975923580555,0.517697254363741,"RARA/BTG2/PTEN",3
"GO:0071260","cellular response to mechanical stimulus","3/342","69/12706",0.0434782608695652,1.61530638189677,0.852343908537005,0.28407586712655,0.597975923580555,0.517697254363741,"TGFB1/CYBA/PLEC",3
"GO:0040017","positive regulation of locomotion","15/342","471/12706",0.0318471337579618,1.18318620330018,0.673786209333082,0.28801729870706,0.597975923580555,0.517697254363741,"AIF1/SPN/GRN/JUN/TGFB1/FOXP1/SOD2/DOCK8/FLNA/MAZ/CALR/PREX1/FGR/RIPOR2/CTSH",15
"GO:0007173","epidermal growth factor receptor signaling pathway","4/342","101/12706",0.0396039603960396,1.47136818945052,0.790988959960789,0.288857420484201,0.597975923580555,0.517697254363741,"CCDC88A/TGFB1/PLAUR/MVP",4
"GO:0006457","protein folding","7/342","199/12706",0.0351758793969849,1.30685591701196,0.725613501215899,0.28934573579233,0.597975923580555,0.517697254363741,"PPIAL4H/GRN/HSPA1A/CALR/RANBP2/CSNK2A1/QSOX1",7
"GO:0031397","negative regulation of protein ubiquitination","3/342","70/12706",0.0428571428571429,1.5922305764411,0.826334579250072,0.291446661019479,0.597975923580555,0.517697254363741,"HSPA1A/GPS2/OGT",3
"GO:0071479","cellular response to ionizing radiation","3/342","70/12706",0.0428571428571429,1.5922305764411,0.826334579250072,0.291446661019479,0.597975923580555,0.517697254363741,"RPL26/TGFB1/CYBA",3
"GO:0000184","nuclear-transcribed mRNA catabolic process, nonsense-mediated decay","2/342","40/12706",0.05,1.85760233918129,0.903476998241581,0.292808984022777,0.597975923580555,0.517697254363741,"SMG1/ETF1",2
"GO:0009116","nucleoside metabolic process","2/342","40/12706",0.05,1.85760233918129,0.903476998241581,0.292808984022777,0.597975923580555,0.517697254363741,"TYMP/NME4",2
"GO:0010257","NADH dehydrogenase complex assembly","2/342","40/12706",0.05,1.85760233918129,0.903476998241581,0.292808984022777,0.597975923580555,0.517697254363741,"NDUFC2/OXA1L",2
"GO:0019229","regulation of vasoconstriction","2/342","40/12706",0.05,1.85760233918129,0.903476998241581,0.292808984022777,0.597975923580555,0.517697254363741,"P2RX1/ATP2B1",2
"GO:0019320","hexose catabolic process","2/342","40/12706",0.05,1.85760233918129,0.903476998241581,0.292808984022777,0.597975923580555,0.517697254363741,"PFKL/HK3",2
"GO:0030838","positive regulation of actin filament polymerization","2/342","40/12706",0.05,1.85760233918129,0.903476998241581,0.292808984022777,0.597975923580555,0.517697254363741,"HCK/EVL",2
"GO:0032981","mitochondrial respiratory chain complex I assembly","2/342","40/12706",0.05,1.85760233918129,0.903476998241581,0.292808984022777,0.597975923580555,0.517697254363741,"NDUFC2/OXA1L",2
"GO:0033173","calcineurin-NFAT signaling cascade","2/342","40/12706",0.05,1.85760233918129,0.903476998241581,0.292808984022777,0.597975923580555,0.517697254363741,"PPP3R1/NFATC3",2
"GO:0034205","amyloid-beta formation","2/342","40/12706",0.05,1.85760233918129,0.903476998241581,0.292808984022777,0.597975923580555,0.517697254363741,"PICALM/SORL1",2
"GO:0043616","keratinocyte proliferation","2/342","40/12706",0.05,1.85760233918129,0.903476998241581,0.292808984022777,0.597975923580555,0.517697254363741,"NFKBIZ/ZFP36",2
"GO:0046636","negative regulation of alpha-beta T cell activation","2/342","40/12706",0.05,1.85760233918129,0.903476998241581,0.292808984022777,0.597975923580555,0.517697254363741,"CD69/RUNX1",2
"GO:0051489","regulation of filopodium assembly","2/342","40/12706",0.05,1.85760233918129,0.903476998241581,0.292808984022777,0.597975923580555,0.517697254363741,"ARAP1/RIPOR2",2
"GO:0070979","protein K11-linked ubiquitination","2/342","40/12706",0.05,1.85760233918129,0.903476998241581,0.292808984022777,0.597975923580555,0.517697254363741,"UBE2W/UBR5",2
"GO:1904035","regulation of epithelial cell apoptotic process","2/342","40/12706",0.05,1.85760233918129,0.903476998241581,0.292808984022777,0.597975923580555,0.517697254363741,"ADAR/ZFP36",2
"GO:2000780","negative regulation of double-strand break repair","2/342","40/12706",0.05,1.85760233918129,0.903476998241581,0.292808984022777,0.597975923580555,0.517697254363741,"SMCHD1/CSNK2A1",2
"GO:2001239","regulation of extrinsic apoptotic signaling pathway in absence of ligand","2/342","40/12706",0.05,1.85760233918129,0.903476998241581,0.292808984022777,0.597975923580555,0.517697254363741,"MCL1/HSPA1A",2
"GO:0007219","Notch signaling pathway","5/342","134/12706",0.0373134328358209,1.38627040237409,0.747588366473995,0.293381485041,0.597975923580555,0.517697254363741,"AAK1/TGFB1/HERC2/ZBTB7A/NFKBIA",5
"GO:0008217","regulation of blood pressure","5/342","134/12706",0.0373134328358209,1.38627040237409,0.747588366473995,0.293381485041,0.597975923580555,0.517697254363741,"P2RX1/SOD2/CYBA/SCPEP1/ATP2B1",5
"GO:0010212","response to ionizing radiation","5/342","134/12706",0.0373134328358209,1.38627040237409,0.747588366473995,0.293381485041,0.597975923580555,0.517697254363741,"RPL26/TGFB1/SOD2/PRKDC/CYBA",5
"GO:0050905","neuromuscular process","5/342","134/12706",0.0373134328358209,1.38627040237409,0.747588366473995,0.293381485041,0.597975923580555,0.517697254363741,"MYCBP2/DCTN1/HIPK2/CHD8/PTEN",5
"GO:0009267","cellular response to starvation","6/342","167/12706",0.0359281437125748,1.33480407605841,0.724333231532194,0.294414793957382,0.597975923580555,0.517697254363741,"FOS/HNRNPA1/MAT2A/TNRC6A/PIM1/CPEB4",6
"GO:0060348","bone development","6/342","167/12706",0.0359281437125748,1.33480407605841,0.724333231532194,0.294414793957382,0.597975923580555,0.517697254363741,"VKORC1/AKAP13/TGFB1/FOXP1/RARA/ACP5",6
"GO:1901991","negative regulation of mitotic cell cycle phase transition","6/342","167/12706",0.0359281437125748,1.33480407605841,0.724333231532194,0.294414793957382,0.597975923580555,0.517697254363741,"DUSP1/PRKDC/NOP53/DGKZ/TAOK1/PTEN",6
"GO:0003002","regionalization","9/342","268/12706",0.0335820895522388,1.24764336213669,0.681458953359273,0.296511290601068,0.597975923580555,0.517697254363741,"PRKDC/BPTF/BASP1/BTG2/KMT2A/EP300/AP1B1/HIPK2/ITGAM",9
"GO:0043122","regulation of canonical NF-kappaB signal transduction","10/342","302/12706",0.033112582781457,1.23020022462337,0.673362963139673,0.296569833785496,0.597975923580555,0.517697254363741,"UBE2V1/AKAP13/CD4/TGFB1/CPNE1/FLNA/HUWE1/SIRPA/NFKBIA/NKIRAS2",10
"GO:0051648","vesicle localization","7/342","201/12706",0.0348258706467662,1.29385237554915,0.698403289388266,0.29786331208448,0.597975923580555,0.517697254363741,"TRAPPC5/STXBP2/DCTN1/HGS/RAB27A/AP3D1/PTEN",7
"GO:0000054","ribosomal subunit export from nucleus","1/342","13/12706",0.0769230769230769,2.8578497525866,1.11460507105889,0.298741569696834,0.597975923580555,0.517697254363741,"XPO1",1
"GO:0001682","tRNA 5'-leader removal","1/342","13/12706",0.0769230769230769,2.8578497525866,1.11460507105889,0.298741569696834,0.597975923580555,0.517697254363741,"RPP21",1
"GO:0001921","positive regulation of receptor recycling","1/342","13/12706",0.0769230769230769,2.8578497525866,1.11460507105889,0.298741569696834,0.597975923580555,0.517697254363741,"ARAP1",1
"GO:0001977","renal system process involved in regulation of blood volume","1/342","13/12706",0.0769230769230769,2.8578497525866,1.11460507105889,0.298741569696834,0.597975923580555,0.517697254363741,"CYBA",1
"GO:0002517","T cell tolerance induction","1/342","13/12706",0.0769230769230769,2.8578497525866,1.11460507105889,0.298741569696834,0.597975923580555,0.517697254363741,"HLA-B",1
"GO:0002664","regulation of T cell tolerance induction","1/342","13/12706",0.0769230769230769,2.8578497525866,1.11460507105889,0.298741569696834,0.597975923580555,0.517697254363741,"HLA-B",1
"GO:0002835","negative regulation of response to tumor cell","1/342","13/12706",0.0769230769230769,2.8578497525866,1.11460507105889,0.298741569696834,0.597975923580555,0.517697254363741,"TGFB1",1
"GO:0002838","negative regulation of immune response to tumor cell","1/342","13/12706",0.0769230769230769,2.8578497525866,1.11460507105889,0.298741569696834,0.597975923580555,0.517697254363741,"TGFB1",1
"GO:0002903","negative regulation of B cell apoptotic process","1/342","13/12706",0.0769230769230769,2.8578497525866,1.11460507105889,0.298741569696834,0.597975923580555,0.517697254363741,"FOXP1",1
"GO:0002921","negative regulation of humoral immune response","1/342","13/12706",0.0769230769230769,2.8578497525866,1.11460507105889,0.298741569696834,0.597975923580555,0.517697254363741,"CD59",1
"GO:0006177","GMP biosynthetic process","1/342","13/12706",0.0769230769230769,2.8578497525866,1.11460507105889,0.298741569696834,0.597975923580555,0.517697254363741,"IMPDH2",1
"GO:0006213","pyrimidine nucleoside metabolic process","1/342","13/12706",0.0769230769230769,2.8578497525866,1.11460507105889,0.298741569696834,0.597975923580555,0.517697254363741,"TYMP",1
"GO:0006465","signal peptide processing","1/342","13/12706",0.0769230769230769,2.8578497525866,1.11460507105889,0.298741569696834,0.597975923580555,0.517697254363741,"PARL",1
"GO:0007008","outer mitochondrial membrane organization","1/342","13/12706",0.0769230769230769,2.8578497525866,1.11460507105889,0.298741569696834,0.597975923580555,0.517697254363741,"TOMM6",1
"GO:0009159","deoxyribonucleoside monophosphate catabolic process","1/342","13/12706",0.0769230769230769,2.8578497525866,1.11460507105889,0.298741569696834,0.597975923580555,0.517697254363741,"TYMP",1
"GO:0009209","pyrimidine ribonucleoside triphosphate biosynthetic process","1/342","13/12706",0.0769230769230769,2.8578497525866,1.11460507105889,0.298741569696834,0.597975923580555,0.517697254363741,"NME4",1
"GO:0009584","detection of visible light","1/342","13/12706",0.0769230769230769,2.8578497525866,1.11460507105889,0.298741569696834,0.597975923580555,0.517697254363741,"GNAQ",1
"GO:0010842","retina layer formation","1/342","13/12706",0.0769230769230769,2.8578497525866,1.11460507105889,0.298741569696834,0.597975923580555,0.517697254363741,"HIPK2",1
"GO:0010958","regulation of amino acid import across plasma membrane","1/342","13/12706",0.0769230769230769,2.8578497525866,1.11460507105889,0.298741569696834,0.597975923580555,0.517697254363741,"SEPTIN2",1
"GO:0018200","peptidyl-glutamic acid modification","1/342","13/12706",0.0769230769230769,2.8578497525866,1.11460507105889,0.298741569696834,0.597975923580555,0.517697254363741,"VKORC1",1
"GO:0019370","leukotriene biosynthetic process","1/342","13/12706",0.0769230769230769,2.8578497525866,1.11460507105889,0.298741569696834,0.597975923580555,0.517697254363741,"SYK",1
"GO:0030502","negative regulation of bone mineralization","1/342","13/12706",0.0769230769230769,2.8578497525866,1.11460507105889,0.298741569696834,0.597975923580555,0.517697254363741,"SRGN",1
"GO:0031952","regulation of protein autophosphorylation","1/342","13/12706",0.0769230769230769,2.8578497525866,1.11460507105889,0.298741569696834,0.597975923580555,0.517697254363741,"MVP",1
"GO:0033145","positive regulation of intracellular steroid hormone receptor signaling pathway","1/342","13/12706",0.0769230769230769,2.8578497525866,1.11460507105889,0.298741569696834,0.597975923580555,0.517697254363741,"PAGR1",1
"GO:0033147","negative regulation of intracellular estrogen receptor signaling pathway","1/342","13/12706",0.0769230769230769,2.8578497525866,1.11460507105889,0.298741569696834,0.597975923580555,0.517697254363741,"CNOT1",1
"GO:0033750","ribosome localization","1/342","13/12706",0.0769230769230769,2.8578497525866,1.11460507105889,0.298741569696834,0.597975923580555,0.517697254363741,"XPO1",1
"GO:0034145","positive regulation of toll-like receptor 4 signaling pathway","1/342","13/12706",0.0769230769230769,2.8578497525866,1.11460507105889,0.298741569696834,0.597975923580555,0.517697254363741,"NINJ1",1
"GO:0034260","negative regulation of GTPase activity","1/342","13/12706",0.0769230769230769,2.8578497525866,1.11460507105889,0.298741569696834,0.597975923580555,0.517697254363741,"ARFGEF1",1
"GO:0035234","ectopic germ cell programmed cell death","1/342","13/12706",0.0769230769230769,2.8578497525866,1.11460507105889,0.298741569696834,0.597975923580555,0.517697254363741,"PRKDC",1
"GO:0038065","collagen-activated signaling pathway","1/342","13/12706",0.0769230769230769,2.8578497525866,1.11460507105889,0.298741569696834,0.597975923580555,0.517697254363741,"SYK",1
"GO:0042117","monocyte activation","1/342","13/12706",0.0769230769230769,2.8578497525866,1.11460507105889,0.298741569696834,0.597975923580555,0.517697254363741,"FOXP1",1
"GO:0042373","vitamin K metabolic process","1/342","13/12706",0.0769230769230769,2.8578497525866,1.11460507105889,0.298741569696834,0.597975923580555,0.517697254363741,"VKORC1",1
"GO:0042492","gamma-delta T cell differentiation","1/342","13/12706",0.0769230769230769,2.8578497525866,1.11460507105889,0.298741569696834,0.597975923580555,0.517697254363741,"SYK",1
"GO:0043201","response to L-leucine","1/342","13/12706",0.0769230769230769,2.8578497525866,1.11460507105889,0.298741569696834,0.597975923580555,0.517697254363741,"EP300",1
"GO:0043374","CD8-positive, alpha-beta T cell differentiation","1/342","13/12706",0.0769230769230769,2.8578497525866,1.11460507105889,0.298741569696834,0.597975923580555,0.517697254363741,"RUNX1",1
"GO:0045091","regulation of single stranded viral RNA replication via double stranded DNA intermediate","1/342","13/12706",0.0769230769230769,2.8578497525866,1.11460507105889,0.298741569696834,0.597975923580555,0.517697254363741,"TOP2B",1
"GO:0045475","locomotor rhythm","1/342","13/12706",0.0769230769230769,2.8578497525866,1.11460507105889,0.298741569696834,0.597975923580555,0.517697254363741,"PTEN",1
"GO:0045651","positive regulation of macrophage differentiation","1/342","13/12706",0.0769230769230769,2.8578497525866,1.11460507105889,0.298741569696834,0.597975923580555,0.517697254363741,"TGFB1",1
"GO:0045780","positive regulation of bone resorption","1/342","13/12706",0.0769230769230769,2.8578497525866,1.11460507105889,0.298741569696834,0.597975923580555,0.517697254363741,"SYK",1
"GO:0046643","regulation of gamma-delta T cell activation","1/342","13/12706",0.0769230769230769,2.8578497525866,1.11460507105889,0.298741569696834,0.597975923580555,0.517697254363741,"SYK",1
"GO:0050655","dermatan sulfate proteoglycan metabolic process","1/342","13/12706",0.0769230769230769,2.8578497525866,1.11460507105889,0.298741569696834,0.597975923580555,0.517697254363741,"IDS",1
"GO:0051547","regulation of keratinocyte migration","1/342","13/12706",0.0769230769230769,2.8578497525866,1.11460507105889,0.298741569696834,0.597975923580555,0.517697254363741,"PTEN",1
"GO:0060100","positive regulation of phagocytosis, engulfment","1/342","13/12706",0.0769230769230769,2.8578497525866,1.11460507105889,0.298741569696834,0.597975923580555,0.517697254363741,"RAB31",1
"GO:0060231","mesenchymal to epithelial transition","1/342","13/12706",0.0769230769230769,2.8578497525866,1.11460507105889,0.298741569696834,0.597975923580555,0.517697254363741,"BASP1",1
"GO:0060816","random inactivation of X chromosome","1/342","13/12706",0.0769230769230769,2.8578497525866,1.11460507105889,0.298741569696834,0.597975923580555,0.517697254363741,"JARID2",1
"GO:0060977","coronary vasculature morphogenesis","1/342","13/12706",0.0769230769230769,2.8578497525866,1.11460507105889,0.298741569696834,0.597975923580555,0.517697254363741,"ARID2",1
"GO:0061795","Golgi lumen acidification","1/342","13/12706",0.0769230769230769,2.8578497525866,1.11460507105889,0.298741569696834,0.597975923580555,0.517697254363741,"RNASEK",1
"GO:0070071","proton-transporting two-sector ATPase complex assembly","1/342","13/12706",0.0769230769230769,2.8578497525866,1.11460507105889,0.298741569696834,0.597975923580555,0.517697254363741,"OXA1L",1
"GO:0071639","positive regulation of monocyte chemotactic protein-1 production","1/342","13/12706",0.0769230769230769,2.8578497525866,1.11460507105889,0.298741569696834,0.597975923580555,0.517697254363741,"SYK",1
"GO:0071801","regulation of podosome assembly","1/342","13/12706",0.0769230769230769,2.8578497525866,1.11460507105889,0.298741569696834,0.597975923580555,0.517697254363741,"HCK",1
"GO:0097094","craniofacial suture morphogenesis","1/342","13/12706",0.0769230769230769,2.8578497525866,1.11460507105889,0.298741569696834,0.597975923580555,0.517697254363741,"TGFB1",1
"GO:0099159","regulation of modification of postsynaptic structure","1/342","13/12706",0.0769230769230769,2.8578497525866,1.11460507105889,0.298741569696834,0.597975923580555,0.517697254363741,"CTTNBP2",1
"GO:0150011","regulation of neuron projection arborization","1/342","13/12706",0.0769230769230769,2.8578497525866,1.11460507105889,0.298741569696834,0.597975923580555,0.517697254363741,"MACF1",1
"GO:0150079","negative regulation of neuroinflammatory response","1/342","13/12706",0.0769230769230769,2.8578497525866,1.11460507105889,0.298741569696834,0.597975923580555,0.517697254363741,"GRN",1
"GO:1901029","negative regulation of mitochondrial outer membrane permeabilization involved in apoptotic signaling pathway","1/342","13/12706",0.0769230769230769,2.8578497525866,1.11460507105889,0.298741569696834,0.597975923580555,0.517697254363741,"HSPA1A",1
"GO:1901201","regulation of extracellular matrix assembly","1/342","13/12706",0.0769230769230769,2.8578497525866,1.11460507105889,0.298741569696834,0.597975923580555,0.517697254363741,"TGFB1",1
"GO:1901298","regulation of hydrogen peroxide-mediated programmed cell death","1/342","13/12706",0.0769230769230769,2.8578497525866,1.11460507105889,0.298741569696834,0.597975923580555,0.517697254363741,"FOXP1",1
"GO:1901741","positive regulation of myoblast fusion","1/342","13/12706",0.0769230769230769,2.8578497525866,1.11460507105889,0.298741569696834,0.597975923580555,0.517697254363741,"RIPOR2",1
"GO:1901857","positive regulation of cellular respiration","1/342","13/12706",0.0769230769230769,2.8578497525866,1.11460507105889,0.298741569696834,0.597975923580555,0.517697254363741,"IL10RB",1
"GO:1903789","regulation of amino acid transmembrane transport","1/342","13/12706",0.0769230769230769,2.8578497525866,1.11460507105889,0.298741569696834,0.597975923580555,0.517697254363741,"SEPTIN2",1
"GO:1903798","regulation of miRNA processing","1/342","13/12706",0.0769230769230769,2.8578497525866,1.11460507105889,0.298741569696834,0.597975923580555,0.517697254363741,"TGFB1",1
"GO:1903939","regulation of TORC2 signaling","1/342","13/12706",0.0769230769230769,2.8578497525866,1.11460507105889,0.298741569696834,0.597975923580555,0.517697254363741,"EP300",1
"GO:1904044","response to aldosterone","1/342","13/12706",0.0769230769230769,2.8578497525866,1.11460507105889,0.298741569696834,0.597975923580555,0.517697254363741,"CYBA",1
"GO:1905155","positive regulation of membrane invagination","1/342","13/12706",0.0769230769230769,2.8578497525866,1.11460507105889,0.298741569696834,0.597975923580555,0.517697254363741,"RAB31",1
"GO:1905666","regulation of protein localization to endosome","1/342","13/12706",0.0769230769230769,2.8578497525866,1.11460507105889,0.298741569696834,0.597975923580555,0.517697254363741,"SORL1",1
"GO:2000725","regulation of cardiac muscle cell differentiation","1/342","13/12706",0.0769230769230769,2.8578497525866,1.11460507105889,0.298741569696834,0.597975923580555,0.517697254363741,"TGFB1",1
"GO:2001198","regulation of dendritic cell differentiation","1/342","13/12706",0.0769230769230769,2.8578497525866,1.11460507105889,0.298741569696834,0.597975923580555,0.517697254363741,"HLA-B",1
"GO:2001256","regulation of store-operated calcium entry","1/342","13/12706",0.0769230769230769,2.8578497525866,1.11460507105889,0.298741569696834,0.597975923580555,0.517697254363741,"CD84",1
"GO:0030101","natural killer cell activation","3/342","71/12706",0.0422535211267606,1.56980479367433,0.800734497500304,0.298830682483707,0.597975923580555,0.517697254363741,"FGR/RAB27A/SNX27",3
"GO:0071496","cellular response to external stimulus","3/342","71/12706",0.0422535211267606,1.56980479367433,0.800734497500304,0.298830682483707,0.597975923580555,0.517697254363741,"TGFB1/CYBA/PLEC",3
"GO:1905818","regulation of chromosome separation","3/342","71/12706",0.0422535211267606,1.56980479367433,0.800734497500304,0.298830682483707,0.597975923580555,0.517697254363741,"DUSP1/NUMA1/CSNK2A1",3
"GO:0006940","regulation of smooth muscle contraction","2/342","41/12706",0.0487804878048781,1.81229496505491,0.866411049171204,0.302824673916286,0.6013104708024,0.520584136382266,"P2RX1/ATP2B1",2
"GO:0010634","positive regulation of epithelial cell migration","2/342","41/12706",0.0487804878048781,1.81229496505491,0.866411049171204,0.302824673916286,0.6013104708024,0.520584136382266,"JUN/CTSH",2
"GO:0034331","cell junction maintenance","2/342","41/12706",0.0487804878048781,1.81229496505491,0.866411049171204,0.302824673916286,0.6013104708024,0.520584136382266,"GRN/DCTN1",2
"GO:0042311","vasodilation","2/342","41/12706",0.0487804878048781,1.81229496505491,0.866411049171204,0.302824673916286,0.6013104708024,0.520584136382266,"SOD2/KLF2",2
"GO:0043114","regulation of vascular permeability","2/342","41/12706",0.0487804878048781,1.81229496505491,0.866411049171204,0.302824673916286,0.6013104708024,0.520584136382266,"TGFB1/PLEC",2
"GO:0045581","negative regulation of T cell differentiation","2/342","41/12706",0.0487804878048781,1.81229496505491,0.866411049171204,0.302824673916286,0.6013104708024,0.520584136382266,"CD69/RUNX1",2
"GO:0045910","negative regulation of DNA recombination","2/342","41/12706",0.0487804878048781,1.81229496505491,0.866411049171204,0.302824673916286,0.6013104708024,0.520584136382266,"SMCHD1/CSNK2A1",2
"GO:0046633","alpha-beta T cell proliferation","2/342","41/12706",0.0487804878048781,1.81229496505491,0.866411049171204,0.302824673916286,0.6013104708024,0.520584136382266,"HLA-A/SYK",2
"GO:0048538","thymus development","2/342","41/12706",0.0487804878048781,1.81229496505491,0.866411049171204,0.302824673916286,0.6013104708024,0.520584136382266,"JARID2/RAF1",2
"GO:0071364","cellular response to epidermal growth factor stimulus","2/342","41/12706",0.0487804878048781,1.81229496505491,0.866411049171204,0.302824673916286,0.6013104708024,0.520584136382266,"FOS/ZFP36",2
"GO:0090199","regulation of release of cytochrome c from mitochondria","2/342","41/12706",0.0487804878048781,1.81229496505491,0.866411049171204,0.302824673916286,0.6013104708024,0.520584136382266,"PARL/PLAUR",2
"GO:1901532","regulation of hematopoietic progenitor cell differentiation","2/342","41/12706",0.0487804878048781,1.81229496505491,0.866411049171204,0.302824673916286,0.6013104708024,0.520584136382266,"PRKDC/RARA",2
"GO:1902041","regulation of extrinsic apoptotic signaling pathway via death domain receptors","2/342","41/12706",0.0487804878048781,1.81229496505491,0.866411049171204,0.302824673916286,0.6013104708024,0.520584136382266,"DDX3X/RAF1",2
"GO:2000573","positive regulation of DNA biosynthetic process","2/342","41/12706",0.0487804878048781,1.81229496505491,0.866411049171204,0.302824673916286,0.6013104708024,0.520584136382266,"HNRNPA1/HNRNPD",2
"GO:0044772","mitotic cell cycle phase transition","13/342","407/12706",0.0319410319410319,1.1866747129905,0.636603006969932,0.302869424404681,0.6013104708024,0.520584136382266,"AIF1/DUSP1/DDX3X/TGFB1/PRKDC/NOP53/ARID1A/DGKZ/TAOK1/SMARCA2/EIF4G1/ARID2/PTEN",13
"GO:0006816","calcium ion transport","10/342","304/12706",0.0328947368421053,1.22210680209295,0.651889036303881,0.30352036520953,0.601777275068413,0.520988271862158,"TMBIM4/CD84/CD4/P2RX1/TGFB1/FLNA/PPP3R1/CYBA/TMEM165/ATP2B1",10
"GO:0070371","ERK1 and ERK2 cascade","8/342","236/12706",0.0338983050847458,1.25939141639409,0.668958636295554,0.303549748280398,0.601777275068413,0.520988271862158,"DUSP1/SYK/CD4/JUN/TGFB1/EIF3A/SIRPA/CTSH",8
"GO:0002700","regulation of production of molecular mediator of immune response","6/342","169/12706",0.0355029585798817,1.31900757811689,0.694333994650106,0.303804394700986,0.601777275068413,0.520988271862158,"IL2RG/HLA-A/SYK/TGFB1/PRG2/ACP5",6
"GO:1901292","nucleoside phosphate catabolic process","6/342","169/12706",0.0355029585798817,1.31900757811689,0.694333994650106,0.303804394700986,0.601777275068413,0.520988271862158,"TYMP/PFKL/OGT/EP300/ZBTB7A/HK3",6
"GO:0043491","phosphatidylinositol 3-kinase/protein kinase B signal transduction","9/342","270/12706",0.0333333333333333,1.23840155945419,0.658523847359662,0.303895941118189,0.601777275068413,0.520988271862158,"CCDC88A/TGFB1/CPNE1/NOP53/MAZ/EP300/FGR/PTEN/ARFGEF1",9
"GO:0030510","regulation of BMP signaling pathway","3/342","72/12706",0.0416666666666667,1.54800194931774,0.775530361446767,0.306224876071354,0.605128367371771,0.523889477773894,"NUMA1/HIPK2/SORL1",3
"GO:0033673","negative regulation of kinase activity","3/342","72/12706",0.0416666666666667,1.54800194931774,0.775530361446767,0.306224876071354,0.605128367371771,0.523889477773894,"DUSP1/ADAR/MVP",3
"GO:0051591","response to cAMP","3/342","72/12706",0.0416666666666667,1.54800194931774,0.775530361446767,0.306224876071354,0.605128367371771,0.523889477773894,"ATP5PO/FOS/DUSP1",3
"GO:0070167","regulation of biomineral tissue development","3/342","72/12706",0.0416666666666667,1.54800194931774,0.775530361446767,0.306224876071354,0.605128367371771,0.523889477773894,"TGFB1/ATP2B1/SRGN",3
"GO:0090287","regulation of cellular response to growth factor stimulus","8/342","237/12706",0.0337552742616034,1.25407752856121,0.65666747554186,0.307520100891117,0.605643472531038,0.524335429719692,"HSPA1A/OGT/NUMA1/EP300/ZBTB7A/HIPK2/HGS/SORL1",8
"GO:0006310","DNA recombination","10/342","306/12706",0.0326797385620915,1.21411917593548,0.630559863434881,0.310511574654868,0.605643472531038,0.524335429719692,"PAGR1/TGFB1/SMCHD1/PRKDC/TOP2B/NFKBIZ/CSNK2A1/ARID2/MCM5/RNF138",10
"GO:0002347","response to tumor cell","2/342","42/12706",0.0476190476190476,1.76914508493456,0.830363695255028,0.312815156536573,0.605643472531038,0.524335429719692,"HLA-A/TGFB1",2
"GO:0007528","neuromuscular junction development","2/342","42/12706",0.0476190476190476,1.76914508493456,0.830363695255028,0.312815156536573,0.605643472531038,0.524335429719692,"MYCBP2/DCTN1",2
"GO:0009311","oligosaccharide metabolic process","2/342","42/12706",0.0476190476190476,1.76914508493456,0.830363695255028,0.312815156536573,0.605643472531038,0.524335429719692,"MAN2B1/MANBA",2
"GO:0010171","body morphogenesis","2/342","42/12706",0.0476190476190476,1.76914508493456,0.830363695255028,0.312815156536573,0.605643472531038,0.524335429719692,"TGFB1/EP300",2
"GO:0031103","axon regeneration","2/342","42/12706",0.0476190476190476,1.76914508493456,0.830363695255028,0.312815156536573,0.605643472531038,0.524335429719692,"GRN/JUN",2
"GO:0032509","endosome transport via multivesicular body sorting pathway","2/342","42/12706",0.0476190476190476,1.76914508493456,0.830363695255028,0.312815156536573,0.605643472531038,0.524335429719692,"LYST/HGS",2
"GO:0032964","collagen biosynthetic process","2/342","42/12706",0.0476190476190476,1.76914508493456,0.830363695255028,0.312815156536573,0.605643472531038,0.524335429719692,"TGFB1/RUNX1",2
"GO:0045738","negative regulation of DNA repair","2/342","42/12706",0.0476190476190476,1.76914508493456,0.830363695255028,0.312815156536573,0.605643472531038,0.524335429719692,"SMCHD1/CSNK2A1",2
"GO:0051294","establishment of spindle orientation","2/342","42/12706",0.0476190476190476,1.76914508493456,0.830363695255028,0.312815156536573,0.605643472531038,0.524335429719692,"DCTN1/NUMA1",2
"GO:0060425","lung morphogenesis","2/342","42/12706",0.0476190476190476,1.76914508493456,0.830363695255028,0.312815156536573,0.605643472531038,0.524335429719692,"HIPK2/CTSH",2
"GO:0019079","viral genome replication","4/342","105/12706",0.0380952380952381,1.41531606794765,0.710708921088776,0.313165805990801,0.605643472531038,0.524335429719692,"DDX3X/GRK2/ADAR/TOP2B",4
"GO:0022408","negative regulation of cell-cell adhesion","6/342","171/12706",0.0350877192982456,1.30358058889915,0.664707799459522,0.313247977632213,0.605643472531038,0.524335429719692,"SPN/TGFB1/CD69/PAG1/RUNX1/RIPOR2",6
"GO:0032436","positive regulation of proteasomal ubiquitin-dependent protein catabolic process","3/342","73/12706",0.0410958904109589,1.5267964431627,0.75070948923059,0.313626260014374,0.605643472531038,0.524335429719692,"HSPA1A/NOP53/HECTD1",3
"GO:0048771","tissue remodeling","5/342","138/12706",0.036231884057971,1.34608865158064,0.679852510331831,0.314467314465221,0.605643472531038,0.524335429719692,"SYK/TGFB1/ARAP1/RUNX1/ACP5",5
"GO:0000209","protein polyubiquitination","9/342","273/12706",0.032967032967033,1.22479275110854,0.624448387753686,0.315053457117541,0.605643472531038,0.524335429719692,"UBE2V1/RNF213/DDX3X/UBE2W/HUWE1/TRIP12/MYCBP2/GPS2/UBR5",9
"GO:0042063","gliogenesis","9/342","273/12706",0.032967032967033,1.22479275110854,0.624448387753686,0.315053457117541,0.605643472531038,0.524335429719692,"S100A8/S100A9/GRN/TGFB1/PPP3R1/PLEC/QKI/PTEN/RAF1",9
"GO:0032984","protein-containing complex disassembly","8/342","239/12706",0.0334728033472803,1.24358315593726,0.632246033321395,0.315494064007708,0.605643472531038,0.524335429719692,"CLTC/ARID1A/PLEK/TAOK1/ETF1/TBC1D25/HMGA1/ARID2",8
"GO:0000244","spliceosomal tri-snRNP complex assembly","1/342","14/12706",0.0714285714285714,2.65371762740184,1.02963010278004,0.317636266235374,0.605643472531038,0.524335429719692,"PRPF8",1
"GO:0000290","deadenylation-dependent decapping of nuclear-transcribed mRNA","1/342","14/12706",0.0714285714285714,2.65371762740184,1.02963010278004,0.317636266235374,0.605643472531038,0.524335429719692,"CSNK2A1",1
"GO:0002566","somatic diversification of immune receptors via somatic mutation","1/342","14/12706",0.0714285714285714,2.65371762740184,1.02963010278004,0.317636266235374,0.605643472531038,0.524335429719692,"ADAR",1
"GO:0002922","positive regulation of humoral immune response","1/342","14/12706",0.0714285714285714,2.65371762740184,1.02963010278004,0.317636266235374,0.605643472531038,0.524335429719692,"CFP",1
"GO:0003085","negative regulation of systemic arterial blood pressure","1/342","14/12706",0.0714285714285714,2.65371762740184,1.02963010278004,0.317636266235374,0.605643472531038,0.524335429719692,"SOD2",1
"GO:0003148","outflow tract septum morphogenesis","1/342","14/12706",0.0714285714285714,2.65371762740184,1.02963010278004,0.317636266235374,0.605643472531038,0.524335429719692,"RARA",1
"GO:0006206","pyrimidine nucleobase metabolic process","1/342","14/12706",0.0714285714285714,2.65371762740184,1.02963010278004,0.317636266235374,0.605643472531038,0.524335429719692,"TYMP",1
"GO:0010635","regulation of mitochondrial fusion","1/342","14/12706",0.0714285714285714,2.65371762740184,1.02963010278004,0.317636266235374,0.605643472531038,0.524335429719692,"HUWE1",1
"GO:0016074","sno(s)RNA metabolic process","1/342","14/12706",0.0714285714285714,2.65371762740184,1.02963010278004,0.317636266235374,0.605643472531038,0.524335429719692,"FBL",1
"GO:0018394","peptidyl-lysine acetylation","1/342","14/12706",0.0714285714285714,2.65371762740184,1.02963010278004,0.317636266235374,0.605643472531038,0.524335429719692,"EP300",1
"GO:0030174","regulation of DNA-templated DNA replication initiation","1/342","14/12706",0.0714285714285714,2.65371762740184,1.02963010278004,0.317636266235374,0.605643472531038,0.524335429719692,"MCM5",1
"GO:0031665","negative regulation of lipopolysaccharide-mediated signaling pathway","1/342","14/12706",0.0714285714285714,2.65371762740184,1.02963010278004,0.317636266235374,0.605643472531038,0.524335429719692,"SIRPA",1
"GO:0032897","negative regulation of viral transcription","1/342","14/12706",0.0714285714285714,2.65371762740184,1.02963010278004,0.317636266235374,0.605643472531038,0.524335429719692,"ZFP36",1
"GO:0035864","response to potassium ion","1/342","14/12706",0.0714285714285714,2.65371762740184,1.02963010278004,0.317636266235374,0.605643472531038,0.524335429719692,"KMT2A",1
"GO:0039692","single stranded viral RNA replication via double stranded DNA intermediate","1/342","14/12706",0.0714285714285714,2.65371762740184,1.02963010278004,0.317636266235374,0.605643472531038,0.524335429719692,"TOP2B",1
"GO:0043171","peptide catabolic process","1/342","14/12706",0.0714285714285714,2.65371762740184,1.02963010278004,0.317636266235374,0.605643472531038,0.524335429719692,"CTSH",1
"GO:0043517","positive regulation of DNA damage response, signal transduction by p53 class mediator","1/342","14/12706",0.0714285714285714,2.65371762740184,1.02963010278004,0.317636266235374,0.605643472531038,0.524335429719692,"RPL26",1
"GO:0043691","reverse cholesterol transport","1/342","14/12706",0.0714285714285714,2.65371762740184,1.02963010278004,0.317636266235374,0.605643472531038,0.524335429719692,"APOC2",1
"GO:0046036","CTP metabolic process","1/342","14/12706",0.0714285714285714,2.65371762740184,1.02963010278004,0.317636266235374,0.605643472531038,0.524335429719692,"NME4",1
"GO:0046579","positive regulation of Ras protein signal transduction","1/342","14/12706",0.0714285714285714,2.65371762740184,1.02963010278004,0.317636266235374,0.605643472531038,0.524335429719692,"PICALM",1
"GO:0046598","positive regulation of viral entry into host cell","1/342","14/12706",0.0714285714285714,2.65371762740184,1.02963010278004,0.317636266235374,0.605643472531038,0.524335429719692,"CD4",1
"GO:0048388","endosomal lumen acidification","1/342","14/12706",0.0714285714285714,2.65371762740184,1.02963010278004,0.317636266235374,0.605643472531038,0.524335429719692,"RNASEK",1
"GO:0048641","regulation of skeletal muscle tissue development","1/342","14/12706",0.0714285714285714,2.65371762740184,1.02963010278004,0.317636266235374,0.605643472531038,0.524335429719692,"TGFB1",1
"GO:0051231","spindle elongation","1/342","14/12706",0.0714285714285714,2.65371762740184,1.02963010278004,0.317636266235374,0.605643472531038,0.524335429719692,"NUMA1",1
"GO:0051341","regulation of oxidoreductase activity","1/342","14/12706",0.0714285714285714,2.65371762740184,1.02963010278004,0.317636266235374,0.605643472531038,0.524335429719692,"OXA1L",1
"GO:0051797","regulation of hair follicle development","1/342","14/12706",0.0714285714285714,2.65371762740184,1.02963010278004,0.317636266235374,0.605643472531038,0.524335429719692,"NUMA1",1
"GO:0060009","Sertoli cell development","1/342","14/12706",0.0714285714285714,2.65371762740184,1.02963010278004,0.317636266235374,0.605643472531038,0.524335429719692,"FLNA",1
"GO:0060045","positive regulation of cardiac muscle cell proliferation","1/342","14/12706",0.0714285714285714,2.65371762740184,1.02963010278004,0.317636266235374,0.605643472531038,0.524335429719692,"PIM1",1
"GO:0061037","negative regulation of cartilage development","1/342","14/12706",0.0714285714285714,2.65371762740184,1.02963010278004,0.317636266235374,0.605643472531038,0.524335429719692,"RARA",1
"GO:0061050","regulation of cell growth involved in cardiac muscle cell development","1/342","14/12706",0.0714285714285714,2.65371762740184,1.02963010278004,0.317636266235374,0.605643472531038,0.524335429719692,"FOXP1",1
"GO:0070166","enamel mineralization","1/342","14/12706",0.0714285714285714,2.65371762740184,1.02963010278004,0.317636266235374,0.605643472531038,0.524335429719692,"TGFB1",1
"GO:0070424","regulation of nucleotide-binding domain, leucine rich repeat containing receptor signaling pathway","1/342","14/12706",0.0714285714285714,2.65371762740184,1.02963010278004,0.317636266235374,0.605643472531038,0.524335429719692,"HSPA1A",1
"GO:0070920","regulation of regulatory ncRNA processing","1/342","14/12706",0.0714285714285714,2.65371762740184,1.02963010278004,0.317636266235374,0.605643472531038,0.524335429719692,"TGFB1",1
"GO:0071493","cellular response to UV-B","1/342","14/12706",0.0714285714285714,2.65371762740184,1.02963010278004,0.317636266235374,0.605643472531038,0.524335429719692,"CRIP1",1
"GO:0071732","cellular response to nitric oxide","1/342","14/12706",0.0714285714285714,2.65371762740184,1.02963010278004,0.317636266235374,0.605643472531038,0.524335429719692,"HNRNPD",1
"GO:0072393","microtubule anchoring at microtubule organizing center","1/342","14/12706",0.0714285714285714,2.65371762740184,1.02963010278004,0.317636266235374,0.605643472531038,0.524335429719692,"DCTN1",1
"GO:0072537","fibroblast activation","1/342","14/12706",0.0714285714285714,2.65371762740184,1.02963010278004,0.317636266235374,0.605643472531038,0.524335429719692,"IL17RA",1
"GO:0075294","positive regulation by symbiont of entry into host","1/342","14/12706",0.0714285714285714,2.65371762740184,1.02963010278004,0.317636266235374,0.605643472531038,0.524335429719692,"CD4",1
"GO:0086014","atrial cardiac muscle cell action potential","1/342","14/12706",0.0714285714285714,2.65371762740184,1.02963010278004,0.317636266235374,0.605643472531038,0.524335429719692,"FLNA",1
"GO:0086026","atrial cardiac muscle cell to AV node cell signaling","1/342","14/12706",0.0714285714285714,2.65371762740184,1.02963010278004,0.317636266235374,0.605643472531038,0.524335429719692,"FLNA",1
"GO:0086066","atrial cardiac muscle cell to AV node cell communication","1/342","14/12706",0.0714285714285714,2.65371762740184,1.02963010278004,0.317636266235374,0.605643472531038,0.524335429719692,"FLNA",1
"GO:0090189","regulation of branching involved in ureteric bud morphogenesis","1/342","14/12706",0.0714285714285714,2.65371762740184,1.02963010278004,0.317636266235374,0.605643472531038,0.524335429719692,"TGFB1",1
"GO:0090646","mitochondrial tRNA processing","1/342","14/12706",0.0714285714285714,2.65371762740184,1.02963010278004,0.317636266235374,0.605643472531038,0.524335429719692,"TRMT5",1
"GO:0098883","synapse pruning","1/342","14/12706",0.0714285714285714,2.65371762740184,1.02963010278004,0.317636266235374,0.605643472531038,0.524335429719692,"ITGAM",1
"GO:1903054","negative regulation of extracellular matrix organization","1/342","14/12706",0.0714285714285714,2.65371762740184,1.02963010278004,0.317636266235374,0.605643472531038,0.524335429719692,"TGFB1",1
"GO:1903543","positive regulation of exosomal secretion","1/342","14/12706",0.0714285714285714,2.65371762740184,1.02963010278004,0.317636266235374,0.605643472531038,0.524335429719692,"HGS",1
"GO:1904353","regulation of telomere capping","1/342","14/12706",0.0714285714285714,2.65371762740184,1.02963010278004,0.317636266235374,0.605643472531038,0.524335429719692,"HNRNPD",1
"GO:1905671","regulation of lysosome organization","1/342","14/12706",0.0714285714285714,2.65371762740184,1.02963010278004,0.317636266235374,0.605643472531038,0.524335429719692,"GRN",1
"GO:1990173","protein localization to nucleoplasm","1/342","14/12706",0.0714285714285714,2.65371762740184,1.02963010278004,0.317636266235374,0.605643472531038,0.524335429719692,"NOP53",1
"GO:2000369","regulation of clathrin-dependent endocytosis","1/342","14/12706",0.0714285714285714,2.65371762740184,1.02963010278004,0.317636266235374,0.605643472531038,0.524335429719692,"AAK1",1
"GO:2001014","regulation of skeletal muscle cell differentiation","1/342","14/12706",0.0714285714285714,2.65371762740184,1.02963010278004,0.317636266235374,0.605643472531038,0.524335429719692,"DDX17",1
"GO:0002708","positive regulation of lymphocyte mediated immunity","4/342","106/12706",0.0377358490566038,1.40196402957078,0.691155456232111,0.319274652486418,0.608157429235151,0.526511886048428,"HLA-DRA/HLA-B/HLA-A/TGFB1",4
"GO:0032368","regulation of lipid transport","4/342","106/12706",0.0377358490566038,1.40196402957078,0.691155456232111,0.319274652486418,0.608157429235151,0.526511886048428,"SYK/GPS2/NFKBIA/APOC2",4
"GO:0010594","regulation of endothelial cell migration","5/342","139/12706",0.0359712230215827,1.33640456056208,0.663245568504247,0.319771206839704,0.608493557760037,0.526802889093174,"CSNK2B/GRN/TGFB1/FOXP1/CALR",5
"GO:0045766","positive regulation of angiogenesis","5/342","139/12706",0.0359712230215827,1.33640456056208,0.663245568504247,0.319771206839704,0.608493557760037,0.526802889093174,"GRN/RUNX1/HIPK2/NINJ1/ITGB2",5
"GO:0032526","response to retinoic acid","3/342","74/12706",0.0405405405405405,1.50616405879564,0.726259781823125,0.321031926635632,0.610281692534337,0.528350965573485,"DUSP1/RARA/CTSH",3
"GO:0045069","regulation of viral genome replication","3/342","74/12706",0.0405405405405405,1.50616405879564,0.726259781823125,0.321031926635632,0.610281692534337,0.528350965573485,"DDX3X/ADAR/TOP2B",3
"GO:0000910","cytokinesis","6/342","173/12706",0.0346820809248555,1.28851029307372,0.635444658180478,0.322738999766948,0.61236967148037,0.530158631944162,"SEPTIN7/SEPTIN9/SEPTIN2/MYH9/BIRC6/PLEC",6
"GO:0010596","negative regulation of endothelial cell migration","2/342","43/12706",0.0465116279069767,1.72800217598259,0.795278957133569,0.322774545409433,0.61236967148037,0.530158631944162,"CSNK2B/TGFB1",2
"GO:0043001","Golgi to plasma membrane protein transport","2/342","43/12706",0.0465116279069767,1.72800217598259,0.795278957133569,0.322774545409433,0.61236967148037,0.530158631944162,"MACF1/RAB31",2
"GO:1903214","regulation of protein targeting to mitochondrion","2/342","43/12706",0.0465116279069767,1.72800217598259,0.795278957133569,0.322774545409433,0.61236967148037,0.530158631944162,"PARL/HUWE1",2
"GO:0097191","extrinsic apoptotic signaling pathway","7/342","207/12706",0.0338164251207729,1.25634940814193,0.61844452240457,0.323719284619998,0.613855720760715,0.531445178110899,"MCL1/DDX3X/TGFB1/HSPA1A/BIRC6/NFKBIZ/RAF1",7
"GO:0007283","spermatogenesis","13/342","414/12706",0.0314009661835749,1.16661016470322,0.573206726318962,0.324119270622766,0.614307810023807,0.531836574086892,"SEPTIN7/SEPTIN2/TSNAX/MYCBP/RARA/HERC2/CALR/SMARCA2/QKI/SSH2/EIF4G3/PUM1/CTSH",13
"GO:0051052","regulation of DNA metabolic process","14/342","449/12706",0.0311804008908686,1.15841571262976,0.568394965200857,0.324328425671643,0.614397944396406,0.531914607859454,"UBE2V1/DUSP1/HNRNPA1/TGFB1/SMCHD1/PRKDC/SMG1/ARID1A/TOP2B/SMARCA2/HNRNPD/CSNK2A1/ARID2/MCM5",14
"GO:0051208","sequestering of calcium ion","4/342","107/12706",0.0373831775700935,1.3888615620047,0.671799624478282,0.325392781340865,0.614803000890047,0.532265285246872,"TGFB1/FLNA/CYBA/CALR",4
"GO:0034765","regulation of monoatomic ion transmembrane transport","7/342","208/12706",0.0336538461538462,1.25030926675664,0.605353732954743,0.328066342448064,0.614803000890047,0.532265285246872,"CD4/P2RX1/TGFB1/FLNA/PPP3R1/CYBA/CTSS",7
"GO:0000280","nuclear division","12/342","381/12706",0.031496062992126,1.17014320578349,0.560795506088225,0.329984213229173,0.614803000890047,0.532265285246872,"DUSP1/TGFB1/HSPA1A/FLNA/EML4/CALR/TOP2B/NUMA1/STAG1/BAZ1B/PTEN/RIPOR2",12
"GO:0007098","centrosome cycle","5/342","141/12706",0.0354609929078014,1.31744846750446,0.630409042854021,0.330409997348779,0.614803000890047,0.532265285246872,"CHD3/XPO1/DCTN1/USP33/SDCCAG8",5
"GO:2001236","regulation of extrinsic apoptotic signaling pathway","5/342","141/12706",0.0354609929078014,1.31744846750446,0.630409042854021,0.330409997348779,0.614803000890047,0.532265285246872,"MCL1/DDX3X/HSPA1A/BIRC6/RAF1",5
"GO:0000271","polysaccharide biosynthetic process","2/342","44/12706",0.0454545454545455,1.68872939925572,0.761105210203576,0.332697287350616,0.614803000890047,0.532265285246872,"TGFB1/CLTC",2
"GO:0043029","T cell homeostasis","2/342","44/12706",0.0454545454545455,1.68872939925572,0.761105210203576,0.332697287350616,0.614803000890047,0.532265285246872,"TGFB1/TSC22D3",2
"GO:0045604","regulation of epidermal cell differentiation","2/342","44/12706",0.0454545454545455,1.68872939925572,0.761105210203576,0.332697287350616,0.614803000890047,0.532265285246872,"NUMA1/ZFP36",2
"GO:0045668","negative regulation of osteoblast differentiation","2/342","44/12706",0.0454545454545455,1.68872939925572,0.761105210203576,0.332697287350616,0.614803000890047,0.532265285246872,"IPO7/PTEN",2
"GO:0046365","monosaccharide catabolic process","2/342","44/12706",0.0454545454545455,1.68872939925572,0.761105210203576,0.332697287350616,0.614803000890047,0.532265285246872,"PFKL/HK3",2
"GO:0051100","negative regulation of binding","2/342","44/12706",0.0454545454545455,1.68872939925572,0.761105210203576,0.332697287350616,0.614803000890047,0.532265285246872,"JUN/CPNE1",2
"GO:0097720","calcineurin-mediated signaling","2/342","44/12706",0.0454545454545455,1.68872939925572,0.761105210203576,0.332697287350616,0.614803000890047,0.532265285246872,"PPP3R1/NFATC3",2
"GO:0016236","macroautophagy","12/342","382/12706",0.031413612565445,1.16708000367411,0.551443728998293,0.333199612175494,0.614803000890047,0.532265285246872,"CTSD/PARL/SYK/RNF213/HUWE1/OGT/CSNK2A1/USP33/EP300/TBC1D25/HGS/QSOX1",12
"GO:0006302","double-strand break repair","10/342","313/12706",0.0319488817891374,1.18696635091456,0.557016788858286,0.335263140700541,0.614803000890047,0.532265285246872,"SMCHD1/PRKDC/ARID1A/TOP2B/SMARCA2/CSNK2A1/ZBTB7A/ARID2/MCM5/RNF138",10
"GO:0002690","positive regulation of leukocyte chemotaxis","3/342","76/12706",0.0394736842105263,1.46652816251154,0.678428175242953,0.335844849208497,0.614803000890047,0.532265285246872,"AIF1/CALR/RIPOR2",3
"GO:0140056","organelle localization by membrane tethering","3/342","76/12706",0.0394736842105263,1.46652816251154,0.678428175242953,0.335844849208497,0.614803000890047,0.532265285246872,"STXBP2/STX10/PLEK",3
"GO:0000712","resolution of meiotic recombination intermediates","1/342","15/12706",0.0666666666666667,2.47680311890838,0.951790132192963,0.336023312953582,0.614803000890047,0.532265285246872,"TOP2B",1
"GO:0001732","formation of cytoplasmic translation initiation complex","1/342","15/12706",0.0666666666666667,2.47680311890838,0.951790132192963,0.336023312953582,0.614803000890047,0.532265285246872,"EIF3A",1
"GO:0001771","immunological synapse formation","1/342","15/12706",0.0666666666666667,2.47680311890838,0.951790132192963,0.336023312953582,0.614803000890047,0.532265285246872,"DOCK8",1
"GO:0002029","desensitization of G protein-coupled receptor signaling pathway","1/342","15/12706",0.0666666666666667,2.47680311890838,0.951790132192963,0.336023312953582,0.614803000890047,0.532265285246872,"GRK2",1
"GO:0002424","T cell mediated immune response to tumor cell","1/342","15/12706",0.0666666666666667,2.47680311890838,0.951790132192963,0.336023312953582,0.614803000890047,0.532265285246872,"HLA-A",1
"GO:0002430","complement receptor mediated signaling pathway","1/342","15/12706",0.0666666666666667,2.47680311890838,0.951790132192963,0.336023312953582,0.614803000890047,0.532265285246872,"ITGAM",1
"GO:0002864","regulation of acute inflammatory response to antigenic stimulus","1/342","15/12706",0.0666666666666667,2.47680311890838,0.951790132192963,0.336023312953582,0.614803000890047,0.532265285246872,"SPN",1
"GO:0003309","type B pancreatic cell differentiation","1/342","15/12706",0.0666666666666667,2.47680311890838,0.951790132192963,0.336023312953582,0.614803000890047,0.532265285246872,"IER3IP1",1
"GO:0007350","blastoderm segmentation","1/342","15/12706",0.0666666666666667,2.47680311890838,0.951790132192963,0.336023312953582,0.614803000890047,0.532265285246872,"BASP1",1
"GO:0010042","response to manganese ion","1/342","15/12706",0.0666666666666667,2.47680311890838,0.951790132192963,0.336023312953582,0.614803000890047,0.532265285246872,"SOD2",1
"GO:0010310","regulation of hydrogen peroxide metabolic process","1/342","15/12706",0.0666666666666667,2.47680311890838,0.951790132192963,0.336023312953582,0.614803000890047,0.532265285246872,"SOD2",1
"GO:0010457","centriole-centriole cohesion","1/342","15/12706",0.0666666666666667,2.47680311890838,0.951790132192963,0.336023312953582,0.614803000890047,0.532265285246872,"DCTN1",1
"GO:0010587","miRNA catabolic process","1/342","15/12706",0.0666666666666667,2.47680311890838,0.951790132192963,0.336023312953582,0.614803000890047,0.532265285246872,"QKI",1
"GO:0010763","positive regulation of fibroblast migration","1/342","15/12706",0.0666666666666667,2.47680311890838,0.951790132192963,0.336023312953582,0.614803000890047,0.532265285246872,"TGFB1",1
"GO:0019228","neuronal action potential","1/342","15/12706",0.0666666666666667,2.47680311890838,0.951790132192963,0.336023312953582,0.614803000890047,0.532265285246872,"P2RX1",1
"GO:0021544","subpallium development","1/342","15/12706",0.0666666666666667,2.47680311890838,0.951790132192963,0.336023312953582,0.614803000890047,0.532265285246872,"FOXP1",1
"GO:0021756","striatum development","1/342","15/12706",0.0666666666666667,2.47680311890838,0.951790132192963,0.336023312953582,0.614803000890047,0.532265285246872,"FOXP1",1
"GO:0022401","negative adaptation of signaling pathway","1/342","15/12706",0.0666666666666667,2.47680311890838,0.951790132192963,0.336023312953582,0.614803000890047,0.532265285246872,"GRK2",1
"GO:0023058","adaptation of signaling pathway","1/342","15/12706",0.0666666666666667,2.47680311890838,0.951790132192963,0.336023312953582,0.614803000890047,0.532265285246872,"GRK2",1
"GO:0030318","melanocyte differentiation","1/342","15/12706",0.0666666666666667,2.47680311890838,0.951790132192963,0.336023312953582,0.614803000890047,0.532265285246872,"RAB27A",1
"GO:0030575","nuclear body organization","1/342","15/12706",0.0666666666666667,2.47680311890838,0.951790132192963,0.336023312953582,0.614803000890047,0.532265285246872,"HIPK2",1
"GO:0031054","pre-miRNA processing","1/342","15/12706",0.0666666666666667,2.47680311890838,0.951790132192963,0.336023312953582,0.614803000890047,0.532265285246872,"ADAR",1
"GO:0033623","regulation of integrin activation","1/342","15/12706",0.0666666666666667,2.47680311890838,0.951790132192963,0.336023312953582,0.614803000890047,0.532265285246872,"PLEK",1
"GO:0042339","keratan sulfate proteoglycan metabolic process","1/342","15/12706",0.0666666666666667,2.47680311890838,0.951790132192963,0.336023312953582,0.614803000890047,0.532265285246872,"GNS",1
"GO:0043031","negative regulation of macrophage activation","1/342","15/12706",0.0666666666666667,2.47680311890838,0.951790132192963,0.336023312953582,0.614803000890047,0.532265285246872,"GRN",1
"GO:0043328","protein transport to vacuole involved in ubiquitin-dependent protein catabolic process via the multivesicular body sorting pathway","1/342","15/12706",0.0666666666666667,2.47680311890838,0.951790132192963,0.336023312953582,0.614803000890047,0.532265285246872,"HGS",1
"GO:0044027","negative regulation of gene expression via chromosomal CpG island methylation","1/342","15/12706",0.0666666666666667,2.47680311890838,0.951790132192963,0.336023312953582,0.614803000890047,0.532265285246872,"CTCF",1
"GO:0048714","positive regulation of oligodendrocyte differentiation","1/342","15/12706",0.0666666666666667,2.47680311890838,0.951790132192963,0.336023312953582,0.614803000890047,0.532265285246872,"QKI",1
"GO:0050482","arachidonate secretion","1/342","15/12706",0.0666666666666667,2.47680311890838,0.951790132192963,0.336023312953582,0.614803000890047,0.532265285246872,"SYK",1
"GO:0051081","nuclear membrane disassembly","1/342","15/12706",0.0666666666666667,2.47680311890838,0.951790132192963,0.336023312953582,0.614803000890047,0.532265285246872,"DCTN1",1
"GO:0051151","negative regulation of smooth muscle cell differentiation","1/342","15/12706",0.0666666666666667,2.47680311890838,0.951790132192963,0.336023312953582,0.614803000890047,0.532265285246872,"NFATC3",1
"GO:0051447","negative regulation of meiotic cell cycle","1/342","15/12706",0.0666666666666667,2.47680311890838,0.951790132192963,0.336023312953582,0.614803000890047,0.532265285246872,"DUSP1",1
"GO:0051450","myoblast proliferation","1/342","15/12706",0.0666666666666667,2.47680311890838,0.951790132192963,0.336023312953582,0.614803000890047,0.532265285246872,"FOS",1
"GO:0060099","regulation of phagocytosis, engulfment","1/342","15/12706",0.0666666666666667,2.47680311890838,0.951790132192963,0.336023312953582,0.614803000890047,0.532265285246872,"RAB31",1
"GO:0060438","trachea development","1/342","15/12706",0.0666666666666667,2.47680311890838,0.951790132192963,0.336023312953582,0.614803000890047,0.532265285246872,"RARA",1
"GO:0061734","type 2 mitophagy","1/342","15/12706",0.0666666666666667,2.47680311890838,0.951790132192963,0.336023312953582,0.614803000890047,0.532265285246872,"HUWE1",1
"GO:0070131","positive regulation of mitochondrial translation","1/342","15/12706",0.0666666666666667,2.47680311890838,0.951790132192963,0.336023312953582,0.614803000890047,0.532265285246872,"DDX3X",1
"GO:0070493","thrombin-activated receptor signaling pathway","1/342","15/12706",0.0666666666666667,2.47680311890838,0.951790132192963,0.336023312953582,0.614803000890047,0.532265285246872,"PLEK",1
"GO:0071211","protein targeting to vacuole involved in autophagy","1/342","15/12706",0.0666666666666667,2.47680311890838,0.951790132192963,0.336023312953582,0.614803000890047,0.532265285246872,"CSNK2A1",1
"GO:0086013","membrane repolarization during cardiac muscle cell action potential","1/342","15/12706",0.0666666666666667,2.47680311890838,0.951790132192963,0.336023312953582,0.614803000890047,0.532265285246872,"FLNA",1
"GO:0090306","meiotic spindle assembly","1/342","15/12706",0.0666666666666667,2.47680311890838,0.951790132192963,0.336023312953582,0.614803000890047,0.532265285246872,"PTEN",1
"GO:0090713","immunological memory process","1/342","15/12706",0.0666666666666667,2.47680311890838,0.951790132192963,0.336023312953582,0.614803000890047,0.532265285246872,"HLA-DRA",1
"GO:0098693","regulation of synaptic vesicle cycle","1/342","15/12706",0.0666666666666667,2.47680311890838,0.951790132192963,0.336023312953582,0.614803000890047,0.532265285246872,"PPP3R1",1
"GO:0098712","L-glutamate import across plasma membrane","1/342","15/12706",0.0666666666666667,2.47680311890838,0.951790132192963,0.336023312953582,0.614803000890047,0.532265285246872,"SEPTIN2",1
"GO:0140042","lipid droplet formation","1/342","15/12706",0.0666666666666667,2.47680311890838,0.951790132192963,0.336023312953582,0.614803000890047,0.532265285246872,"RNF213",1
"GO:0140588","chromatin looping","1/342","15/12706",0.0666666666666667,2.47680311890838,0.951790132192963,0.336023312953582,0.614803000890047,0.532265285246872,"CTCF",1
"GO:0140718","facultative heterochromatin formation","1/342","15/12706",0.0666666666666667,2.47680311890838,0.951790132192963,0.336023312953582,0.614803000890047,0.532265285246872,"JARID2",1
"GO:1902170","cellular response to reactive nitrogen species","1/342","15/12706",0.0666666666666667,2.47680311890838,0.951790132192963,0.336023312953582,0.614803000890047,0.532265285246872,"HNRNPD",1
"GO:1903427","negative regulation of reactive oxygen species biosynthetic process","1/342","15/12706",0.0666666666666667,2.47680311890838,0.951790132192963,0.336023312953582,0.614803000890047,0.532265285246872,"NDUFC2",1
"GO:1903897","regulation of PERK-mediated unfolded protein response","1/342","15/12706",0.0666666666666667,2.47680311890838,0.951790132192963,0.336023312953582,0.614803000890047,0.532265285246872,"PPP1R15A",1
"GO:1903963","arachidonate transport","1/342","15/12706",0.0666666666666667,2.47680311890838,0.951790132192963,0.336023312953582,0.614803000890047,0.532265285246872,"SYK",1
"GO:1903978","regulation of microglial cell activation","1/342","15/12706",0.0666666666666667,2.47680311890838,0.951790132192963,0.336023312953582,0.614803000890047,0.532265285246872,"GRN",1
"GO:1905153","regulation of membrane invagination","1/342","15/12706",0.0666666666666667,2.47680311890838,0.951790132192963,0.336023312953582,0.614803000890047,0.532265285246872,"RAB31",1
"GO:2000232","regulation of rRNA processing","1/342","15/12706",0.0666666666666667,2.47680311890838,0.951790132192963,0.336023312953582,0.614803000890047,0.532265285246872,"WDR43",1
"GO:2000677","regulation of transcription regulatory region DNA binding","1/342","15/12706",0.0666666666666667,2.47680311890838,0.951790132192963,0.336023312953582,0.614803000890047,0.532265285246872,"ZBTB7A",1
"GO:0021537","telencephalon development","7/342","210/12706",0.0333333333333333,1.23840155945419,0.579367488038038,0.336787266644965,0.615793029140136,0.53312240153969,"FOS/FOXP1/FLNA/RARA/BTG2/TACC1/PTEN",7
"GO:0031032","actomyosin structure organization","6/342","176/12706",0.0340909090909091,1.26654704944179,0.592209769284358,0.337050313950716,0.615793029140136,0.53312240153969,"AKAP13/CCDC88A/MYH9/PLEC/ARAP1/EVL",6
"GO:0072331","signal transduction by p53 class mediator","6/342","176/12706",0.0340909090909091,1.26654704944179,0.592209769284358,0.337050313950716,0.615793029140136,0.53312240153969,"RPL26/PPP1R15A/NOP53/CSNK2A1/EP300/HIPK2",6
"GO:0031099","regeneration","5/342","143/12706",0.034965034965035,1.29902261481209,0.598062074911829,0.34108273409073,0.621232599748628,0.537831706141909,"GRN/JUN/TGFB1/RUNX1/NINJ1",5
"GO:1901888","regulation of cell junction assembly","7/342","211/12706",0.033175355450237,1.23253235775062,0.566470609542885,0.341159913923354,0.621232599748628,0.537831706141909,"RPS6/MACF1/MYCBP2/OGT/ARHGAP4/EIF4G1/PTEN",7
"GO:0000768","syncytium formation by plasma membrane fusion","2/342","45/12706",0.0444444444444444,1.65120207927225,0.727794753598583,0.342578148878733,0.621232599748628,0.537831706141909,"MYH9/RIPOR2",2
"GO:0001756","somitogenesis","2/342","45/12706",0.0444444444444444,1.65120207927225,0.727794753598583,0.342578148878733,0.621232599748628,0.537831706141909,"PRKDC/EP300",2
"GO:0032210","regulation of telomere maintenance via telomerase","2/342","45/12706",0.0444444444444444,1.65120207927225,0.727794753598583,0.342578148878733,0.621232599748628,0.537831706141909,"HNRNPA1/HNRNPD",2
"GO:0070269","pyroptotic inflammatory response","2/342","45/12706",0.0444444444444444,1.65120207927225,0.727794753598583,0.342578148878733,0.621232599748628,0.537831706141909,"OGT/NINJ1",2
"GO:0070849","response to epidermal growth factor","2/342","45/12706",0.0444444444444444,1.65120207927225,0.727794753598583,0.342578148878733,0.621232599748628,0.537831706141909,"FOS/ZFP36",2
"GO:0097028","dendritic cell differentiation","2/342","45/12706",0.0444444444444444,1.65120207927225,0.727794753598583,0.342578148878733,0.621232599748628,0.537831706141909,"HLA-B/TGFB1",2
"GO:0140253","cell-cell fusion","2/342","45/12706",0.0444444444444444,1.65120207927225,0.727794753598583,0.342578148878733,0.621232599748628,0.537831706141909,"MYH9/RIPOR2",2
"GO:0051304","chromosome separation","3/342","77/12706",0.038961038961039,1.44748234221918,0.655024694266299,0.343246662159125,0.621232599748628,0.537831706141909,"DUSP1/NUMA1/CSNK2A1",3
"GO:0060761","negative regulation of response to cytokine stimulus","3/342","77/12706",0.038961038961039,1.44748234221918,0.655024694266299,0.343246662159125,0.621232599748628,0.537831706141909,"TLE5/ADAR/GPS2",3
"GO:0071887","leukocyte apoptotic process","4/342","110/12706",0.0363636363636364,1.35098351940457,0.61487612556223,0.343786320327844,0.621232599748628,0.537831706141909,"FOXP1/DOCK8/NFKBIZ/TSC22D3",4
"GO:0055001","muscle cell development","5/342","144/12706",0.0347222222222222,1.29000162443145,0.582067259680713,0.346429098874965,0.621232599748628,0.537831706141909,"AKAP13/FOXP1/DCAF8/PLEC/CTCF",5
"GO:0072523","purine-containing compound catabolic process","5/342","144/12706",0.0347222222222222,1.29000162443145,0.582067259680713,0.346429098874965,0.621232599748628,0.537831706141909,"PFKL/OGT/EP300/ZBTB7A/HK3",5
"GO:0099504","synaptic vesicle cycle","6/342","178/12706",0.0337078651685393,1.25231618371772,0.563813052381717,0.346631714951438,0.621232599748628,0.537831706141909,"STXBP2/P2RX1/PPP3R1/STXBP5/AP3D1/PTEN",6
"GO:0070372","regulation of ERK1 and ERK2 cascade","7/342","213/12706",0.0328638497652582,1.22095928396892,0.540865867395022,0.349926549963679,0.621232599748628,0.537831706141909,"DUSP1/SYK/CD4/JUN/TGFB1/EIF3A/SIRPA",7
"GO:0001510","RNA methylation","3/342","78/12706",0.0384615384615385,1.4289248762933,0.631949157139503,0.350641871755627,0.621232599748628,0.537831706141909,"FBL/EMG1/TRMT5",3
"GO:0006094","gluconeogenesis","3/342","78/12706",0.0384615384615385,1.4289248762933,0.631949157139503,0.350641871755627,0.621232599748628,0.537831706141909,"OGT/RANBP2/EP300",3
"GO:0006970","response to osmotic stress","3/342","78/12706",0.0384615384615385,1.4289248762933,0.631949157139503,0.350641871755627,0.621232599748628,0.537831706141909,"DDX3X/NINJ1/TSC22D3",3
"GO:0030512","negative regulation of transforming growth factor beta receptor signaling pathway","3/342","78/12706",0.0384615384615385,1.4289248762933,0.631949157139503,0.350641871755627,0.621232599748628,0.537831706141909,"HSPA1A/OGT/ZBTB7A",3
"GO:0035270","endocrine system development","3/342","78/12706",0.0384615384615385,1.4289248762933,0.631949157139503,0.350641871755627,0.621232599748628,0.537831706141909,"IER3IP1/HIPK2/RAF1",3
"GO:0048709","oligodendrocyte differentiation","3/342","78/12706",0.0384615384615385,1.4289248762933,0.631949157139503,0.350641871755627,0.621232599748628,0.537831706141909,"TGFB1/QKI/PTEN",3
"GO:2000278","regulation of DNA biosynthetic process","3/342","78/12706",0.0384615384615385,1.4289248762933,0.631949157139503,0.350641871755627,0.621232599748628,0.537831706141909,"DUSP1/HNRNPA1/HNRNPD",3
"GO:0007346","regulation of mitotic cell cycle","14/342","458/12706",0.0305676855895196,1.135652085089,0.491753560766333,0.351050328135034,0.621232599748628,0.537831706141909,"AIF1/DUSP1/DDX3X/TGFB1/PRKDC/NOP53/ARID1A/DGKZ/TAOK1/SMARCA2/EIF4G1/PIM1/ARID2/PTEN",14
"GO:0000075","cell cycle checkpoint signaling","6/342","179/12706",0.0335195530726257,1.24532000392042,0.549739355889971,0.351432204228349,0.621232599748628,0.537831706141909,"DUSP1/PRKDC/NOP53/DGKZ/TAOK1/CSNK2A1",6
"GO:0034764","positive regulation of transmembrane transport","5/342","145/12706",0.0344827586206897,1.28110506150434,0.566189027028464,0.351780692437278,0.621232599748628,0.537831706141909,"CD4/P2RX1/FLNA/PPP3R1/CTSS",5
"GO:0006509","membrane protein ectodomain proteolysis","2/342","46/12706",0.0434782608695652,1.61530638189677,0.695303430461513,0.352412203114641,0.621232599748628,0.537831706141909,"MYH9/TIMP2",2
"GO:0006949","syncytium formation","2/342","46/12706",0.0434782608695652,1.61530638189677,0.695303430461513,0.352412203114641,0.621232599748628,0.537831706141909,"MYH9/RIPOR2",2
"GO:0007218","neuropeptide signaling pathway","2/342","46/12706",0.0434782608695652,1.61530638189677,0.695303430461513,0.352412203114641,0.621232599748628,0.537831706141909,"GNAQ/SORL1",2
"GO:0030514","negative regulation of BMP signaling pathway","2/342","46/12706",0.0434782608695652,1.61530638189677,0.695303430461513,0.352412203114641,0.621232599748628,0.537831706141909,"HIPK2/SORL1",2
"GO:0030858","positive regulation of epithelial cell differentiation","2/342","46/12706",0.0434782608695652,1.61530638189677,0.695303430461513,0.352412203114641,0.621232599748628,0.537831706141909,"NUMA1/IPO7",2
"GO:0042149","cellular response to glucose starvation","2/342","46/12706",0.0434782608695652,1.61530638189677,0.695303430461513,0.352412203114641,0.621232599748628,0.537831706141909,"HNRNPA1/CPEB4",2
"GO:0048146","positive regulation of fibroblast proliferation","2/342","46/12706",0.0434782608695652,1.61530638189677,0.695303430461513,0.352412203114641,0.621232599748628,0.537831706141909,"JUN/TGFB1",2
"GO:0048489","synaptic vesicle transport","2/342","46/12706",0.0434782608695652,1.61530638189677,0.695303430461513,0.352412203114641,0.621232599748628,0.537831706141909,"RAB27A/AP3D1",2
"GO:0061035","regulation of cartilage development","2/342","46/12706",0.0434782608695652,1.61530638189677,0.695303430461513,0.352412203114641,0.621232599748628,0.537831706141909,"TGFB1/RARA",2
"GO:1901524","regulation of mitophagy","2/342","46/12706",0.0434782608695652,1.61530638189677,0.695303430461513,0.352412203114641,0.621232599748628,0.537831706141909,"PARL/HUWE1",2
"GO:0002089","lens morphogenesis in camera-type eye","1/342","16/12706",0.0625,2.32200292397661,0.879999621835611,0.353916310114552,0.621232599748628,0.537831706141909,"HIPK2",1
"GO:0002689","negative regulation of leukocyte chemotaxis","1/342","16/12706",0.0625,2.32200292397661,0.879999621835611,0.353916310114552,0.621232599748628,0.537831706141909,"DUSP1",1
"GO:0002693","positive regulation of cellular extravasation","1/342","16/12706",0.0625,2.32200292397661,0.879999621835611,0.353916310114552,0.621232599748628,0.537831706141909,"RIPOR2",1
"GO:0002830","positive regulation of type 2 immune response","1/342","16/12706",0.0625,2.32200292397661,0.879999621835611,0.353916310114552,0.621232599748628,0.537831706141909,"RARA",1
"GO:0003376","sphingosine-1-phosphate receptor signaling pathway","1/342","16/12706",0.0625,2.32200292397661,0.879999621835611,0.353916310114552,0.621232599748628,0.537831706141909,"CD69",1
"GO:0003417","growth plate cartilage development","1/342","16/12706",0.0625,2.32200292397661,0.879999621835611,0.353916310114552,0.621232599748628,0.537831706141909,"RARA",1
"GO:0009125","nucleoside monophosphate catabolic process","1/342","16/12706",0.0625,2.32200292397661,0.879999621835611,0.353916310114552,0.621232599748628,0.537831706141909,"TYMP",1
"GO:0009168","purine ribonucleoside monophosphate biosynthetic process","1/342","16/12706",0.0625,2.32200292397661,0.879999621835611,0.353916310114552,0.621232599748628,0.537831706141909,"IMPDH2",1
"GO:0009208","pyrimidine ribonucleoside triphosphate metabolic process","1/342","16/12706",0.0625,2.32200292397661,0.879999621835611,0.353916310114552,0.621232599748628,0.537831706141909,"NME4",1
"GO:0009223","pyrimidine deoxyribonucleotide catabolic process","1/342","16/12706",0.0625,2.32200292397661,0.879999621835611,0.353916310114552,0.621232599748628,0.537831706141909,"TYMP",1
"GO:0010421","hydrogen peroxide-mediated programmed cell death","1/342","16/12706",0.0625,2.32200292397661,0.879999621835611,0.353916310114552,0.621232599748628,0.537831706141909,"FOXP1",1
"GO:0010715","regulation of extracellular matrix disassembly","1/342","16/12706",0.0625,2.32200292397661,0.879999621835611,0.353916310114552,0.621232599748628,0.537831706141909,"TGFB1",1
"GO:0010954","positive regulation of protein processing","1/342","16/12706",0.0625,2.32200292397661,0.879999621835611,0.353916310114552,0.621232599748628,0.537831706141909,"MYH9",1
"GO:0018126","protein hydroxylation","1/342","16/12706",0.0625,2.32200292397661,0.879999621835611,0.353916310114552,0.621232599748628,0.537831706141909,"EGLN2",1
"GO:0030397","membrane disassembly","1/342","16/12706",0.0625,2.32200292397661,0.879999621835611,0.353916310114552,0.621232599748628,0.537831706141909,"DCTN1",1
"GO:0032253","dense core granule localization","1/342","16/12706",0.0625,2.32200292397661,0.879999621835611,0.353916310114552,0.621232599748628,0.537831706141909,"STXBP2",1
"GO:0032303","regulation of icosanoid secretion","1/342","16/12706",0.0625,2.32200292397661,0.879999621835611,0.353916310114552,0.621232599748628,0.537831706141909,"SYK",1
"GO:0032688","negative regulation of interferon-beta production","1/342","16/12706",0.0625,2.32200292397661,0.879999621835611,0.353916310114552,0.621232599748628,0.537831706141909,"SIRPA",1
"GO:0032695","negative regulation of interleukin-12 production","1/342","16/12706",0.0625,2.32200292397661,0.879999621835611,0.353916310114552,0.621232599748628,0.537831706141909,"ACP5",1
"GO:0033151","V(D)J recombination","1/342","16/12706",0.0625,2.32200292397661,0.879999621835611,0.353916310114552,0.621232599748628,0.537831706141909,"PRKDC",1
"GO:0034058","endosomal vesicle fusion","1/342","16/12706",0.0625,2.32200292397661,0.879999621835611,0.353916310114552,0.621232599748628,0.537831706141909,"RAB4B",1
"GO:0035235","ionotropic glutamate receptor signaling pathway","1/342","16/12706",0.0625,2.32200292397661,0.879999621835611,0.353916310114552,0.621232599748628,0.537831706141909,"CPEB4",1
"GO:0035973","aggrephagy","1/342","16/12706",0.0625,2.32200292397661,0.879999621835611,0.353916310114552,0.621232599748628,0.537831706141909,"CSNK2A1",1
"GO:0042402","biogenic amine catabolic process","1/342","16/12706",0.0625,2.32200292397661,0.879999621835611,0.353916310114552,0.621232599748628,0.537831706141909,"SLC44A1",1
"GO:0043117","positive regulation of vascular permeability","1/342","16/12706",0.0625,2.32200292397661,0.879999621835611,0.353916310114552,0.621232599748628,0.537831706141909,"TGFB1",1
"GO:0045721","negative regulation of gluconeogenesis","1/342","16/12706",0.0625,2.32200292397661,0.879999621835611,0.353916310114552,0.621232599748628,0.537831706141909,"EP300",1
"GO:0045822","negative regulation of heart contraction","1/342","16/12706",0.0625,2.32200292397661,0.879999621835611,0.353916310114552,0.621232599748628,0.537831706141909,"GRK2",1
"GO:0048048","embryonic eye morphogenesis","1/342","16/12706",0.0625,2.32200292397661,0.879999621835611,0.353916310114552,0.621232599748628,0.537831706141909,"HIPK2",1
"GO:0060149","negative regulation of post-transcriptional gene silencing","1/342","16/12706",0.0625,2.32200292397661,0.879999621835611,0.353916310114552,0.621232599748628,0.537831706141909,"ADAR",1
"GO:0060967","negative regulation of gene silencing by regulatory ncRNA","1/342","16/12706",0.0625,2.32200292397661,0.879999621835611,0.353916310114552,0.621232599748628,0.537831706141909,"ADAR",1
"GO:0071318","cellular response to ATP","1/342","16/12706",0.0625,2.32200292397661,0.879999621835611,0.353916310114552,0.621232599748628,0.537831706141909,"TOP2B",1
"GO:0071380","cellular response to prostaglandin E stimulus","1/342","16/12706",0.0625,2.32200292397661,0.879999621835611,0.353916310114552,0.621232599748628,0.537831706141909,"GNB1",1
"GO:0071391","cellular response to estrogen stimulus","1/342","16/12706",0.0625,2.32200292397661,0.879999621835611,0.353916310114552,0.621232599748628,0.537831706141909,"RARA",1
"GO:0071514","genomic imprinting","1/342","16/12706",0.0625,2.32200292397661,0.879999621835611,0.353916310114552,0.621232599748628,0.537831706141909,"CTCF",1
"GO:0099116","tRNA 5'-end processing","1/342","16/12706",0.0625,2.32200292397661,0.879999621835611,0.353916310114552,0.621232599748628,0.537831706141909,"RPP21",1
"GO:0141201","pyroptotic cell death","1/342","16/12706",0.0625,2.32200292397661,0.879999621835611,0.353916310114552,0.621232599748628,0.537831706141909,"NINJ1",1
"GO:1900221","regulation of amyloid-beta clearance","1/342","16/12706",0.0625,2.32200292397661,0.879999621835611,0.353916310114552,0.621232599748628,0.537831706141909,"LRPAP1",1
"GO:1900369","negative regulation of post-transcriptional gene silencing by regulatory ncRNA","1/342","16/12706",0.0625,2.32200292397661,0.879999621835611,0.353916310114552,0.621232599748628,0.537831706141909,"ADAR",1
"GO:1901881","positive regulation of protein depolymerization","1/342","16/12706",0.0625,2.32200292397661,0.879999621835611,0.353916310114552,0.621232599748628,0.537831706141909,"PLEK",1
"GO:1902004","positive regulation of amyloid-beta formation","1/342","16/12706",0.0625,2.32200292397661,0.879999621835611,0.353916310114552,0.621232599748628,0.537831706141909,"PICALM",1
"GO:1902430","negative regulation of amyloid-beta formation","1/342","16/12706",0.0625,2.32200292397661,0.879999621835611,0.353916310114552,0.621232599748628,0.537831706141909,"SORL1",1
"GO:1903541","regulation of exosomal secretion","1/342","16/12706",0.0625,2.32200292397661,0.879999621835611,0.353916310114552,0.621232599748628,0.537831706141909,"HGS",1
"GO:1903729","regulation of plasma membrane organization","1/342","16/12706",0.0625,2.32200292397661,0.879999621835611,0.353916310114552,0.621232599748628,0.537831706141909,"MYH9",1
"GO:1904177","regulation of adipose tissue development","1/342","16/12706",0.0625,2.32200292397661,0.879999621835611,0.353916310114552,0.621232599748628,0.537831706141909,"SORL1",1
"GO:1905207","regulation of cardiocyte differentiation","1/342","16/12706",0.0625,2.32200292397661,0.879999621835611,0.353916310114552,0.621232599748628,0.537831706141909,"TGFB1",1
"GO:2000047","regulation of cell-cell adhesion mediated by cadherin","1/342","16/12706",0.0625,2.32200292397661,0.879999621835611,0.353916310114552,0.621232599748628,0.537831706141909,"TGFB1",1
"GO:2000767","positive regulation of cytoplasmic translation","1/342","16/12706",0.0625,2.32200292397661,0.879999621835611,0.353916310114552,0.621232599748628,0.537831706141909,"HNRNPD",1
"GO:2000811","negative regulation of anoikis","1/342","16/12706",0.0625,2.32200292397661,0.879999621835611,0.353916310114552,0.621232599748628,0.537831706141909,"MCL1",1
"GO:2001224","positive regulation of neuron migration","1/342","16/12706",0.0625,2.32200292397661,0.879999621835611,0.353916310114552,0.621232599748628,0.537831706141909,"FLNA",1
"GO:0010959","regulation of metal ion transport","8/342","249/12706",0.0321285140562249,1.19364005730524,0.513226453492999,0.355902666602149,0.624140130551328,0.540348898982254,"CD84/CD4/P2RX1/TGFB1/FLNA/PPP3R1/CYBA/ATP2B1",8
"GO:0043414","macromolecule methylation","4/342","112/12706",0.0357142857142857,1.32685881370092,0.577840871060693,0.35606521387844,0.624140130551328,0.540348898982254,"FBL/ETF1/EMG1/TRMT5",4
"GO:0050921","positive regulation of chemotaxis","4/342","112/12706",0.0357142857142857,1.32685881370092,0.577840871060693,0.35606521387844,0.624140130551328,0.540348898982254,"AIF1/TGFB1/CALR/RIPOR2",4
"GO:0090288","negative regulation of cellular response to growth factor stimulus","3/342","79/12706",0.0379746835443038,1.41083721963136,0.609191908676716,0.358027942597627,0.62729135380469,0.543077068398146,"HIPK2/HGS/SORL1",3
"GO:0030900","forebrain development","9/342","285/12706",0.0315789473684211,1.17322253000923,0.491891611158088,0.360448219997148,0.628211228698385,0.543873449469767,"FOS/FOXP1/FLNA/RARA/BTG2/TOP2B/TACC1/ITGAM/PTEN",9
"GO:0001655","urogenital system development","2/342","47/12706",0.0425531914893617,1.58093816100535,0.663590292427935,0.362194817151105,0.628211228698385,0.543873449469767,"CRIP1/RARA",2
"GO:0003407","neural retina development","2/342","47/12706",0.0425531914893617,1.58093816100535,0.663590292427935,0.362194817151105,0.628211228698385,0.543873449469767,"FOS/HIPK2",2
"GO:0007020","microtubule nucleation","2/342","47/12706",0.0425531914893617,1.58093816100535,0.663590292427935,0.362194817151105,0.628211228698385,0.543873449469767,"HSPA1A/DCTN1",2
"GO:0022617","extracellular matrix disassembly","2/342","47/12706",0.0425531914893617,1.58093816100535,0.663590292427935,0.362194817151105,0.628211228698385,0.543873449469767,"TGFB1/CTSS",2
"GO:0031102","neuron projection regeneration","2/342","47/12706",0.0425531914893617,1.58093816100535,0.663590292427935,0.362194817151105,0.628211228698385,0.543873449469767,"GRN/JUN",2
"GO:0141085","regulation of inflammasome-mediated signaling pathway","2/342","47/12706",0.0425531914893617,1.58093816100535,0.663590292427935,0.362194817151105,0.628211228698385,0.543873449469767,"DDX3X/OGT",2
"GO:1905330","regulation of morphogenesis of an epithelium","2/342","47/12706",0.0425531914893617,1.58093816100535,0.663590292427935,0.362194817151105,0.628211228698385,0.543873449469767,"TGFB1/FOXP1",2
"GO:1990845","adaptive thermogenesis","5/342","147/12706",0.0340136054421769,1.26367506066754,0.534774981401628,0.362495330215457,0.628211228698385,0.543873449469767,"SYK/DYNC1H1/OGT/QKI/SORL1",5
"GO:0051222","positive regulation of protein transport","7/342","216/12706",0.0324074074074074,1.20400151613602,0.502921197552332,0.363120857628183,0.628211228698385,0.543873449469767,"IER3IP1/TGFB1/TARDBP/FLNA/UBR5/EP300/SORL1",7
"GO:0044770","cell cycle phase transition","15/342","498/12706",0.0301204819277108,1.11903755372367,0.450710103758589,0.364496786564566,0.628211228698385,0.543873449469767,"AIF1/DUSP1/PAGR1/DDX3X/TGFB1/PRKDC/NOP53/ARID1A/DGKZ/TAOK1/SMARCA2/EIF4G1/CSNK2A1/ARID2/PTEN",15
"GO:0000041","transition metal ion transport","3/342","80/12706",0.0375,1.39320175438596,0.586743703034721,0.365402413343177,0.628211228698385,0.543873449469767,"CLTC/TMEM165/AP3D1",3
"GO:0071347","cellular response to interleukin-1","3/342","80/12706",0.0375,1.39320175438596,0.586743703034721,0.365402413343177,0.628211228698385,0.543873449469767,"KLF2/SIRPA/NFKBIA",3
"GO:0072332","intrinsic apoptotic signaling pathway by p53 class mediator","3/342","80/12706",0.0375,1.39320175438596,0.586743703034721,0.365402413343177,0.628211228698385,0.543873449469767,"RPL26/EP300/HIPK2",3
"GO:1903321","negative regulation of protein modification by small protein conjugation or removal","3/342","80/12706",0.0375,1.39320175438596,0.586743703034721,0.365402413343177,0.628211228698385,0.543873449469767,"HSPA1A/GPS2/OGT",3
"GO:0048232","male gamete generation","13/342","428/12706",0.0303738317757009,1.12845001912882,0.44958636630089,0.367573682857695,0.628211228698385,0.543873449469767,"SEPTIN7/SEPTIN2/TSNAX/MYCBP/RARA/HERC2/CALR/SMARCA2/QKI/SSH2/EIF4G3/PUM1/CTSH",13
"GO:0010639","negative regulation of organelle organization","10/342","323/12706",0.0309597523219814,1.15021816667572,0.454811745284769,0.371206698221515,0.628211228698385,0.543873449469767,"PARL/DUSP1/HNRNPA1/HSPA1A/HUWE1/TAOK1/ARAP1/SSH2/BAZ1B/ARFGEF1",10
"GO:0002524","hypersensitivity","1/342","17/12706",0.0588235294117647,2.18541451668387,0.813395738730649,0.371328494664657,0.628211228698385,0.543873449469767,"SPN",1
"GO:0002643","regulation of tolerance induction","1/342","17/12706",0.0588235294117647,2.18541451668387,0.813395738730649,0.371328494664657,0.628211228698385,0.543873449469767,"HLA-B",1
"GO:0003298","physiological muscle hypertrophy","1/342","17/12706",0.0588235294117647,2.18541451668387,0.813395738730649,0.371328494664657,0.628211228698385,0.543873449469767,"FOXP1",1
"GO:0003301","physiological cardiac muscle hypertrophy","1/342","17/12706",0.0588235294117647,2.18541451668387,0.813395738730649,0.371328494664657,0.628211228698385,0.543873449469767,"FOXP1",1
"GO:0007000","nucleolus organization","1/342","17/12706",0.0588235294117647,2.18541451668387,0.813395738730649,0.371328494664657,0.628211228698385,0.543873449469767,"EMG1",1
"GO:0007063","regulation of sister chromatid cohesion","1/342","17/12706",0.0588235294117647,2.18541451668387,0.813395738730649,0.371328494664657,0.628211228698385,0.543873449469767,"CTCF",1
"GO:0007096","regulation of exit from mitosis","1/342","17/12706",0.0588235294117647,2.18541451668387,0.813395738730649,0.371328494664657,0.628211228698385,0.543873449469767,"TGFB1",1
"GO:0008045","motor neuron axon guidance","1/342","17/12706",0.0588235294117647,2.18541451668387,0.813395738730649,0.371328494664657,0.628211228698385,0.543873449469767,"MYCBP2",1
"GO:0009148","pyrimidine nucleoside triphosphate biosynthetic process","1/342","17/12706",0.0588235294117647,2.18541451668387,0.813395738730649,0.371328494664657,0.628211228698385,0.543873449469767,"NME4",1
"GO:0009310","amine catabolic process","1/342","17/12706",0.0588235294117647,2.18541451668387,0.813395738730649,0.371328494664657,0.628211228698385,0.543873449469767,"SLC44A1",1
"GO:0031053","primary miRNA processing","1/342","17/12706",0.0588235294117647,2.18541451668387,0.813395738730649,0.371328494664657,0.628211228698385,0.543873449469767,"TGFB1",1
"GO:0031365","N-terminal protein amino acid modification","1/342","17/12706",0.0588235294117647,2.18541451668387,0.813395738730649,0.371328494664657,0.628211228698385,0.543873449469767,"EP300",1
"GO:0032693","negative regulation of interleukin-10 production","1/342","17/12706",0.0588235294117647,2.18541451668387,0.813395738730649,0.371328494664657,0.628211228698385,0.543873449469767,"PRG2",1
"GO:0032874","positive regulation of stress-activated MAPK cascade","1/342","17/12706",0.0588235294117647,2.18541451668387,0.813395738730649,0.371328494664657,0.628211228698385,0.543873449469767,"TAOK1",1
"GO:0034134","toll-like receptor 2 signaling pathway","1/342","17/12706",0.0588235294117647,2.18541451668387,0.813395738730649,0.371328494664657,0.628211228698385,0.543873449469767,"CYBA",1
"GO:0035795","negative regulation of mitochondrial membrane permeability","1/342","17/12706",0.0588235294117647,2.18541451668387,0.813395738730649,0.371328494664657,0.628211228698385,0.543873449469767,"HSPA1A",1
"GO:0042308","negative regulation of protein import into nucleus","1/342","17/12706",0.0588235294117647,2.18541451668387,0.813395738730649,0.371328494664657,0.628211228698385,0.543873449469767,"NFKBIA",1
"GO:0043407","negative regulation of MAP kinase activity","1/342","17/12706",0.0588235294117647,2.18541451668387,0.813395738730649,0.371328494664657,0.628211228698385,0.543873449469767,"DUSP1",1
"GO:0045623","negative regulation of T-helper cell differentiation","1/342","17/12706",0.0588235294117647,2.18541451668387,0.813395738730649,0.371328494664657,0.628211228698385,0.543873449469767,"CD69",1
"GO:0048490","anterograde synaptic vesicle transport","1/342","17/12706",0.0588235294117647,2.18541451668387,0.813395738730649,0.371328494664657,0.628211228698385,0.543873449469767,"AP3D1",1
"GO:0051014","actin filament severing","1/342","17/12706",0.0588235294117647,2.18541451668387,0.813395738730649,0.371328494664657,0.628211228698385,0.543873449469767,"MYH9",1
"GO:0051382","kinetochore assembly","1/342","17/12706",0.0588235294117647,2.18541451668387,0.813395738730649,0.371328494664657,0.628211228698385,0.543873449469767,"SENP6",1
"GO:0055023","positive regulation of cardiac muscle tissue growth","1/342","17/12706",0.0588235294117647,2.18541451668387,0.813395738730649,0.371328494664657,0.628211228698385,0.543873449469767,"PIM1",1
"GO:0061049","cell growth involved in cardiac muscle cell development","1/342","17/12706",0.0588235294117647,2.18541451668387,0.813395738730649,0.371328494664657,0.628211228698385,0.543873449469767,"FOXP1",1
"GO:0061298","retina vasculature development in camera-type eye","1/342","17/12706",0.0588235294117647,2.18541451668387,0.813395738730649,0.371328494664657,0.628211228698385,0.543873449469767,"TGFB1",1
"GO:0070304","positive regulation of stress-activated protein kinase signaling cascade","1/342","17/12706",0.0588235294117647,2.18541451668387,0.813395738730649,0.371328494664657,0.628211228698385,0.543873449469767,"TAOK1",1
"GO:0070525","tRNA threonylcarbamoyladenosine metabolic process","1/342","17/12706",0.0588235294117647,2.18541451668387,0.813395738730649,0.371328494664657,0.628211228698385,0.543873449469767,"TRMT5",1
"GO:0070886","positive regulation of calcineurin-NFAT signaling cascade","1/342","17/12706",0.0588235294117647,2.18541451668387,0.813395738730649,0.371328494664657,0.628211228698385,0.543873449469767,"PPP3R1",1
"GO:0071467","cellular response to pH","1/342","17/12706",0.0588235294117647,2.18541451668387,0.813395738730649,0.371328494664657,0.628211228698385,0.543873449469767,"GNAQ",1
"GO:0071499","cellular response to laminar fluid shear stress","1/342","17/12706",0.0588235294117647,2.18541451668387,0.813395738730649,0.371328494664657,0.628211228698385,0.543873449469767,"KLF2",1
"GO:0071731","response to nitric oxide","1/342","17/12706",0.0588235294117647,2.18541451668387,0.813395738730649,0.371328494664657,0.628211228698385,0.543873449469767,"HNRNPD",1
"GO:0071816","tail-anchored membrane protein insertion into ER membrane","1/342","17/12706",0.0588235294117647,2.18541451668387,0.813395738730649,0.371328494664657,0.628211228698385,0.543873449469767,"GET3",1
"GO:0072350","tricarboxylic acid metabolic process","1/342","17/12706",0.0588235294117647,2.18541451668387,0.813395738730649,0.371328494664657,0.628211228698385,0.543873449469767,"EP300",1
"GO:0072673","lamellipodium morphogenesis","1/342","17/12706",0.0588235294117647,2.18541451668387,0.813395738730649,0.371328494664657,0.628211228698385,0.543873449469767,"MYO9B",1
"GO:0090026","positive regulation of monocyte chemotaxis","1/342","17/12706",0.0588235294117647,2.18541451668387,0.813395738730649,0.371328494664657,0.628211228698385,0.543873449469767,"AIF1",1
"GO:0097186","amelogenesis","1/342","17/12706",0.0588235294117647,2.18541451668387,0.813395738730649,0.371328494664657,0.628211228698385,0.543873449469767,"TGFB1",1
"GO:0097468","programmed cell death in response to reactive oxygen species","1/342","17/12706",0.0588235294117647,2.18541451668387,0.813395738730649,0.371328494664657,0.628211228698385,0.543873449469767,"FOXP1",1
"GO:0098696","regulation of neurotransmitter receptor localization to postsynaptic specialization membrane","1/342","17/12706",0.0588235294117647,2.18541451668387,0.813395738730649,0.371328494664657,0.628211228698385,0.543873449469767,"OGT",1
"GO:0098801","regulation of renal system process","1/342","17/12706",0.0588235294117647,2.18541451668387,0.813395738730649,0.371328494664657,0.628211228698385,0.543873449469767,"CYBA",1
"GO:0098885","modification of postsynaptic actin cytoskeleton","1/342","17/12706",0.0588235294117647,2.18541451668387,0.813395738730649,0.371328494664657,0.628211228698385,0.543873449469767,"CTTNBP2",1
"GO:0099514","synaptic vesicle cytoskeletal transport","1/342","17/12706",0.0588235294117647,2.18541451668387,0.813395738730649,0.371328494664657,0.628211228698385,0.543873449469767,"AP3D1",1
"GO:0099517","synaptic vesicle transport along microtubule","1/342","17/12706",0.0588235294117647,2.18541451668387,0.813395738730649,0.371328494664657,0.628211228698385,0.543873449469767,"AP3D1",1
"GO:0099637","neurotransmitter receptor transport","1/342","17/12706",0.0588235294117647,2.18541451668387,0.813395738730649,0.371328494664657,0.628211228698385,0.543873449469767,"AP3D1",1
"GO:0099638","endosome to plasma membrane protein transport","1/342","17/12706",0.0588235294117647,2.18541451668387,0.813395738730649,0.371328494664657,0.628211228698385,0.543873449469767,"SORL1",1
"GO:0106058","positive regulation of calcineurin-mediated signaling","1/342","17/12706",0.0588235294117647,2.18541451668387,0.813395738730649,0.371328494664657,0.628211228698385,0.543873449469767,"PPP3R1",1
"GO:0110096","cellular response to aldehyde","1/342","17/12706",0.0588235294117647,2.18541451668387,0.813395738730649,0.371328494664657,0.628211228698385,0.543873449469767,"TGFB1",1
"GO:0160049","negative regulation of cGAS/STING signaling pathway","1/342","17/12706",0.0588235294117647,2.18541451668387,0.813395738730649,0.371328494664657,0.628211228698385,0.543873449469767,"PRKDC",1
"GO:1901096","regulation of autophagosome maturation","1/342","17/12706",0.0588235294117647,2.18541451668387,0.813395738730649,0.371328494664657,0.628211228698385,0.543873449469767,"TBC1D25",1
"GO:1901739","regulation of myoblast fusion","1/342","17/12706",0.0588235294117647,2.18541451668387,0.813395738730649,0.371328494664657,0.628211228698385,0.543873449469767,"RIPOR2",1
"GO:1902036","regulation of hematopoietic stem cell differentiation","1/342","17/12706",0.0588235294117647,2.18541451668387,0.813395738730649,0.371328494664657,0.628211228698385,0.543873449469767,"PRKDC",1
"GO:1902992","negative regulation of amyloid precursor protein catabolic process","1/342","17/12706",0.0588235294117647,2.18541451668387,0.813395738730649,0.371328494664657,0.628211228698385,0.543873449469767,"SORL1",1
"GO:1903319","positive regulation of protein maturation","1/342","17/12706",0.0588235294117647,2.18541451668387,0.813395738730649,0.371328494664657,0.628211228698385,0.543873449469767,"MYH9",1
"GO:1904036","negative regulation of epithelial cell apoptotic process","1/342","17/12706",0.0588235294117647,2.18541451668387,0.813395738730649,0.371328494664657,0.628211228698385,0.543873449469767,"ADAR",1
"GO:1905244","regulation of modification of synaptic structure","1/342","17/12706",0.0588235294117647,2.18541451668387,0.813395738730649,0.371328494664657,0.628211228698385,0.543873449469767,"CTTNBP2",1
"GO:0017156","calcium-ion regulated exocytosis","2/342","48/12706",0.0416666666666667,1.54800194931774,0.632617302345136,0.371921639877014,0.628211228698385,0.543873449469767,"STXBP2/MYH9",2
"GO:0032480","negative regulation of type I interferon production","2/342","48/12706",0.0416666666666667,1.54800194931774,0.632617302345136,0.371921639877014,0.628211228698385,0.543873449469767,"SIRPA/QKI",2
"GO:0035904","aorta development","2/342","48/12706",0.0416666666666667,1.54800194931774,0.632617302345136,0.371921639877014,0.628211228698385,0.543873449469767,"CNTRL/HECTD1",2
"GO:0042088","T-helper 1 type immune response","2/342","48/12706",0.0416666666666667,1.54800194931774,0.632617302345136,0.371921639877014,0.628211228698385,0.543873449469767,"SPN/NFKBIZ",2
"GO:0050994","regulation of lipid catabolic process","2/342","48/12706",0.0416666666666667,1.54800194931774,0.632617302345136,0.371921639877014,0.628211228698385,0.543873449469767,"SORL1/APOC2",2
"GO:0051496","positive regulation of stress fiber assembly","2/342","48/12706",0.0416666666666667,1.54800194931774,0.632617302345136,0.371921639877014,0.628211228698385,0.543873449469767,"CCDC88A/EVL",2
"GO:0071763","nuclear membrane organization","2/342","48/12706",0.0416666666666667,1.54800194931774,0.632617302345136,0.371921639877014,0.628211228698385,0.543873449469767,"TARDBP/DCTN1",2
"GO:1903573","negative regulation of response to endoplasmic reticulum stress","2/342","48/12706",0.0416666666666667,1.54800194931774,0.632617302345136,0.371921639877014,0.628211228698385,0.543873449469767,"PPP1R15A/HSPA1A",2
"GO:1903747","regulation of establishment of protein localization to mitochondrion","2/342","48/12706",0.0416666666666667,1.54800194931774,0.632617302345136,0.371921639877014,0.628211228698385,0.543873449469767,"PARL/HUWE1",2
"GO:0046434","organophosphate catabolic process","7/342","218/12706",0.0321100917431193,1.19295563066688,0.477925438841453,0.371939708207606,0.628211228698385,0.543873449469767,"TYMP/PFKL/OGT/EP300/ZBTB7A/HK3/APOC2",7
"GO:0010569","regulation of double-strand break repair via homologous recombination","3/342","81/12706",0.037037037037037,1.37600173272688,0.5645956813476,0.372762896355486,0.628211228698385,0.543873449469767,"SMCHD1/CSNK2A1/ARID2",3
"GO:0016079","synaptic vesicle exocytosis","3/342","81/12706",0.037037037037037,1.37600173272688,0.5645956813476,0.372762896355486,0.628211228698385,0.543873449469767,"STXBP2/P2RX1/STXBP5",3
"GO:0019319","hexose biosynthetic process","3/342","81/12706",0.037037037037037,1.37600173272688,0.5645956813476,0.372762896355486,0.628211228698385,0.543873449469767,"OGT/RANBP2/EP300",3
"GO:0046889","positive regulation of lipid biosynthetic process","3/342","81/12706",0.037037037037037,1.37600173272688,0.5645956813476,0.372762896355486,0.628211228698385,0.543873449469767,"OGT/QKI/APOC2",3
"GO:0050871","positive regulation of B cell activation","3/342","81/12706",0.037037037037037,1.37600173272688,0.5645956813476,0.372762896355486,0.628211228698385,0.543873449469767,"IL2RG/SYK/TGFB1",3
"GO:1901293","nucleoside phosphate biosynthetic process","9/342","290/12706",0.0310344827586207,1.1529945553539,0.438333852300349,0.379612259969428,0.633567809082734,0.548510905341153,"NDUFB8/NDUFA7/NDUFC2/ATP5PO/MT-ATP6/TGFB1/MT-ND3/NME4/IMPDH2",9
"GO:0003279","cardiac septum development","3/342","82/12706",0.0365853658536585,1.35922122379119,0.542739350846998,0.380107077267808,0.633567809082734,0.548510905341153,"RARA/CNTRL/HECTD1",3
"GO:0031503","protein-containing complex localization","3/342","82/12706",0.0365853658536585,1.35922122379119,0.542739350846998,0.380107077267808,0.633567809082734,0.548510905341153,"MAT2A/OGT/AP3D1",3
"GO:0031644","regulation of nervous system process","3/342","82/12706",0.0365853658536585,1.35922122379119,0.542739350846998,0.380107077267808,0.633567809082734,0.548510905341153,"TYMP/QKI/PTEN",3
"GO:0051262","protein tetramerization","3/342","82/12706",0.0365853658536585,1.35922122379119,0.542739350846998,0.380107077267808,0.633567809082734,0.548510905341153,"SOD2/OXA1L/EVL",3
"GO:0070252","actin-mediated cell contraction","3/342","82/12706",0.0365853658536585,1.35922122379119,0.542739350846998,0.380107077267808,0.633567809082734,0.548510905341153,"FLNA/MYH9/QKI",3
"GO:0044403","biological process involved in symbiotic interaction","6/342","185/12706",0.0324324324324324,1.20493124703651,0.466976933288861,0.380323543728588,0.633567809082734,0.548510905341153,"RNASEK/SELPLG/CD4/GRK2/HSPA1A/MYH9",6
"GO:0061640","cytoskeleton-dependent cytokinesis","4/342","116/12706",0.0344827586206897,1.28110506150434,0.505831282873454,0.38060715689749,0.633567809082734,0.548510905341153,"SEPTIN7/SEPTIN9/SEPTIN2/PLEC",4
"GO:0002204","somatic recombination of immunoglobulin genes involved in immune response","2/342","49/12706",0.0408163265306122,1.51641007280105,0.602349070166512,0.381588590240944,0.633567809082734,0.548510905341153,"TGFB1/NFKBIZ",2
"GO:0002208","somatic diversification of immunoglobulins involved in immune response","2/342","49/12706",0.0408163265306122,1.51641007280105,0.602349070166512,0.381588590240944,0.633567809082734,0.548510905341153,"TGFB1/NFKBIZ",2
"GO:0002931","response to ischemia","2/342","49/12706",0.0408163265306122,1.51641007280105,0.602349070166512,0.381588590240944,0.633567809082734,0.548510905341153,"ITGAM/CPEB4",2
"GO:0007405","neuroblast proliferation","2/342","49/12706",0.0408163265306122,1.51641007280105,0.602349070166512,0.381588590240944,0.633567809082734,0.548510905341153,"TGFB1/BTG2",2
"GO:0016601","Rac protein signal transduction","2/342","49/12706",0.0408163265306122,1.51641007280105,0.602349070166512,0.381588590240944,0.633567809082734,0.548510905341153,"AIF1/OGT",2
"GO:0031016","pancreas development","2/342","49/12706",0.0408163265306122,1.51641007280105,0.602349070166512,0.381588590240944,0.633567809082734,0.548510905341153,"IER3IP1/RBM4",2
"GO:0033344","cholesterol efflux","2/342","49/12706",0.0408163265306122,1.51641007280105,0.602349070166512,0.381588590240944,0.633567809082734,0.548510905341153,"GPS2/APOC2",2
"GO:0045190","isotype switching","2/342","49/12706",0.0408163265306122,1.51641007280105,0.602349070166512,0.381588590240944,0.633567809082734,0.548510905341153,"TGFB1/NFKBIZ",2
"GO:0045620","negative regulation of lymphocyte differentiation","2/342","49/12706",0.0408163265306122,1.51641007280105,0.602349070166512,0.381588590240944,0.633567809082734,0.548510905341153,"CD69/RUNX1",2
"GO:0046503","glycerolipid catabolic process","2/342","49/12706",0.0408163265306122,1.51641007280105,0.602349070166512,0.381588590240944,0.633567809082734,0.548510905341153,"SORL1/APOC2",2
"GO:0046888","negative regulation of hormone secretion","2/342","49/12706",0.0408163265306122,1.51641007280105,0.602349070166512,0.381588590240944,0.633567809082734,0.548510905341153,"PFKL/RAB11FIP1",2
"GO:0051148","negative regulation of muscle cell differentiation","2/342","49/12706",0.0408163265306122,1.51641007280105,0.602349070166512,0.381588590240944,0.633567809082734,0.548510905341153,"FOXP1/NFATC3",2
"GO:0060390","regulation of SMAD protein signal transduction","2/342","49/12706",0.0408163265306122,1.51641007280105,0.602349070166512,0.381588590240944,0.633567809082734,0.548510905341153,"CSNK2B/TGFB1",2
"GO:0070542","response to fatty acid","2/342","49/12706",0.0408163265306122,1.51641007280105,0.602349070166512,0.381588590240944,0.633567809082734,0.548510905341153,"JUND/CD4",2
"GO:0097300","programmed necrotic cell death","2/342","49/12706",0.0408163265306122,1.51641007280105,0.602349070166512,0.381588590240944,0.633567809082734,0.548510905341153,"OGT/NINJ1",2
"GO:0031401","positive regulation of protein modification process","10/342","326/12706",0.0306748466257669,1.13963333692103,0.424774545641057,0.382081047404526,0.633567809082734,0.548510905341153,"UBE2V1/CCDC88A/CD4/DDX3X/NOP53/PLAUR/HUWE1/MYCBP2/PIM1/RAF1",10
"GO:0048732","gland development","10/342","326/12706",0.0306748466257669,1.13963333692103,0.424774545641057,0.382081047404526,0.633567809082734,0.548510905341153,"CRIP1/PRKCSH/JUN/TGFB1/SOD2/JARID2/RARA/HNRNPD/HIPK2/RAF1",10
"GO:0048762","mesenchymal cell differentiation","6/342","186/12706",0.032258064516129,1.19845312205244,0.453453890939823,0.385146447297415,0.633567809082734,0.548510905341153,"SDHAF2/DDX17/TGFB1/PPP3R1/QKI/PTEN",6
"GO:0051650","establishment of vesicle localization","6/342","186/12706",0.032258064516129,1.19845312205244,0.453453890939823,0.385146447297415,0.633567809082734,0.548510905341153,"TRAPPC5/STXBP2/DCTN1/HGS/RAB27A/AP3D1",6
"GO:0070646","protein modification by small protein removal","4/342","117/12706",0.0341880341880342,1.27015544559404,0.488238395556634,0.386730747932214,0.633567809082734,0.548510905341153,"NOP53/USP34/SENP6/USP33",4
"GO:0006979","response to oxidative stress","11/342","363/12706",0.0303030303030303,1.12581959950381,0.404494048470533,0.387410314965333,0.633567809082734,0.548510905341153,"FOS/AIF1/DUSP1/FOXP1/HSPA1A/SOD2/MT-ND3/KLF2/TOP2B/UBR5/SIRPA",11
"GO:0006289","nucleotide-excision repair","3/342","83/12706",0.036144578313253,1.3428450644684,0.521166565352325,0.387432714472384,0.633567809082734,0.548510905341153,"ARID1A/SMARCA2/ARID2",3
"GO:0046364","monosaccharide biosynthetic process","3/342","83/12706",0.036144578313253,1.3428450644684,0.521166565352325,0.387432714472384,0.633567809082734,0.548510905341153,"OGT/RANBP2/EP300",3
"GO:0002070","epithelial cell maturation","1/342","18/12706",0.0555555555555556,2.06400259909032,0.751282453646551,0.388272749911302,0.633567809082734,0.548510905341153,"TGFB1",1
"GO:0007076","mitotic chromosome condensation","1/342","18/12706",0.0555555555555556,2.06400259909032,0.751282453646551,0.388272749911302,0.633567809082734,0.548510905341153,"BAZ1B",1
"GO:0007398","ectoderm development","1/342","18/12706",0.0555555555555556,2.06400259909032,0.751282453646551,0.388272749911302,0.633567809082734,0.548510905341153,"ITGAM",1
"GO:0009127","purine nucleoside monophosphate biosynthetic process","1/342","18/12706",0.0555555555555556,2.06400259909032,0.751282453646551,0.388272749911302,0.633567809082734,0.548510905341153,"IMPDH2",1
"GO:0019430","removal of superoxide radicals","1/342","18/12706",0.0555555555555556,2.06400259909032,0.751282453646551,0.388272749911302,0.633567809082734,0.548510905341153,"SOD2",1
"GO:0022010","central nervous system myelination","1/342","18/12706",0.0555555555555556,2.06400259909032,0.751282453646551,0.388272749911302,0.633567809082734,0.548510905341153,"PTEN",1
"GO:0031643","positive regulation of myelination","1/342","18/12706",0.0555555555555556,2.06400259909032,0.751282453646551,0.388272749911302,0.633567809082734,0.548510905341153,"QKI",1
"GO:0032291","axon ensheathment in central nervous system","1/342","18/12706",0.0555555555555556,2.06400259909032,0.751282453646551,0.388272749911302,0.633567809082734,0.548510905341153,"PTEN",1
"GO:0033630","positive regulation of cell adhesion mediated by integrin","1/342","18/12706",0.0555555555555556,2.06400259909032,0.751282453646551,0.388272749911302,0.633567809082734,0.548510905341153,"SYK",1
"GO:0034112","positive regulation of homotypic cell-cell adhesion","1/342","18/12706",0.0555555555555556,2.06400259909032,0.751282453646551,0.388272749911302,0.633567809082734,0.548510905341153,"PLAUR",1
"GO:0035335","peptidyl-tyrosine dephosphorylation","1/342","18/12706",0.0555555555555556,2.06400259909032,0.751282453646551,0.388272749911302,0.633567809082734,0.548510905341153,"DUSP1",1
"GO:0036035","osteoclast development","1/342","18/12706",0.0555555555555556,2.06400259909032,0.751282453646551,0.388272749911302,0.633567809082734,0.548510905341153,"FOXP1",1
"GO:0038128","ERBB2 signaling pathway","1/342","18/12706",0.0555555555555556,2.06400259909032,0.751282453646551,0.388272749911302,0.633567809082734,0.548510905341153,"RAF1",1
"GO:0042730","fibrinolysis","1/342","18/12706",0.0555555555555556,2.06400259909032,0.751282453646551,0.388272749911302,0.633567809082734,0.548510905341153,"PLAUR",1
"GO:0043388","positive regulation of DNA binding","1/342","18/12706",0.0555555555555556,2.06400259909032,0.751282453646551,0.388272749911302,0.633567809082734,0.548510905341153,"PLAUR",1
"GO:0045723","positive regulation of fatty acid biosynthetic process","1/342","18/12706",0.0555555555555556,2.06400259909032,0.751282453646551,0.388272749911302,0.633567809082734,0.548510905341153,"APOC2",1
"GO:0046597","host-mediated suppression of symbiont invasion","1/342","18/12706",0.0555555555555556,2.06400259909032,0.751282453646551,0.388272749911302,0.633567809082734,0.548510905341153,"LY6E",1
"GO:0046782","regulation of viral transcription","1/342","18/12706",0.0555555555555556,2.06400259909032,0.751282453646551,0.388272749911302,0.633567809082734,0.548510905341153,"ZFP36",1
"GO:0048535","lymph node development","1/342","18/12706",0.0555555555555556,2.06400259909032,0.751282453646551,0.388272749911302,0.633567809082734,0.548510905341153,"TGFB1",1
"GO:0050909","sensory perception of taste","1/342","18/12706",0.0555555555555556,2.06400259909032,0.751282453646551,0.388272749911302,0.633567809082734,0.548510905341153,"GNB1",1
"GO:0051546","keratinocyte migration","1/342","18/12706",0.0555555555555556,2.06400259909032,0.751282453646551,0.388272749911302,0.633567809082734,0.548510905341153,"PTEN",1
"GO:0051895","negative regulation of focal adhesion assembly","1/342","18/12706",0.0555555555555556,2.06400259909032,0.751282453646551,0.388272749911302,0.633567809082734,0.548510905341153,"PTEN",1
"GO:0060402","calcium ion transport into cytosol","1/342","18/12706",0.0555555555555556,2.06400259909032,0.751282453646551,0.388272749911302,0.633567809082734,0.548510905341153,"CD4",1
"GO:0060512","prostate gland morphogenesis","1/342","18/12706",0.0555555555555556,2.06400259909032,0.751282453646551,0.388272749911302,0.633567809082734,0.548510905341153,"CRIP1",1
"GO:0061450","trophoblast cell migration","1/342","18/12706",0.0555555555555556,2.06400259909032,0.751282453646551,0.388272749911302,0.633567809082734,0.548510905341153,"CALR",1
"GO:0071103","DNA conformation change","1/342","18/12706",0.0555555555555556,2.06400259909032,0.751282453646551,0.388272749911302,0.633567809082734,0.548510905341153,"TOP2B",1
"GO:0071450","cellular response to oxygen radical","1/342","18/12706",0.0555555555555556,2.06400259909032,0.751282453646551,0.388272749911302,0.633567809082734,0.548510905341153,"SOD2",1
"GO:0071451","cellular response to superoxide","1/342","18/12706",0.0555555555555556,2.06400259909032,0.751282453646551,0.388272749911302,0.633567809082734,0.548510905341153,"SOD2",1
"GO:0071605","monocyte chemotactic protein-1 production","1/342","18/12706",0.0555555555555556,2.06400259909032,0.751282453646551,0.388272749911302,0.633567809082734,0.548510905341153,"SYK",1
"GO:0071637","regulation of monocyte chemotactic protein-1 production","1/342","18/12706",0.0555555555555556,2.06400259909032,0.751282453646551,0.388272749911302,0.633567809082734,0.548510905341153,"SYK",1
"GO:0086011","membrane repolarization during action potential","1/342","18/12706",0.0555555555555556,2.06400259909032,0.751282453646551,0.388272749911302,0.633567809082734,0.548510905341153,"FLNA",1
"GO:0090208","positive regulation of triglyceride metabolic process","1/342","18/12706",0.0555555555555556,2.06400259909032,0.751282453646551,0.388272749911302,0.633567809082734,0.548510905341153,"APOC2",1
"GO:0090335","regulation of brown fat cell differentiation","1/342","18/12706",0.0555555555555556,2.06400259909032,0.751282453646551,0.388272749911302,0.633567809082734,0.548510905341153,"PIM1",1
"GO:0097284","hepatocyte apoptotic process","1/342","18/12706",0.0555555555555556,2.06400259909032,0.751282453646551,0.388272749911302,0.633567809082734,0.548510905341153,"ADAR",1
"GO:0097707","ferroptosis","1/342","18/12706",0.0555555555555556,2.06400259909032,0.751282453646551,0.388272749911302,0.633567809082734,0.548510905341153,"NINJ1",1
"GO:0098751","bone cell development","1/342","18/12706",0.0555555555555556,2.06400259909032,0.751282453646551,0.388272749911302,0.633567809082734,0.548510905341153,"FOXP1",1
"GO:0099623","regulation of cardiac muscle cell membrane repolarization","1/342","18/12706",0.0555555555555556,2.06400259909032,0.751282453646551,0.388272749911302,0.633567809082734,0.548510905341153,"FLNA",1
"GO:0141086","negative regulation of inflammasome-mediated signaling pathway","1/342","18/12706",0.0555555555555556,2.06400259909032,0.751282453646551,0.388272749911302,0.633567809082734,0.548510905341153,"OGT",1
"GO:0150118","negative regulation of cell-substrate junction organization","1/342","18/12706",0.0555555555555556,2.06400259909032,0.751282453646551,0.388272749911302,0.633567809082734,0.548510905341153,"PTEN",1
"GO:1902165","regulation of intrinsic apoptotic signaling pathway in response to DNA damage by p53 class mediator","1/342","18/12706",0.0555555555555556,2.06400259909032,0.751282453646551,0.388272749911302,0.633567809082734,0.548510905341153,"RPL26",1
"GO:1903523","negative regulation of blood circulation","1/342","18/12706",0.0555555555555556,2.06400259909032,0.751282453646551,0.388272749911302,0.633567809082734,0.548510905341153,"GRK2",1
"GO:1903779","regulation of cardiac conduction","1/342","18/12706",0.0555555555555556,2.06400259909032,0.751282453646551,0.388272749911302,0.633567809082734,0.548510905341153,"ATP2B1",1
"GO:2001169","regulation of ATP biosynthetic process","1/342","18/12706",0.0555555555555556,2.06400259909032,0.751282453646551,0.388272749911302,0.633567809082734,0.548510905341153,"NDUFC2",1
"GO:0031023","microtubule organizing center organization","5/342","152/12706",0.0328947368421053,1.22210680209295,0.458156107661151,0.389300625503517,0.634700247926402,0.549491313509748,"CHD3/XPO1/DCTN1/USP33/SDCCAG8",5
"GO:0051260","protein homooligomerization","5/342","152/12706",0.0328947368421053,1.22210680209295,0.458156107661151,0.389300625503517,0.634700247926402,0.549491313509748,"SOD2/BASP1/EVL/NINJ1/KCTD12",5
"GO:0006874","intracellular calcium ion homeostasis","7/342","222/12706",0.0315315315315315,1.17146093461883,0.428633078551414,0.389610762715531,0.634789329176891,0.549568435542551,"P2RX1/TGFB1/FLNA/CYBA/TMEM165/CALR/ATP2B1",7
"GO:0000724","double-strand break repair via homologous recombination","6/342","187/12706",0.0320855614973262,1.19204428182756,0.440005650349905,0.389969572205788,0.634789329176891,0.549568435542551,"SMCHD1/PRKDC/CSNK2A1/ARID2/MCM5/RNF138",6
"GO:0051223","regulation of protein transport","11/342","364/12706",0.0302197802197802,1.12272668851616,0.395109822358288,0.39086399211358,0.634789329176891,0.549568435542551,"IER3IP1/TGFB1/TARDBP/FLNA/PFKL/XPO1/UBR5/RAB11FIP1/EP300/NFKBIA/SORL1",11
"GO:0007389","pattern specification process","9/342","293/12706",0.0307167235494881,1.14118915035028,0.406647069344212,0.391150070640442,0.634789329176891,0.549568435542551,"PRKDC/BPTF/BASP1/BTG2/KMT2A/EP300/AP1B1/HIPK2/ITGAM",9
"GO:0002011","morphogenesis of an epithelial sheet","2/342","50/12706",0.04,1.48608187134503,0.572752617719553,0.391191845939362,0.634789329176891,0.549568435542551,"FLNA/PTEN",2
"GO:0006220","pyrimidine nucleotide metabolic process","2/342","50/12706",0.04,1.48608187134503,0.572752617719553,0.391191845939362,0.634789329176891,0.549568435542551,"TYMP/NME4",2
"GO:0030837","negative regulation of actin filament polymerization","2/342","50/12706",0.04,1.48608187134503,0.572752617719553,0.391191845939362,0.634789329176891,0.549568435542551,"SSH2/ARFGEF1",2
"GO:0042246","tissue regeneration","2/342","50/12706",0.04,1.48608187134503,0.572752617719553,0.391191845939362,0.634789329176891,0.549568435542551,"RUNX1/NINJ1",2
"GO:0043030","regulation of macrophage activation","2/342","50/12706",0.04,1.48608187134503,0.572752617719553,0.391191845939362,0.634789329176891,0.549568435542551,"GRN/JUND",2
"GO:0045682","regulation of epidermis development","2/342","50/12706",0.04,1.48608187134503,0.572752617719553,0.391191845939362,0.634789329176891,0.549568435542551,"NUMA1/ZFP36",2
"GO:0051952","regulation of amine transport","2/342","50/12706",0.04,1.48608187134503,0.572752617719553,0.391191845939362,0.634789329176891,0.549568435542551,"SEPTIN2/GRK2",2
"GO:0043087","regulation of GTPase activity","4/342","118/12706",0.0338983050847458,1.25939141639409,0.470802897143048,0.392846748193281,0.636659563781268,0.55118758989563,"DOCK8/ARAP1/ARFGEF1/RIPOR2",4
"GO:0045931","positive regulation of mitotic cell cycle","4/342","118/12706",0.0338983050847458,1.25939141639409,0.470802897143048,0.392846748193281,0.636659563781268,0.55118758989563,"AIF1/DDX3X/TGFB1/EIF4G1",4
"GO:0051053","negative regulation of DNA metabolic process","4/342","118/12706",0.0338983050847458,1.25939141639409,0.470802897143048,0.392846748193281,0.636659563781268,0.55118758989563,"DUSP1/HNRNPA1/SMCHD1/CSNK2A1",4
"GO:0006900","vesicle budding from membrane","3/342","84/12706",0.0357142857142857,1.32685881370092,0.499869507025545,0.39473763853902,0.637367272611879,0.551800288340581,"TRAPPC5/PICALM/AP3D1",3
"GO:0009408","response to heat","3/342","84/12706",0.0357142857142857,1.32685881370092,0.499869507025545,0.39473763853902,0.637367272611879,0.551800288340581,"HSPA1A/EP300/IER5",3
"GO:0032456","endocytic recycling","3/342","84/12706",0.0357142857142857,1.32685881370092,0.499869507025545,0.39473763853902,0.637367272611879,0.551800288340581,"HGS/SORL1/SNX27",3
"GO:0032611","interleukin-1 beta production","3/342","84/12706",0.0357142857142857,1.32685881370092,0.499869507025545,0.39473763853902,0.637367272611879,0.551800288340581,"FOXP1/SIRPA/ACP5",3
"GO:0032651","regulation of interleukin-1 beta production","3/342","84/12706",0.0357142857142857,1.32685881370092,0.499869507025545,0.39473763853902,0.637367272611879,0.551800288340581,"FOXP1/SIRPA/ACP5",3
"GO:0051492","regulation of stress fiber assembly","3/342","84/12706",0.0357142857142857,1.32685881370092,0.499869507025545,0.39473763853902,0.637367272611879,0.551800288340581,"CCDC88A/ARAP1/EVL",3
"GO:1901874","negative regulation of post-translational protein modification","3/342","84/12706",0.0357142857142857,1.32685881370092,0.499869507025545,0.39473763853902,0.637367272611879,0.551800288340581,"HSPA1A/GPS2/OGT",3
"GO:2000106","regulation of leukocyte apoptotic process","3/342","84/12706",0.0357142857142857,1.32685881370092,0.499869507025545,0.39473763853902,0.637367272611879,0.551800288340581,"FOXP1/DOCK8/TSC22D3",3
"GO:0016241","regulation of macroautophagy","6/342","188/12706",0.0319148936170213,1.18570362075401,0.426631297570899,0.394792195423718,0.637367272611879,0.551800288340581,"PARL/HUWE1/CSNK2A1/USP33/TBC1D25/QSOX1",6
"GO:0005996","monosaccharide metabolic process","7/342","224/12706",0.03125,1.1610014619883,0.404326893690106,0.398453818771937,0.638284388227179,0.552594280568784,"MAN2B1/SLC2A3/PFKL/OGT/RANBP2/EP300/HK3",7
"GO:0090068","positive regulation of cell cycle process","7/342","224/12706",0.03125,1.1610014619883,0.404326893690106,0.398453818771937,0.638284388227179,0.552594280568784,"AIF1/PAGR1/DDX3X/TGFB1/DYNC1H1/EIF4G1/NUMA1",7
"GO:0043269","regulation of monoatomic ion transport","9/342","295/12706",0.0305084745762712,1.13345227475468,0.38570430891935,0.398852013345228,0.638284388227179,0.552594280568784,"CD84/CD4/P2RX1/TGFB1/FLNA/PPP3R1/CYBA/CTSS/ATP2B1",9
"GO:0048863","stem cell differentiation","6/342","189/12706",0.0317460317460317,1.17943005662304,0.413329934926236,0.399613601825024,0.638284388227179,0.552594280568784,"PRKDC/JARID2/CHD3/MSI2/CHD2/PUM1",6
"GO:0002639","positive regulation of immunoglobulin production","2/342","51/12706",0.0392156862745098,1.45694301112258,0.54379716867791,0.400727832515199,0.638284388227179,0.552594280568784,"IL2RG/TGFB1",2
"GO:0006284","base-excision repair","2/342","51/12706",0.0392156862745098,1.45694301112258,0.54379716867791,0.400727832515199,0.638284388227179,0.552594280568784,"HUWE1/HMGA1",2
"GO:0014015","positive regulation of gliogenesis","2/342","51/12706",0.0392156862745098,1.45694301112258,0.54379716867791,0.400727832515199,0.638284388227179,0.552594280568784,"TGFB1/QKI",2
"GO:0030219","megakaryocyte differentiation","2/342","51/12706",0.0392156862745098,1.45694301112258,0.54379716867791,0.400727832515199,0.638284388227179,0.552594280568784,"FLNA/EP300",2
"GO:0032506","cytokinetic process","2/342","51/12706",0.0392156862745098,1.45694301112258,0.54379716867791,0.400727832515199,0.638284388227179,0.552594280568784,"MYH9/PLEC",2
"GO:0045685","regulation of glial cell differentiation","2/342","51/12706",0.0392156862745098,1.45694301112258,0.54379716867791,0.400727832515199,0.638284388227179,0.552594280568784,"TGFB1/QKI",2
"GO:0045744","negative regulation of G protein-coupled receptor signaling pathway","2/342","51/12706",0.0392156862745098,1.45694301112258,0.54379716867791,0.400727832515199,0.638284388227179,0.552594280568784,"GRK2/PLEK",2
"GO:0050709","negative regulation of protein secretion","2/342","51/12706",0.0392156862745098,1.45694301112258,0.54379716867791,0.400727832515199,0.638284388227179,0.552594280568784,"PFKL/RAB11FIP1",2
"GO:1903146","regulation of autophagy of mitochondrion","2/342","51/12706",0.0392156862745098,1.45694301112258,0.54379716867791,0.400727832515199,0.638284388227179,0.552594280568784,"PARL/HUWE1",2
"GO:0021700","developmental maturation","8/342","260/12706",0.0307692307692308,1.14313990103464,0.387840696253454,0.400965325563025,0.638284388227179,0.552594280568784,"IER3IP1/TGFB1/PICALM/KLF2/ZBTB7A/AP3D1/PTEN/SNX27",8
"GO:0002062","chondrocyte differentiation","3/342","85/12706",0.0352941176470588,1.31124871001032,0.478840669294422,0.402019751568613,0.638284388227179,0.552594280568784,"TGFB1/RUNX1/TGFBI",3
"GO:0021761","limbic system development","3/342","85/12706",0.0352941176470588,1.31124871001032,0.478840669294422,0.402019751568613,0.638284388227179,0.552594280568784,"RARA/BTG2/PTEN",3
"GO:0034644","cellular response to UV","3/342","85/12706",0.0352941176470588,1.31124871001032,0.478840669294422,0.402019751568613,0.638284388227179,0.552594280568784,"CRIP1/RPL26/EP300",3
"GO:0031346","positive regulation of cell projection organization","9/342","296/12706",0.0304054054054054,1.12962304409673,0.375286611112763,0.402704879340158,0.638284388227179,0.552594280568784,"SEPTIN7/SEPTIN9/S100A9/CCDC88A/GRN/MACF1/ARAP1/EP300/RIPOR2",9
"GO:0031589","cell-substrate adhesion","9/342","296/12706",0.0304054054054054,1.12962304409673,0.375286611112763,0.402704879340158,0.638284388227179,0.552594280568784,"TIMM10B/MACF1/FLNA/CALR/PREX1/ITGAM/PTEN/MYO1G/ITGB2",9
"GO:0002026","regulation of the force of heart contraction","1/342","19/12706",0.0526315789473684,1.95537088334872,0.693090939154304,0.404761614943643,0.638284388227179,0.552594280568784,"GRK2",1
"GO:0002902","regulation of B cell apoptotic process","1/342","19/12706",0.0526315789473684,1.95537088334872,0.693090939154304,0.404761614943643,0.638284388227179,0.552594280568784,"FOXP1",1
"GO:0003338","metanephros morphogenesis","1/342","19/12706",0.0526315789473684,1.95537088334872,0.693090939154304,0.404761614943643,0.638284388227179,0.552594280568784,"BASP1",1
"GO:0006244","pyrimidine nucleotide catabolic process","1/342","19/12706",0.0526315789473684,1.95537088334872,0.693090939154304,0.404761614943643,0.638284388227179,0.552594280568784,"TYMP",1
"GO:0006415","translational termination","1/342","19/12706",0.0526315789473684,1.95537088334872,0.693090939154304,0.404761614943643,0.638284388227179,0.552594280568784,"ETF1",1
"GO:0006491","N-glycan processing","1/342","19/12706",0.0526315789473684,1.95537088334872,0.693090939154304,0.404761614943643,0.638284388227179,0.552594280568784,"PRKCSH",1
"GO:0006517","protein deglycosylation","1/342","19/12706",0.0526315789473684,1.95537088334872,0.693090939154304,0.404761614943643,0.638284388227179,0.552594280568784,"MAN2B1",1
"GO:0006896","Golgi to vacuole transport","1/342","19/12706",0.0526315789473684,1.95537088334872,0.693090939154304,0.404761614943643,0.638284388227179,0.552594280568784,"AP3D1",1
"GO:0006910","phagocytosis, recognition","1/342","19/12706",0.0526315789473684,1.95537088334872,0.693090939154304,0.404761614943643,0.638284388227179,0.552594280568784,"CFP",1
"GO:0010623","programmed cell death involved in cell development","1/342","19/12706",0.0526315789473684,1.95537088334872,0.693090939154304,0.404761614943643,0.638284388227179,0.552594280568784,"PRKDC",1
"GO:0010888","negative regulation of lipid storage","1/342","19/12706",0.0526315789473684,1.95537088334872,0.693090939154304,0.404761614943643,0.638284388227179,0.552594280568784,"NFKBIA",1
"GO:0014856","skeletal muscle cell proliferation","1/342","19/12706",0.0526315789473684,1.95537088334872,0.693090939154304,0.404761614943643,0.638284388227179,0.552594280568784,"FOS",1
"GO:0032011","ARF protein signal transduction","1/342","19/12706",0.0526315789473684,1.95537088334872,0.693090939154304,0.404761614943643,0.638284388227179,0.552594280568784,"ARFGEF1",1
"GO:0032012","regulation of ARF protein signal transduction","1/342","19/12706",0.0526315789473684,1.95537088334872,0.693090939154304,0.404761614943643,0.638284388227179,0.552594280568784,"ARFGEF1",1
"GO:0032252","secretory granule localization","1/342","19/12706",0.0526315789473684,1.95537088334872,0.693090939154304,0.404761614943643,0.638284388227179,0.552594280568784,"STXBP2",1
"GO:0032510","endosome to lysosome transport via multivesicular body sorting pathway","1/342","19/12706",0.0526315789473684,1.95537088334872,0.693090939154304,0.404761614943643,0.638284388227179,0.552594280568784,"LYST",1
"GO:0032925","regulation of activin receptor signaling pathway","1/342","19/12706",0.0526315789473684,1.95537088334872,0.693090939154304,0.404761614943643,0.638284388227179,0.552594280568784,"CSNK2B",1
"GO:0032958","inositol phosphate biosynthetic process","1/342","19/12706",0.0526315789473684,1.95537088334872,0.693090939154304,0.404761614943643,0.638284388227179,0.552594280568784,"PLEK",1
"GO:0033138","positive regulation of peptidyl-serine phosphorylation","1/342","19/12706",0.0526315789473684,1.95537088334872,0.693090939154304,0.404761614943643,0.638284388227179,0.552594280568784,"RAF1",1
"GO:0034122","negative regulation of toll-like receptor signaling pathway","1/342","19/12706",0.0526315789473684,1.95537088334872,0.693090939154304,0.404761614943643,0.638284388227179,0.552594280568784,"GPS2",1
"GO:0042634","regulation of hair cycle","1/342","19/12706",0.0526315789473684,1.95537088334872,0.693090939154304,0.404761614943643,0.638284388227179,0.552594280568784,"NUMA1",1
"GO:0043011","myeloid dendritic cell differentiation","1/342","19/12706",0.0526315789473684,1.95537088334872,0.693090939154304,0.404761614943643,0.638284388227179,0.552594280568784,"TGFB1",1
"GO:0045542","positive regulation of cholesterol biosynthetic process","1/342","19/12706",0.0526315789473684,1.95537088334872,0.693090939154304,0.404761614943643,0.638284388227179,0.552594280568784,"QKI",1
"GO:0045932","negative regulation of muscle contraction","1/342","19/12706",0.0526315789473684,1.95537088334872,0.693090939154304,0.404761614943643,0.638284388227179,0.552594280568784,"GRK2",1
"GO:0046426","negative regulation of receptor signaling pathway via JAK-STAT","1/342","19/12706",0.0526315789473684,1.95537088334872,0.693090939154304,0.404761614943643,0.638284388227179,0.552594280568784,"HGS",1
"GO:0046697","decidualization","1/342","19/12706",0.0526315789473684,1.95537088334872,0.693090939154304,0.404761614943643,0.638284388227179,0.552594280568784,"JUNB",1
"GO:0050732","negative regulation of peptidyl-tyrosine phosphorylation","1/342","19/12706",0.0526315789473684,1.95537088334872,0.693090939154304,0.404761614943643,0.638284388227179,0.552594280568784,"MVP",1
"GO:0060143","positive regulation of syncytium formation by plasma membrane fusion","1/342","19/12706",0.0526315789473684,1.95537088334872,0.693090939154304,0.404761614943643,0.638284388227179,0.552594280568784,"RIPOR2",1
"GO:0060444","branching involved in mammary gland duct morphogenesis","1/342","19/12706",0.0526315789473684,1.95537088334872,0.693090939154304,0.404761614943643,0.638284388227179,0.552594280568784,"TGFB1",1
"GO:0090201","negative regulation of release of cytochrome c from mitochondria","1/342","19/12706",0.0526315789473684,1.95537088334872,0.693090939154304,0.404761614943643,0.638284388227179,0.552594280568784,"PARL",1
"GO:0090520","sphingolipid mediated signaling pathway","1/342","19/12706",0.0526315789473684,1.95537088334872,0.693090939154304,0.404761614943643,0.638284388227179,0.552594280568784,"CD69",1
"GO:0106120","positive regulation of sterol biosynthetic process","1/342","19/12706",0.0526315789473684,1.95537088334872,0.693090939154304,0.404761614943643,0.638284388227179,0.552594280568784,"QKI",1
"GO:1902236","negative regulation of endoplasmic reticulum stress-induced intrinsic apoptotic signaling pathway","1/342","19/12706",0.0526315789473684,1.95537088334872,0.693090939154304,0.404761614943643,0.638284388227179,0.552594280568784,"HSPA1A",1
"GO:1903376","regulation of oxidative stress-induced neuron intrinsic apoptotic signaling pathway","1/342","19/12706",0.0526315789473684,1.95537088334872,0.693090939154304,0.404761614943643,0.638284388227179,0.552594280568784,"MCL1",1
"GO:1905606","regulation of presynapse assembly","1/342","19/12706",0.0526315789473684,1.95537088334872,0.693090939154304,0.404761614943643,0.638284388227179,0.552594280568784,"EIF4G1",1
"GO:1905709","negative regulation of membrane permeability","1/342","19/12706",0.0526315789473684,1.95537088334872,0.693090939154304,0.404761614943643,0.638284388227179,0.552594280568784,"HSPA1A",1
"GO:2000773","negative regulation of cellular senescence","1/342","19/12706",0.0526315789473684,1.95537088334872,0.693090939154304,0.404761614943643,0.638284388227179,0.552594280568784,"PTEN",1
"GO:0043244","regulation of protein-containing complex disassembly","4/342","120/12706",0.0333333333333333,1.23840155945419,0.43639196013529,0.405050541799971,0.63847519068138,0.552759467665405,"PLEK/TAOK1/ETF1/TBC1D25",4
"GO:0046496","nicotinamide nucleotide metabolic process","5/342","155/12706",0.032258064516129,1.19845312205244,0.413433352785638,0.405356869518306,0.638693252345048,0.55294825440432,"PFKL/OGT/EP300/ZBTB7A/HK3",5
"GO:0010906","regulation of glucose metabolic process","3/342","86/12706",0.0348837209302326,1.29600163198694,0.458072840856488,0.409277026486687,0.643646139194042,0.557236212868509,"OGT/RANBP2/EP300",3
"GO:0022406","membrane docking","3/342","86/12706",0.0348837209302326,1.29600163198694,0.458072840856488,0.409277026486687,0.643646139194042,0.557236212868509,"STXBP2/STX10/PLEK",3
"GO:0034446","substrate adhesion-dependent cell spreading","3/342","86/12706",0.0348837209302326,1.29600163198694,0.458072840856488,0.409277026486687,0.643646139194042,0.557236212868509,"FLNA/CALR/PREX1",3
"GO:0002381","immunoglobulin production involved in immunoglobulin-mediated immune response","2/342","52/12706",0.0384615384615385,1.4289248762933,0.515453960596809,0.410193212853015,0.643646139194042,0.557236212868509,"TGFB1/NFKBIZ",2
"GO:0007566","embryo implantation","2/342","52/12706",0.0384615384615385,1.4289248762933,0.515453960596809,0.410193212853015,0.643646139194042,0.557236212868509,"GRN/CALR",2
"GO:0042310","vasoconstriction","2/342","52/12706",0.0384615384615385,1.4289248762933,0.515453960596809,0.410193212853015,0.643646139194042,0.557236212868509,"P2RX1/ATP2B1",2
"GO:0042987","amyloid precursor protein catabolic process","2/342","52/12706",0.0384615384615385,1.4289248762933,0.515453960596809,0.410193212853015,0.643646139194042,0.557236212868509,"PICALM/SORL1",2
"GO:0043525","positive regulation of neuron apoptotic process","2/342","52/12706",0.0384615384615385,1.4289248762933,0.515453960596809,0.410193212853015,0.643646139194042,0.557236212868509,"MCL1/GRN",2
"GO:0044818","mitotic G2/M transition checkpoint","2/342","52/12706",0.0384615384615385,1.4289248762933,0.515453960596809,0.410193212853015,0.643646139194042,0.557236212868509,"NOP53/TAOK1",2
"GO:1904063","negative regulation of cation transmembrane transport","2/342","52/12706",0.0384615384615385,1.4289248762933,0.515453960596809,0.410193212853015,0.643646139194042,0.557236212868509,"TGFB1/PPP3R1",2
"GO:0007254","JNK cascade","5/342","156/12706",0.032051282051282,1.19077073024441,0.398724633865829,0.410698729507022,0.644173502304331,0.557692777127175,"JUN/GPS2/TAOK1/SIRPA/HIPK2",5
"GO:0003205","cardiac chamber development","4/342","121/12706",0.0330578512396694,1.22816683582234,0.419410679216371,0.411135690927748,0.644592947178268,0.558055911245174,"TGFB1/RARA/CNTRL/HECTD1",4
"GO:0000725","recombinational repair","6/342","192/12706",0.03125,1.1610014619883,0.373855047265971,0.414063491335218,0.646166934991594,0.559418590137799,"SMCHD1/PRKDC/CSNK2A1/ARID2/MCM5/RNF138",6
"GO:0032259","methylation","6/342","192/12706",0.03125,1.1610014619883,0.373855047265971,0.414063491335218,0.646166934991594,0.559418590137799,"FBL/KMT2A/KMT2C/ETF1/EMG1/TRMT5",6
"GO:0045732","positive regulation of protein catabolic process","6/342","192/12706",0.03125,1.1610014619883,0.373855047265971,0.414063491335218,0.646166934991594,0.559418590137799,"EGLN2/HSPA1A/NOP53/CSNK2A1/HECTD1/SORL1",6
"GO:0065004","protein-DNA complex assembly","5/342","157/12706",0.0318471337579618,1.18318620330018,0.384112922092998,0.416033947174553,0.646166934991594,0.559418590137799,"MIS18BP1/SENP6/NFKBIZ/UBTF/NASP",5
"GO:0071478","cellular response to radiation","5/342","157/12706",0.0318471337579618,1.18318620330018,0.384112922092998,0.416033947174553,0.646166934991594,0.559418590137799,"CRIP1/RPL26/TGFB1/CYBA/EP300",5
"GO:0030198","extracellular matrix organization","7/342","228/12706",0.0307017543859649,1.14063301528675,0.356371619663925,0.416132676710533,0.646166934991594,0.559418590137799,"IER3IP1/TGFB1/RUNX1/CTSS/TGFBI/COLGALT1/QSOX1",7
"GO:0043062","extracellular structure organization","7/342","228/12706",0.0307017543859649,1.14063301528675,0.356371619663925,0.416132676710533,0.646166934991594,0.559418590137799,"IER3IP1/TGFB1/RUNX1/CTSS/TGFBI/COLGALT1/QSOX1",7
"GO:0003231","cardiac ventricle development","3/342","87/12706",0.0344827586206897,1.28110506150434,0.437559090683509,0.416507506281724,0.646166934991594,0.559418590137799,"TGFB1/CNTRL/HECTD1",3
"GO:0097696","cell surface receptor signaling pathway via STAT","4/342","122/12706",0.0327868852459016,1.21809989454511,0.402575096443761,0.417207961107822,0.646166934991594,0.559418590137799,"IL10RB/TGFB1/EP300/HGS",4
"GO:0061564","axon development","11/342","372/12706",0.0295698924731183,1.09858202854807,0.320950560101519,0.418554093859399,0.646166934991594,0.559418590137799,"GRN/JUN/MACF1/APLP2/PICALM/MYCBP2/TOP2B/ARHGAP4/USP33/EVL/PTEN",11
"GO:0001656","metanephros development","2/342","53/12706",0.0377358490566038,1.40196402957078,0.48769607631506,0.419584877057394,0.646166934991594,0.559418590137799,"BASP1/CTSH",2
"GO:0030239","myofibril assembly","2/342","53/12706",0.0377358490566038,1.40196402957078,0.48769607631506,0.419584877057394,0.646166934991594,0.559418590137799,"AKAP13/PLEC",2
"GO:0030490","maturation of SSU-rRNA","2/342","53/12706",0.0377358490566038,1.40196402957078,0.48769607631506,0.419584877057394,0.646166934991594,0.559418590137799,"RPS16/WDR43",2
"GO:0032387","negative regulation of intracellular transport","2/342","53/12706",0.0377358490566038,1.40196402957078,0.48769607631506,0.419584877057394,0.646166934991594,0.559418590137799,"RANBP2/NFKBIA",2
"GO:0032757","positive regulation of interleukin-8 production","2/342","53/12706",0.0377358490566038,1.40196402957078,0.48769607631506,0.419584877057394,0.646166934991594,0.559418590137799,"SYK/HSPA1A",2
"GO:0048844","artery morphogenesis","2/342","53/12706",0.0377358490566038,1.40196402957078,0.48769607631506,0.419584877057394,0.646166934991594,0.559418590137799,"NFATC3/ARID2",2
"GO:0050435","amyloid-beta metabolic process","2/342","53/12706",0.0377358490566038,1.40196402957078,0.48769607631506,0.419584877057394,0.646166934991594,0.559418590137799,"PICALM/SORL1",2
"GO:0051289","protein homotetramerization","2/342","53/12706",0.0377358490566038,1.40196402957078,0.48769607631506,0.419584877057394,0.646166934991594,0.559418590137799,"SOD2/EVL",2
"GO:0051445","regulation of meiotic cell cycle","2/342","53/12706",0.0377358490566038,1.40196402957078,0.48769607631506,0.419584877057394,0.646166934991594,0.559418590137799,"DUSP1/CALR",2
"GO:0070231","T cell apoptotic process","2/342","53/12706",0.0377358490566038,1.40196402957078,0.48769607631506,0.419584877057394,0.646166934991594,0.559418590137799,"DOCK8/TSC22D3",2
"GO:0071470","cellular response to osmotic stress","2/342","53/12706",0.0377358490566038,1.40196402957078,0.48769607631506,0.419584877057394,0.646166934991594,0.559418590137799,"DDX3X/NINJ1",2
"GO:0060485","mesenchyme development","7/342","229/12706",0.0305676855895196,1.135652085089,0.344516492292498,0.420547706758241,0.646166934991594,0.559418590137799,"SDHAF2/DDX17/TGFB1/BASP1/PPP3R1/QKI/PTEN",7
"GO:0000027","ribosomal large subunit assembly","1/342","20/12706",0.05,1.85760233918129,0.638350923118017,0.420807293803048,0.646166934991594,0.559418590137799,"NOP53",1
"GO:0003401","axis elongation","1/342","20/12706",0.05,1.85760233918129,0.638350923118017,0.420807293803048,0.646166934991594,0.559418590137799,"TGFB1",1
"GO:0007602","phototransduction","1/342","20/12706",0.05,1.85760233918129,0.638350923118017,0.420807293803048,0.646166934991594,0.559418590137799,"GNAQ",1
"GO:0007617","mating behavior","1/342","20/12706",0.05,1.85760233918129,0.638350923118017,0.420807293803048,0.646166934991594,0.559418590137799,"P2RX1",1
"GO:0008090","retrograde axonal transport","1/342","20/12706",0.05,1.85760233918129,0.638350923118017,0.420807293803048,0.646166934991594,0.559418590137799,"DYNC1H1",1
"GO:0009129","pyrimidine nucleoside monophosphate metabolic process","1/342","20/12706",0.05,1.85760233918129,0.638350923118017,0.420807293803048,0.646166934991594,0.559418590137799,"TYMP",1
"GO:0030808","regulation of nucleotide biosynthetic process","1/342","20/12706",0.05,1.85760233918129,0.638350923118017,0.420807293803048,0.646166934991594,0.559418590137799,"NDUFC2",1
"GO:0031128","developmental induction","1/342","20/12706",0.05,1.85760233918129,0.638350923118017,0.420807293803048,0.646166934991594,0.559418590137799,"HIPK2",1
"GO:0035455","response to interferon-alpha","1/342","20/12706",0.05,1.85760233918129,0.638350923118017,0.420807293803048,0.646166934991594,0.559418590137799,"ADAR",1
"GO:0042659","regulation of cell fate specification","1/342","20/12706",0.05,1.85760233918129,0.638350923118017,0.420807293803048,0.646166934991594,0.559418590137799,"CHD3",1
"GO:0045606","positive regulation of epidermal cell differentiation","1/342","20/12706",0.05,1.85760233918129,0.638350923118017,0.420807293803048,0.646166934991594,0.559418590137799,"NUMA1",1
"GO:0046596","regulation of viral entry into host cell","1/342","20/12706",0.05,1.85760233918129,0.638350923118017,0.420807293803048,0.646166934991594,0.559418590137799,"CD4",1
"GO:0048143","astrocyte activation","1/342","20/12706",0.05,1.85760233918129,0.638350923118017,0.420807293803048,0.646166934991594,0.559418590137799,"GRN",1
"GO:0050849","negative regulation of calcium-mediated signaling","1/342","20/12706",0.05,1.85760233918129,0.638350923118017,0.420807293803048,0.646166934991594,0.559418590137799,"PLEK",1
"GO:0050996","positive regulation of lipid catabolic process","1/342","20/12706",0.05,1.85760233918129,0.638350923118017,0.420807293803048,0.646166934991594,0.559418590137799,"APOC2",1
"GO:0060339","negative regulation of type I interferon-mediated signaling pathway","1/342","20/12706",0.05,1.85760233918129,0.638350923118017,0.420807293803048,0.646166934991594,0.559418590137799,"ADAR",1
"GO:0070861","regulation of protein exit from endoplasmic reticulum","1/342","20/12706",0.05,1.85760233918129,0.638350923118017,0.420807293803048,0.646166934991594,0.559418590137799,"SORL1",1
"GO:0071474","cellular hyperosmotic response","1/342","20/12706",0.05,1.85760233918129,0.638350923118017,0.420807293803048,0.646166934991594,0.559418590137799,"NINJ1",1
"GO:0071800","podosome assembly","1/342","20/12706",0.05,1.85760233918129,0.638350923118017,0.420807293803048,0.646166934991594,0.559418590137799,"HCK",1
"GO:0071875","adrenergic receptor signaling pathway","1/342","20/12706",0.05,1.85760233918129,0.638350923118017,0.420807293803048,0.646166934991594,0.559418590137799,"AKAP13",1
"GO:0090128","regulation of synapse maturation","1/342","20/12706",0.05,1.85760233918129,0.638350923118017,0.420807293803048,0.646166934991594,0.559418590137799,"SNX27",1
"GO:0099174","regulation of presynapse organization","1/342","20/12706",0.05,1.85760233918129,0.638350923118017,0.420807293803048,0.646166934991594,0.559418590137799,"EIF4G1",1
"GO:1900371","regulation of purine nucleotide biosynthetic process","1/342","20/12706",0.05,1.85760233918129,0.638350923118017,0.420807293803048,0.646166934991594,0.559418590137799,"NDUFC2",1
"GO:1901381","positive regulation of potassium ion transmembrane transport","1/342","20/12706",0.05,1.85760233918129,0.638350923118017,0.420807293803048,0.646166934991594,0.559418590137799,"FLNA",1
"GO:1904996","positive regulation of leukocyte adhesion to vascular endothelial cell","1/342","20/12706",0.05,1.85760233918129,0.638350923118017,0.420807293803048,0.646166934991594,0.559418590137799,"ITGB2",1
"GO:2000353","positive regulation of endothelial cell apoptotic process","1/342","20/12706",0.05,1.85760233918129,0.638350923118017,0.420807293803048,0.646166934991594,0.559418590137799,"TGFB1",1
"GO:2000810","regulation of bicellular tight junction assembly","1/342","20/12706",0.05,1.85760233918129,0.638350923118017,0.420807293803048,0.646166934991594,0.559418590137799,"RPS6",1
"GO:2001044","regulation of integrin-mediated signaling pathway","1/342","20/12706",0.05,1.85760233918129,0.638350923118017,0.420807293803048,0.646166934991594,0.559418590137799,"FLNA",1
"GO:2001135","regulation of endocytic recycling","1/342","20/12706",0.05,1.85760233918129,0.638350923118017,0.420807293803048,0.646166934991594,0.559418590137799,"SORL1",1
"GO:0006368","transcription elongation by RNA polymerase II","4/342","123/12706",0.032520325203252,1.20819664336994,0.385882488269831,0.423266103844945,0.648894244684872,0.561779756673661,"POLR2A/IWS1/WDR43/WDR82",4
"GO:0006493","protein O-linked glycosylation","4/342","123/12706",0.032520325203252,1.20819664336994,0.385882488269831,0.423266103844945,0.648894244684872,0.561779756673661,"GALNT6/OGT/HS6ST1/COLGALT1",4
"GO:0046328","regulation of JNK cascade","4/342","123/12706",0.032520325203252,1.20819664336994,0.385882488269831,0.423266103844945,0.648894244684872,0.561779756673661,"GPS2/TAOK1/SIRPA/HIPK2",4
"GO:1903052","positive regulation of proteolysis involved in protein catabolic process","4/342","123/12706",0.032520325203252,1.20819664336994,0.385882488269831,0.423266103844945,0.648894244684872,0.561779756673661,"HSPA1A/NOP53/HECTD1/PTEN",4
"GO:0030968","endoplasmic reticulum unfolded protein response","3/342","88/12706",0.0340909090909091,1.26654704944179,0.417292753953029,0.423709303192848,0.649050270241421,0.561914835694489,"TMBIM4/PPP1R15A/HSPA1A",3
"GO:0120162","positive regulation of cold-induced thermogenesis","3/342","88/12706",0.0340909090909091,1.26654704944179,0.417292753953029,0.423709303192848,0.649050270241421,0.561914835694489,"SYK/DYNC1H1/OGT",3
"GO:0045229","external encapsulating structure organization","7/342","230/12706",0.0304347826086957,1.13071446732774,0.332713775052462,0.424959796489694,0.650703643275802,0.563346242288943,"IER3IP1/TGFB1/RUNX1/CTSS/TGFBI/COLGALT1/QSOX1",7
"GO:0003281","ventricular septum development","2/342","54/12706",0.037037037037037,1.37600173272688,0.460498292400957,0.428899932701649,0.654627677290915,0.566743472102963,"CNTRL/HECTD1",2
"GO:0032613","interleukin-10 production","2/342","54/12706",0.037037037037037,1.37600173272688,0.460498292400957,0.428899932701649,0.654627677290915,0.566743472102963,"SYK/PRG2",2
"GO:0032653","regulation of interleukin-10 production","2/342","54/12706",0.037037037037037,1.37600173272688,0.460498292400957,0.428899932701649,0.654627677290915,0.566743472102963,"SYK/PRG2",2
"GO:0033047","regulation of mitotic sister chromatid segregation","2/342","54/12706",0.037037037037037,1.37600173272688,0.460498292400957,0.428899932701649,0.654627677290915,0.566743472102963,"DUSP1/NUMA1",2
"GO:0043113","receptor clustering","2/342","54/12706",0.037037037037037,1.37600173272688,0.460498292400957,0.428899932701649,0.654627677290915,0.566743472102963,"FLNA/ITGB2",2
"GO:0045600","positive regulation of fat cell differentiation","2/342","54/12706",0.037037037037037,1.37600173272688,0.460498292400957,0.428899932701649,0.654627677290915,0.566743472102963,"PIM1/ZFP36",2
"GO:1903036","positive regulation of response to wounding","2/342","54/12706",0.037037037037037,1.37600173272688,0.460498292400957,0.428899932701649,0.654627677290915,0.566743472102963,"GRN/ARFGEF1",2
"GO:1904356","regulation of telomere maintenance via telomere lengthening","2/342","54/12706",0.037037037037037,1.37600173272688,0.460498292400957,0.428899932701649,0.654627677290915,0.566743472102963,"HNRNPA1/HNRNPD",2
"GO:0000018","regulation of DNA recombination","4/342","124/12706",0.032258064516129,1.19845312205244,0.369330205157079,0.429308900217947,0.654726208836195,0.566828775722136,"TGFB1/SMCHD1/CSNK2A1/ARID2",4
"GO:0002702","positive regulation of production of molecular mediator of immune response","4/342","124/12706",0.032258064516129,1.19845312205244,0.369330205157079,0.429308900217947,0.654726208836195,0.566828775722136,"IL2RG/HLA-A/SYK/TGFB1",4
"GO:0007044","cell-substrate junction assembly","3/342","89/12706",0.0337078651685393,1.25231618371772,0.397267418839759,0.430880597851189,0.65480472300185,0.566896749308338,"MACF1/PLEC/PTEN",3
"GO:0061025","membrane fusion","5/342","160/12706",0.03125,1.1610014619883,0.340845887968867,0.431990858030649,0.65480472300185,0.566896749308338,"RAB4B/STX10/GOSR2/HUWE1/RABEP1",5
"GO:0045786","negative regulation of cell cycle","10/342","340/12706",0.0294117647058824,1.09270725834193,0.288177098732427,0.433040537730268,0.65480472300185,0.566896749308338,"DUSP1/TGFB1/PRKDC/NOP53/DGKZ/TAOK1/CSNK2A1/IPO7/BAZ1B/PTEN",10
"GO:0022411","cellular component disassembly","12/342","413/12706",0.0290556900726392,1.07947835690922,0.27309632421078,0.434989322558112,0.65480472300185,0.566896749308338,"TGFB1/CLTC/ARID1A/PLEK/TAOK1/DCTN1/ETF1/TBC1D25/CTSS/ITGAM/HMGA1/ARID2",12
"GO:0031214","biomineral tissue development","4/342","125/12706",0.032,1.18886549707602,0.352915668969124,0.435335160906566,0.65480472300185,0.566896749308338,"TGFB1/FGR/ATP2B1/SRGN",4
"GO:0045664","regulation of neuron differentiation","4/342","125/12706",0.032,1.18886549707602,0.352915668969124,0.435335160906566,0.65480472300185,0.566896749308338,"CPNE1/RARA/CALR/EIF4G1",4
"GO:0051963","regulation of synapse assembly","4/342","125/12706",0.032,1.18886549707602,0.352915668969124,0.435335160906566,0.65480472300185,0.566896749308338,"MYCBP2/OGT/ARHGAP4/EIF4G1",4
"GO:0000303","response to superoxide","1/342","21/12706",0.0476190476190476,1.76914508493456,0.586669580640581,0.436421664409966,0.65480472300185,0.566896749308338,"SOD2",1
"GO:0001709","cell fate determination","1/342","21/12706",0.0476190476190476,1.76914508493456,0.586669580640581,0.436421664409966,0.65480472300185,0.566896749308338,"MCL1",1
"GO:0001975","response to amphetamine","1/342","21/12706",0.0476190476190476,1.76914508493456,0.586669580640581,0.436421664409966,0.65480472300185,0.566896749308338,"RANBP2",1
"GO:0002067","glandular epithelial cell differentiation","1/342","21/12706",0.0476190476190476,1.76914508493456,0.586669580640581,0.436421664409966,0.65480472300185,0.566896749308338,"RARA",1
"GO:0003094","glomerular filtration","1/342","21/12706",0.0476190476190476,1.76914508493456,0.586669580640581,0.436421664409966,0.65480472300185,0.566896749308338,"CYBA",1
"GO:0006607","NLS-bearing protein import into nucleus","1/342","21/12706",0.0476190476190476,1.76914508493456,0.586669580640581,0.436421664409966,0.65480472300185,0.566896749308338,"RANBP2",1
"GO:0010224","response to UV-B","1/342","21/12706",0.0476190476190476,1.76914508493456,0.586669580640581,0.436421664409966,0.65480472300185,0.566896749308338,"CRIP1",1
"GO:0014912","negative regulation of smooth muscle cell migration","1/342","21/12706",0.0476190476190476,1.76914508493456,0.586669580640581,0.436421664409966,0.65480472300185,0.566896749308338,"AIF1",1
"GO:0034368","protein-lipid complex remodeling","1/342","21/12706",0.0476190476190476,1.76914508493456,0.586669580640581,0.436421664409966,0.65480472300185,0.566896749308338,"APOC2",1
"GO:0034369","plasma lipoprotein particle remodeling","1/342","21/12706",0.0476190476190476,1.76914508493456,0.586669580640581,0.436421664409966,0.65480472300185,0.566896749308338,"APOC2",1
"GO:0034505","tooth mineralization","1/342","21/12706",0.0476190476190476,1.76914508493456,0.586669580640581,0.436421664409966,0.65480472300185,0.566896749308338,"TGFB1",1
"GO:0035313","wound healing, spreading of epidermal cells","1/342","21/12706",0.0476190476190476,1.76914508493456,0.586669580640581,0.436421664409966,0.65480472300185,0.566896749308338,"PTEN",1
"GO:0036480","neuron intrinsic apoptotic signaling pathway in response to oxidative stress","1/342","21/12706",0.0476190476190476,1.76914508493456,0.586669580640581,0.436421664409966,0.65480472300185,0.566896749308338,"MCL1",1
"GO:0042790","nucleolar large rRNA transcription by RNA polymerase I","1/342","21/12706",0.0476190476190476,1.76914508493456,0.586669580640581,0.436421664409966,0.65480472300185,0.566896749308338,"NOP53",1
"GO:0043153","entrainment of circadian clock by photoperiod","1/342","21/12706",0.0476190476190476,1.76914508493456,0.586669580640581,0.436421664409966,0.65480472300185,0.566896749308338,"RBM4",1
"GO:0048011","neurotrophin TRK receptor signaling pathway","1/342","21/12706",0.0476190476190476,1.76914508493456,0.586669580640581,0.436421664409966,0.65480472300185,0.566896749308338,"RAF1",1
"GO:0050995","negative regulation of lipid catabolic process","1/342","21/12706",0.0476190476190476,1.76914508493456,0.586669580640581,0.436421664409966,0.65480472300185,0.566896749308338,"SORL1",1
"GO:0051131","chaperone-mediated protein complex assembly","1/342","21/12706",0.0476190476190476,1.76914508493456,0.586669580640581,0.436421664409966,0.65480472300185,0.566896749308338,"HSPA1A",1
"GO:0051383","kinetochore organization","1/342","21/12706",0.0476190476190476,1.76914508493456,0.586669580640581,0.436421664409966,0.65480472300185,0.566896749308338,"SENP6",1
"GO:0060914","heart formation","1/342","21/12706",0.0476190476190476,1.76914508493456,0.586669580640581,0.436421664409966,0.65480472300185,0.566896749308338,"PIM1",1
"GO:0061097","regulation of protein tyrosine kinase activity","1/342","21/12706",0.0476190476190476,1.76914508493456,0.586669580640581,0.436421664409966,0.65480472300185,0.566896749308338,"MVP",1
"GO:0061318","renal filtration cell differentiation","1/342","21/12706",0.0476190476190476,1.76914508493456,0.586669580640581,0.436421664409966,0.65480472300185,0.566896749308338,"BASP1",1
"GO:0071624","positive regulation of granulocyte chemotaxis","1/342","21/12706",0.0476190476190476,1.76914508493456,0.586669580640581,0.436421664409966,0.65480472300185,0.566896749308338,"RIPOR2",1
"GO:0072112","podocyte differentiation","1/342","21/12706",0.0476190476190476,1.76914508493456,0.586669580640581,0.436421664409966,0.65480472300185,0.566896749308338,"BASP1",1
"GO:0072529","pyrimidine-containing compound catabolic process","1/342","21/12706",0.0476190476190476,1.76914508493456,0.586669580640581,0.436421664409966,0.65480472300185,0.566896749308338,"TYMP",1
"GO:0090023","positive regulation of neutrophil chemotaxis","1/342","21/12706",0.0476190476190476,1.76914508493456,0.586669580640581,0.436421664409966,0.65480472300185,0.566896749308338,"RIPOR2",1
"GO:0090266","regulation of mitotic cell cycle spindle assembly checkpoint","1/342","21/12706",0.0476190476190476,1.76914508493456,0.586669580640581,0.436421664409966,0.65480472300185,0.566896749308338,"DUSP1",1
"GO:0097107","postsynaptic density assembly","1/342","21/12706",0.0476190476190476,1.76914508493456,0.586669580640581,0.436421664409966,0.65480472300185,0.566896749308338,"PTEN",1
"GO:0098761","cellular response to interleukin-7","1/342","21/12706",0.0476190476190476,1.76914508493456,0.586669580640581,0.436421664409966,0.65480472300185,0.566896749308338,"IL2RG",1
"GO:1900102","negative regulation of endoplasmic reticulum unfolded protein response","1/342","21/12706",0.0476190476190476,1.76914508493456,0.586669580640581,0.436421664409966,0.65480472300185,0.566896749308338,"PPP1R15A",1
"GO:1902455","negative regulation of stem cell population maintenance","1/342","21/12706",0.0476190476190476,1.76914508493456,0.586669580640581,0.436421664409966,0.65480472300185,0.566896749308338,"OGT",1
"GO:1902570","protein localization to nucleolus","1/342","21/12706",0.0476190476190476,1.76914508493456,0.586669580640581,0.436421664409966,0.65480472300185,0.566896749308338,"NOP53",1
"GO:1902993","positive regulation of amyloid precursor protein catabolic process","1/342","21/12706",0.0476190476190476,1.76914508493456,0.586669580640581,0.436421664409966,0.65480472300185,0.566896749308338,"PICALM",1
"GO:1903504","regulation of mitotic spindle checkpoint","1/342","21/12706",0.0476190476190476,1.76914508493456,0.586669580640581,0.436421664409966,0.65480472300185,0.566896749308338,"DUSP1",1
"GO:0072524","pyridine-containing compound metabolic process","5/342","161/12706",0.031055900621118,1.15379027278341,0.32660840892425,0.437290695054731,0.655621634299052,0.567603989715423,"PFKL/OGT/EP300/ZBTB7A/HK3",5
"GO:0003151","outflow tract morphogenesis","2/342","55/12706",0.0363636363636364,1.35098351940457,0.433836942635619,0.438135695434325,0.655621634299052,0.567603989715423,"JUN/RARA",2
"GO:0008631","intrinsic apoptotic signaling pathway in response to oxidative stress","2/342","55/12706",0.0363636363636364,1.35098351940457,0.433836942635619,0.438135695434325,0.655621634299052,0.567603989715423,"MCL1/SOD2",2
"GO:0035773","insulin secretion involved in cellular response to glucose stimulus","2/342","55/12706",0.0363636363636364,1.35098351940457,0.433836942635619,0.438135695434325,0.655621634299052,0.567603989715423,"RBM4/RAF1",2
"GO:0050829","defense response to Gram-negative bacterium","2/342","55/12706",0.0363636363636364,1.35098351940457,0.433836942635619,0.438135695434325,0.655621634299052,0.567603989715423,"CD4/NFKBIZ",2
"GO:0061053","somite development","2/342","55/12706",0.0363636363636364,1.35098351940457,0.433836942635619,0.438135695434325,0.655621634299052,0.567603989715423,"PRKDC/EP300",2
"GO:0050807","regulation of synapse organization","7/342","233/12706",0.0300429184549356,1.11615591195442,0.297614925690076,0.438173217452365,0.655621634299052,0.567603989715423,"CTTNBP2/MYCBP2/OGT/ARHGAP4/EIF4G1/DCTN1/SNX27",7
"GO:0034762","regulation of transmembrane transport","9/342","306/12706",0.0294117647058824,1.09270725834193,0.273013735944539,0.441215697327012,0.659846184419692,0.571261391146039,"SEPTIN2/CD4/P2RX1/TGFB1/FLNA/PPP3R1/CYBA/PIM1/CTSS",9
"GO:1905952","regulation of lipid localization","4/342","126/12706",0.0317460317460317,1.17943005662304,0.336636370474117,0.441343726191288,0.659846184419692,0.571261391146039,"SYK/GPS2/NFKBIA/APOC2",4
"GO:0000423","mitophagy","3/342","91/12706",0.032967032967033,1.22479275110854,0.357915297428331,0.445124739450537,0.660231435319201,0.571594921853634,"PARL/HUWE1/OGT",3
"GO:0032963","collagen metabolic process","3/342","91/12706",0.032967032967033,1.22479275110854,0.357915297428331,0.445124739450537,0.660231435319201,0.571594921853634,"TGFB1/RUNX1/CTSS",3
"GO:1903829","positive regulation of protein localization","11/342","380/12706",0.0289473684210526,1.0754539858418,0.248361224491119,0.44625498298726,0.660231435319201,0.571594921853634,"IER3IP1/CCDC88A/TGFB1/TARDBP/FLNA/UBR5/EIF4G1/NUMA1/EP300/IPO7/SORL1",11
"GO:0002823","negative regulation of adaptive immune response based on somatic recombination of immune receptors built from immunoglobulin superfamily domains","2/342","56/12706",0.0357142857142857,1.32685881370092,0.407689794795569,0.44728967993139,0.660231435319201,0.571594921853634,"SPN/CD69",2
"GO:0031297","replication fork processing","2/342","56/12706",0.0357142857142857,1.32685881370092,0.407689794795569,0.44728967993139,0.660231435319201,0.571594921853634,"PRKDC/BOD1L1",2
"GO:0032890","regulation of organic acid transport","2/342","56/12706",0.0357142857142857,1.32685881370092,0.407689794795569,0.44728967993139,0.660231435319201,0.571594921853634,"SEPTIN2/SYK",2
"GO:0034394","protein localization to cell surface","2/342","56/12706",0.0357142857142857,1.32685881370092,0.407689794795569,0.44728967993139,0.660231435319201,0.571594921853634,"PICALM/FLNA",2
"GO:0034766","negative regulation of monoatomic ion transmembrane transport","2/342","56/12706",0.0357142857142857,1.32685881370092,0.407689794795569,0.44728967993139,0.660231435319201,0.571594921853634,"TGFB1/PPP3R1",2
"GO:0043405","regulation of MAP kinase activity","2/342","56/12706",0.0357142857142857,1.32685881370092,0.407689794795569,0.44728967993139,0.660231435319201,0.571594921853634,"DUSP1/HGS",2
"GO:0046847","filopodium assembly","2/342","56/12706",0.0357142857142857,1.32685881370092,0.407689794795569,0.44728967993139,0.660231435319201,0.571594921853634,"ARAP1/RIPOR2",2
"GO:0051898","negative regulation of phosphatidylinositol 3-kinase/protein kinase B signal transduction","2/342","56/12706",0.0357142857142857,1.32685881370092,0.407689794795569,0.44728967993139,0.660231435319201,0.571594921853634,"NOP53/PTEN",2
"GO:0061045","negative regulation of wound healing","2/342","56/12706",0.0357142857142857,1.32685881370092,0.407689794795569,0.44728967993139,0.660231435319201,0.571594921853634,"PLAUR/PTEN",2
"GO:0072091","regulation of stem cell proliferation","2/342","56/12706",0.0357142857142857,1.32685881370092,0.407689794795569,0.44728967993139,0.660231435319201,0.571594921853634,"TGFB1/PIM1",2
"GO:0120193","tight junction organization","2/342","56/12706",0.0357142857142857,1.32685881370092,0.407689794795569,0.44728967993139,0.660231435319201,0.571594921853634,"RPS6/PLEC",2
"GO:0032479","regulation of type I interferon production","4/342","127/12706",0.031496062992126,1.17014320578349,0.320489866954877,0.447333465927327,0.660231435319201,0.571594921853634,"SYK/DDX3X/SIRPA/QKI",4
"GO:0032606","type I interferon production","4/342","127/12706",0.031496062992126,1.17014320578349,0.320489866954877,0.447333465927327,0.660231435319201,0.571594921853634,"SYK/DDX3X/SIRPA/QKI",4
"GO:0002706","regulation of lymphocyte mediated immunity","5/342","163/12706",0.0306748466257669,1.13963333692103,0.298402939798309,0.447856638281008,0.660231435319201,0.571594921853634,"HLA-DRA/HLA-B/HLA-A/SPN/TGFB1",5
"GO:1901988","negative regulation of cell cycle phase transition","7/342","236/12706",0.0296610169491525,1.10196748934483,0.26296950595684,0.451341679789828,0.660231435319201,0.571594921853634,"DUSP1/PRKDC/NOP53/DGKZ/TAOK1/CSNK2A1/PTEN",7
"GO:0000305","response to oxygen radical","1/342","22/12706",0.0454545454545455,1.68872939925572,0.537715722309064,0.451616287253623,0.660231435319201,0.571594921853634,"SOD2",1
"GO:0001832","blastocyst growth","1/342","22/12706",0.0454545454545455,1.68872939925572,0.537715722309064,0.451616287253623,0.660231435319201,0.571594921853634,"GRN",1
"GO:0001919","regulation of receptor recycling","1/342","22/12706",0.0454545454545455,1.68872939925572,0.537715722309064,0.451616287253623,0.660231435319201,0.571594921853634,"ARAP1",1
"GO:0002092","positive regulation of receptor internalization","1/342","22/12706",0.0454545454545455,1.68872939925572,0.537715722309064,0.451616287253623,0.660231435319201,0.571594921853634,"SYK",1
"GO:0002115","store-operated calcium entry","1/342","22/12706",0.0454545454545455,1.68872939925572,0.537715722309064,0.451616287253623,0.660231435319201,0.571594921853634,"CD84",1
"GO:0003071","renal system process involved in regulation of systemic arterial blood pressure","1/342","22/12706",0.0454545454545455,1.68872939925572,0.537715722309064,0.451616287253623,0.660231435319201,0.571594921853634,"CYBA",1
"GO:0006730","one-carbon metabolic process","1/342","22/12706",0.0454545454545455,1.68872939925572,0.537715722309064,0.451616287253623,0.660231435319201,0.571594921853634,"MAT2A",1
"GO:0009147","pyrimidine nucleoside triphosphate metabolic process","1/342","22/12706",0.0454545454545455,1.68872939925572,0.537715722309064,0.451616287253623,0.660231435319201,0.571594921853634,"NME4",1
"GO:0009220","pyrimidine ribonucleotide biosynthetic process","1/342","22/12706",0.0454545454545455,1.68872939925572,0.537715722309064,0.451616287253623,0.660231435319201,0.571594921853634,"NME4",1
"GO:0010818","T cell chemotaxis","1/342","22/12706",0.0454545454545455,1.68872939925572,0.537715722309064,0.451616287253623,0.660231435319201,0.571594921853634,"PLEC",1
"GO:0032211","negative regulation of telomere maintenance via telomerase","1/342","22/12706",0.0454545454545455,1.68872939925572,0.537715722309064,0.451616287253623,0.660231435319201,0.571594921853634,"HNRNPA1",1
"GO:0032495","response to muramyl dipeptide","1/342","22/12706",0.0454545454545455,1.68872939925572,0.537715722309064,0.451616287253623,0.660231435319201,0.571594921853634,"NFKBIA",1
"GO:0032682","negative regulation of chemokine production","1/342","22/12706",0.0454545454545455,1.68872939925572,0.537715722309064,0.451616287253623,0.660231435319201,0.571594921853634,"SIRPA",1
"GO:0032703","negative regulation of interleukin-2 production","1/342","22/12706",0.0454545454545455,1.68872939925572,0.537715722309064,0.451616287253623,0.660231435319201,0.571594921853634,"ZFP36",1
"GO:0032740","positive regulation of interleukin-17 production","1/342","22/12706",0.0454545454545455,1.68872939925572,0.537715722309064,0.451616287253623,0.660231435319201,0.571594921853634,"TGFB1",1
"GO:0035024","negative regulation of Rho protein signal transduction","1/342","22/12706",0.0454545454545455,1.68872939925572,0.537715722309064,0.451616287253623,0.660231435319201,0.571594921853634,"RIPOR2",1
"GO:0038203","TORC2 signaling","1/342","22/12706",0.0454545454545455,1.68872939925572,0.537715722309064,0.451616287253623,0.660231435319201,0.571594921853634,"EP300",1
"GO:0043032","positive regulation of macrophage activation","1/342","22/12706",0.0454545454545455,1.68872939925572,0.537715722309064,0.451616287253623,0.660231435319201,0.571594921853634,"JUND",1
"GO:0044342","type B pancreatic cell proliferation","1/342","22/12706",0.0454545454545455,1.68872939925572,0.537715722309064,0.451616287253623,0.660231435319201,0.571594921853634,"RAF1",1
"GO:0045777","positive regulation of blood pressure","1/342","22/12706",0.0454545454545455,1.68872939925572,0.537715722309064,0.451616287253623,0.660231435319201,0.571594921853634,"CYBA",1
"GO:0046339","diacylglycerol metabolic process","1/342","22/12706",0.0454545454545455,1.68872939925572,0.537715722309064,0.451616287253623,0.660231435319201,0.571594921853634,"DGKZ",1
"GO:0046716","muscle cell cellular homeostasis","1/342","22/12706",0.0454545454545455,1.68872939925572,0.537715722309064,0.451616287253623,0.660231435319201,0.571594921853634,"TGFB1",1
"GO:0046835","carbohydrate phosphorylation","1/342","22/12706",0.0454545454545455,1.68872939925572,0.537715722309064,0.451616287253623,0.660231435319201,0.571594921853634,"HK3",1
"GO:0048710","regulation of astrocyte differentiation","1/342","22/12706",0.0454545454545455,1.68872939925572,0.537715722309064,0.451616287253623,0.660231435319201,0.571594921853634,"QKI",1
"GO:0050433","regulation of catecholamine secretion","1/342","22/12706",0.0454545454545455,1.68872939925572,0.537715722309064,0.451616287253623,0.660231435319201,0.571594921853634,"GRK2",1
"GO:0060441","epithelial tube branching involved in lung morphogenesis","1/342","22/12706",0.0454545454545455,1.68872939925572,0.537715722309064,0.451616287253623,0.660231435319201,0.571594921853634,"CTSH",1
"GO:0071379","cellular response to prostaglandin stimulus","1/342","22/12706",0.0454545454545455,1.68872939925572,0.537715722309064,0.451616287253623,0.660231435319201,0.571594921853634,"GNB1",1
"GO:0072311","glomerular epithelial cell differentiation","1/342","22/12706",0.0454545454545455,1.68872939925572,0.537715722309064,0.451616287253623,0.660231435319201,0.571594921853634,"BASP1",1
"GO:0086019","cell-cell signaling involved in cardiac conduction","1/342","22/12706",0.0454545454545455,1.68872939925572,0.537715722309064,0.451616287253623,0.660231435319201,0.571594921853634,"FLNA",1
"GO:0090200","positive regulation of release of cytochrome c from mitochondria","1/342","22/12706",0.0454545454545455,1.68872939925572,0.537715722309064,0.451616287253623,0.660231435319201,0.571594921853634,"PLAUR",1
"GO:0090231","regulation of spindle checkpoint","1/342","22/12706",0.0454545454545455,1.68872939925572,0.537715722309064,0.451616287253623,0.660231435319201,0.571594921853634,"DUSP1",1
"GO:0098760","response to interleukin-7","1/342","22/12706",0.0454545454545455,1.68872939925572,0.537715722309064,0.451616287253623,0.660231435319201,0.571594921853634,"IL2RG",1
"GO:0110110","positive regulation of animal organ morphogenesis","1/342","22/12706",0.0454545454545455,1.68872939925572,0.537715722309064,0.451616287253623,0.660231435319201,0.571594921853634,"TGFB1",1
"GO:1901028","regulation of mitochondrial outer membrane permeabilization involved in apoptotic signaling pathway","1/342","22/12706",0.0454545454545455,1.68872939925572,0.537715722309064,0.451616287253623,0.660231435319201,0.571594921853634,"HSPA1A",1
"GO:1902275","regulation of chromatin organization","1/342","22/12706",0.0454545454545455,1.68872939925572,0.537715722309064,0.451616287253623,0.660231435319201,0.571594921853634,"KMT2A",1
"GO:1904893","negative regulation of receptor signaling pathway via STAT","1/342","22/12706",0.0454545454545455,1.68872939925572,0.537715722309064,0.451616287253623,0.660231435319201,0.571594921853634,"HGS",1
"GO:2000050","regulation of non-canonical Wnt signaling pathway","1/342","22/12706",0.0454545454545455,1.68872939925572,0.537715722309064,0.451616287253623,0.660231435319201,0.571594921853634,"RNF213",1
"GO:2000786","positive regulation of autophagosome assembly","1/342","22/12706",0.0454545454545455,1.68872939925572,0.537715722309064,0.451616287253623,0.660231435319201,0.571594921853634,"USP33",1
"GO:0030278","regulation of ossification","3/342","92/12706",0.0326086956521739,1.21147978642258,0.338576844427085,0.452194281318043,0.660231435319201,0.571594921853634,"TGFB1/ATP2B1/SRGN",3
"GO:0030282","bone mineralization","3/342","92/12706",0.0326086956521739,1.21147978642258,0.338576844427085,0.452194281318043,0.660231435319201,0.571594921853634,"FGR/ATP2B1/SRGN",3
"GO:0030301","cholesterol transport","3/342","92/12706",0.0326086956521739,1.21147978642258,0.338576844427085,0.452194281318043,0.660231435319201,0.571594921853634,"GPS2/NFKBIA/APOC2",3
"GO:0098773","skin epidermis development","3/342","92/12706",0.0326086956521739,1.21147978642258,0.338576844427085,0.452194281318043,0.660231435319201,0.571594921853634,"NFKBIZ/PLEC/NUMA1",3
"GO:2001251","negative regulation of chromosome organization","3/342","92/12706",0.0326086956521739,1.21147978642258,0.338576844427085,0.452194281318043,0.660231435319201,0.571594921853634,"DUSP1/HNRNPA1/BAZ1B",3
"GO:0006367","transcription initiation at RNA polymerase II promoter","5/342","164/12706",0.0304878048780488,1.13268435315932,0.284432440006581,0.453121122687101,0.661330713418948,0.572546621130444,"ARID1A/MAZ/KMT2A/EP300/NFKBIA",5
"GO:0050803","regulation of synapse structure or activity","7/342","237/12706",0.029535864978903,1.09731783749106,0.251519522534437,0.45571885827805,0.664781289530851,0.575533955082635,"CTTNBP2/MYCBP2/OGT/ARHGAP4/EIF4G1/DCTN1/SNX27",7
"GO:0003170","heart valve development","2/342","57/12706",0.0350877192982456,1.30358058889915,0.382035939224644,0.456359591182409,0.664781289530851,0.575533955082635,"TGFB1/HECTD1",2
"GO:0014910","regulation of smooth muscle cell migration","2/342","57/12706",0.0350877192982456,1.30358058889915,0.382035939224644,0.456359591182409,0.664781289530851,0.575533955082635,"AIF1/SORL1",2
"GO:0030500","regulation of bone mineralization","2/342","57/12706",0.0350877192982456,1.30358058889915,0.382035939224644,0.456359591182409,0.664781289530851,0.575533955082635,"ATP2B1/SRGN",2
"GO:0038066","p38MAPK cascade","2/342","57/12706",0.0350877192982456,1.30358058889915,0.382035939224644,0.456359591182409,0.664781289530851,0.575533955082635,"DUSP1/ZFP36",2
"GO:0010948","negative regulation of cell cycle process","8/342","274/12706",0.0291970802919708,1.08473129295258,0.235813955845046,0.458312112961274,0.667369840474441,0.577774991324116,"DUSP1/PRKDC/NOP53/DGKZ/TAOK1/CSNK2A1/BAZ1B/PTEN",8
"GO:0006029","proteoglycan metabolic process","3/342","93/12706",0.032258064516129,1.19845312205244,0.319456038319847,0.459226708806877,0.667895283412784,0.578229893195209,"IDS/GNS/HS6ST1",3
"GO:0016239","positive regulation of macroautophagy","3/342","93/12706",0.032258064516129,1.19845312205244,0.319456038319847,0.459226708806877,0.667895283412784,0.578229893195209,"HUWE1/CSNK2A1/USP33",3
"GO:0030855","epithelial cell differentiation","14/342","494/12706",0.0283400809716599,1.05289201411085,0.19942567528061,0.460565939287589,0.667895283412784,0.578229893195209,"IER3IP1/JUN/TGFB1/RBM4/FLNA/KLF2/BASP1/PPP3R1/RARA/NFKBIZ/PLEC/NUMA1/ZFP36/IPO7",14
"GO:0062012","regulation of small molecule metabolic process","8/342","275/12706",0.0290909090909091,1.08078681552366,0.225255131080436,0.462380164926702,0.667895283412784,0.578229893195209,"NDUFC2/PLEK/OGT/RANBP2/EP300/ZBTB7A/QKI/APOC2",8
"GO:0120161","regulation of cold-induced thermogenesis","4/342","130/12706",0.0307692307692308,1.14313990103464,0.272823649409973,0.465178872785937,0.667895283412784,0.578229893195209,"SYK/DYNC1H1/OGT/QKI",4
"GO:0001961","positive regulation of cytokine-mediated signaling pathway","2/342","58/12706",0.0344827586206897,1.28110506150434,0.356855687880114,0.465343316099345,0.667895283412784,0.578229893195209,"HSPA1A/CPNE1",2
"GO:0007062","sister chromatid cohesion","2/342","58/12706",0.0344827586206897,1.28110506150434,0.356855687880114,0.465343316099345,0.667895283412784,0.578229893195209,"STAG1/CTCF",2
"GO:0039532","negative regulation of cytoplasmic pattern recognition receptor signaling pathway","2/342","58/12706",0.0344827586206897,1.28110506150434,0.356855687880114,0.465343316099345,0.667895283412784,0.578229893195209,"PRKDC/OGT",2
"GO:0070509","calcium ion import","2/342","58/12706",0.0344827586206897,1.28110506150434,0.356855687880114,0.465343316099345,0.667895283412784,0.578229893195209,"P2RX1/PPP3R1",2
"GO:1901224","positive regulation of non-canonical NF-kappaB signal transduction","2/342","58/12706",0.0344827586206897,1.28110506150434,0.356855687880114,0.465343316099345,0.667895283412784,0.578229893195209,"DDX3X/CALR",2
"GO:0002320","lymphoid progenitor cell differentiation","1/342","23/12706",0.0434782608695652,1.61530638189677,0.491207773341499,0.466402413850852,0.667895283412784,0.578229893195209,"PRKDC",1
"GO:0002407","dendritic cell chemotaxis","1/342","23/12706",0.0434782608695652,1.61530638189677,0.491207773341499,0.466402413850852,0.667895283412784,0.578229893195209,"CALR",1
"GO:0007435","salivary gland morphogenesis","1/342","23/12706",0.0434782608695652,1.61530638189677,0.491207773341499,0.466402413850852,0.667895283412784,0.578229893195209,"TGFB1",1
"GO:0007628","adult walking behavior","1/342","23/12706",0.0434782608695652,1.61530638189677,0.491207773341499,0.466402413850852,0.667895283412784,0.578229893195209,"HIPK2",1
"GO:0009219","pyrimidine deoxyribonucleotide metabolic process","1/342","23/12706",0.0434782608695652,1.61530638189677,0.491207773341499,0.466402413850852,0.667895283412784,0.578229893195209,"TYMP",1
"GO:0010640","regulation of platelet-derived growth factor receptor signaling pathway","1/342","23/12706",0.0434782608695652,1.61530638189677,0.491207773341499,0.466402413850852,0.667895283412784,0.578229893195209,"HGS",1
"GO:0010661","positive regulation of muscle cell apoptotic process","1/342","23/12706",0.0434782608695652,1.61530638189677,0.491207773341499,0.466402413850852,0.667895283412784,0.578229893195209,"SOD2",1
"GO:0016082","synaptic vesicle priming","1/342","23/12706",0.0434782608695652,1.61530638189677,0.491207773341499,0.466402413850852,0.667895283412784,0.578229893195209,"STXBP5",1
"GO:0016188","synaptic vesicle maturation","1/342","23/12706",0.0434782608695652,1.61530638189677,0.491207773341499,0.466402413850852,0.667895283412784,0.578229893195209,"PICALM",1
"GO:0019081","viral translation","1/342","23/12706",0.0434782608695652,1.61530638189677,0.491207773341499,0.466402413850852,0.667895283412784,0.578229893195209,"EIF3A",1
"GO:0019083","viral transcription","1/342","23/12706",0.0434782608695652,1.61530638189677,0.491207773341499,0.466402413850852,0.667895283412784,0.578229893195209,"ZFP36",1
"GO:0021517","ventral spinal cord development","1/342","23/12706",0.0434782608695652,1.61530638189677,0.491207773341499,0.466402413850852,0.667895283412784,0.578229893195209,"DCTN1",1
"GO:0021952","central nervous system projection neuron axonogenesis","1/342","23/12706",0.0434782608695652,1.61530638189677,0.491207773341499,0.466402413850852,0.667895283412784,0.578229893195209,"MYCBP2",1
"GO:0030150","protein import into mitochondrial matrix","1/342","23/12706",0.0434782608695652,1.61530638189677,0.491207773341499,0.466402413850852,0.667895283412784,0.578229893195209,"PAM16",1
"GO:0030513","positive regulation of BMP signaling pathway","1/342","23/12706",0.0434782608695652,1.61530638189677,0.491207773341499,0.466402413850852,0.667895283412784,0.578229893195209,"NUMA1",1
"GO:0030517","negative regulation of axon extension","1/342","23/12706",0.0434782608695652,1.61530638189677,0.491207773341499,0.466402413850852,0.667895283412784,0.578229893195209,"ARHGAP4",1
"GO:0031018","endocrine pancreas development","1/342","23/12706",0.0434782608695652,1.61530638189677,0.491207773341499,0.466402413850852,0.667895283412784,0.578229893195209,"IER3IP1",1
"GO:0032727","positive regulation of interferon-alpha production","1/342","23/12706",0.0434782608695652,1.61530638189677,0.491207773341499,0.466402413850852,0.667895283412784,0.578229893195209,"DDX3X",1
"GO:0033622","integrin activation","1/342","23/12706",0.0434782608695652,1.61530638189677,0.491207773341499,0.466402413850852,0.667895283412784,0.578229893195209,"PLEK",1
"GO:0034249","negative regulation of amide metabolic process","1/342","23/12706",0.0434782608695652,1.61530638189677,0.491207773341499,0.466402413850852,0.667895283412784,0.578229893195209,"SORL1",1
"GO:0034250","positive regulation of amide metabolic process","1/342","23/12706",0.0434782608695652,1.61530638189677,0.491207773341499,0.466402413850852,0.667895283412784,0.578229893195209,"PICALM",1
"GO:0034367","protein-containing complex remodeling","1/342","23/12706",0.0434782608695652,1.61530638189677,0.491207773341499,0.466402413850852,0.667895283412784,0.578229893195209,"APOC2",1
"GO:0035162","embryonic hemopoiesis","1/342","23/12706",0.0434782608695652,1.61530638189677,0.491207773341499,0.466402413850852,0.667895283412784,0.578229893195209,"KMT2A",1
"GO:0036499","PERK-mediated unfolded protein response","1/342","23/12706",0.0434782608695652,1.61530638189677,0.491207773341499,0.466402413850852,0.667895283412784,0.578229893195209,"PPP1R15A",1
"GO:0040020","regulation of meiotic nuclear division","1/342","23/12706",0.0434782608695652,1.61530638189677,0.491207773341499,0.466402413850852,0.667895283412784,0.578229893195209,"CALR",1
"GO:0045672","positive regulation of osteoclast differentiation","1/342","23/12706",0.0434782608695652,1.61530638189677,0.491207773341499,0.466402413850852,0.667895283412784,0.578229893195209,"FOS",1
"GO:0060142","regulation of syncytium formation by plasma membrane fusion","1/342","23/12706",0.0434782608695652,1.61530638189677,0.491207773341499,0.466402413850852,0.667895283412784,0.578229893195209,"RIPOR2",1
"GO:0070129","regulation of mitochondrial translation","1/342","23/12706",0.0434782608695652,1.61530638189677,0.491207773341499,0.466402413850852,0.667895283412784,0.578229893195209,"DDX3X",1
"GO:0099170","postsynaptic modulation of chemical synaptic transmission","1/342","23/12706",0.0434782608695652,1.61530638189677,0.491207773341499,0.466402413850852,0.667895283412784,0.578229893195209,"PPP3R1",1
"GO:0150105","protein localization to cell-cell junction","1/342","23/12706",0.0434782608695652,1.61530638189677,0.491207773341499,0.466402413850852,0.667895283412784,0.578229893195209,"FLNA",1
"GO:1901526","positive regulation of mitophagy","1/342","23/12706",0.0434782608695652,1.61530638189677,0.491207773341499,0.466402413850852,0.667895283412784,0.578229893195209,"HUWE1",1
"GO:1903306","negative regulation of regulated secretory pathway","1/342","23/12706",0.0434782608695652,1.61530638189677,0.491207773341499,0.466402413850852,0.667895283412784,0.578229893195209,"CD84",1
"GO:2000463","positive regulation of excitatory postsynaptic potential","1/342","23/12706",0.0434782608695652,1.61530638189677,0.491207773341499,0.466402413850852,0.667895283412784,0.578229893195209,"PTEN",1
"GO:2001259","positive regulation of cation channel activity","1/342","23/12706",0.0434782608695652,1.61530638189677,0.491207773341499,0.466402413850852,0.667895283412784,0.578229893195209,"CTSS",1
"GO:0010506","regulation of autophagy","10/342","350/12706",0.0285714285714286,1.06148705096074,0.193999060091792,0.469321762800976,0.671822794491457,0.581630133274672,"PARL/MCL1/SYK/HUWE1/EIF4G1/CSNK2A1/USP33/EP300/TBC1D25/QSOX1",10
"GO:1990138","neuron projection extension","4/342","131/12706",0.0305343511450382,1.13441364224811,0.257185150805505,0.471082598108185,0.674089589012916,0.583592609109717,"MACF1/CPNE1/ARHGAP4/LLPH",4
"GO:0055074","calcium ion homeostasis","7/342","241/12706",0.029045643153527,1.07910509330033,0.206199551580574,0.47315324124693,0.67580822956954,0.585080521017733,"P2RX1/TGFB1/FLNA/CYBA/TMEM165/CALR/ATP2B1",7
"GO:0006006","glucose metabolic process","5/342","168/12706",0.0297619047619048,1.1057156780841,0.229403900290534,0.474037635834575,0.67580822956954,0.585080521017733,"PFKL/OGT/RANBP2/EP300/HK3",5
"GO:0002820","negative regulation of adaptive immune response","2/342","59/12706",0.0338983050847458,1.25939141639409,0.332130482704715,0.474238915437015,0.67580822956954,0.585080521017733,"SPN/CD69",2
"GO:0006383","transcription by RNA polymerase III","2/342","59/12706",0.0338983050847458,1.25939141639409,0.332130482704715,0.474238915437015,0.67580822956954,0.585080521017733,"CHD8/BAZ1B",2
"GO:0007004","telomere maintenance via telomerase","2/342","59/12706",0.0338983050847458,1.25939141639409,0.332130482704715,0.474238915437015,0.67580822956954,0.585080521017733,"HNRNPA1/HNRNPD",2
"GO:0032608","interferon-beta production","2/342","59/12706",0.0338983050847458,1.25939141639409,0.332130482704715,0.474238915437015,0.67580822956954,0.585080521017733,"DDX3X/SIRPA",2
"GO:0032648","regulation of interferon-beta production","2/342","59/12706",0.0338983050847458,1.25939141639409,0.332130482704715,0.474238915437015,0.67580822956954,0.585080521017733,"DDX3X/SIRPA",2
"GO:0034198","cellular response to amino acid starvation","2/342","59/12706",0.0338983050847458,1.25939141639409,0.332130482704715,0.474238915437015,0.67580822956954,0.585080521017733,"MAT2A/PIM1",2
"GO:0051153","regulation of striated muscle cell differentiation","2/342","59/12706",0.0338983050847458,1.25939141639409,0.332130482704715,0.474238915437015,0.67580822956954,0.585080521017733,"TGFB1/FOXP1",2
"GO:0051279","regulation of release of sequestered calcium ion into cytosol","2/342","59/12706",0.0338983050847458,1.25939141639409,0.332130482704715,0.474238915437015,0.67580822956954,0.585080521017733,"TGFB1/CYBA",2
"GO:1901657","glycosyl compound metabolic process","2/342","59/12706",0.0338983050847458,1.25939141639409,0.332130482704715,0.474238915437015,0.67580822956954,0.585080521017733,"TYMP/NME4",2
"GO:0006605","protein targeting","8/342","278/12706",0.0287769784172662,1.06912364844966,0.193806937059622,0.474547379323807,0.675994430943842,0.585241724732522,"PARL/HUWE1/CSNK2A1/ITGAM/HGS/AP3D1/SORL1/ITGB2",8
"GO:0019318","hexose metabolic process","6/342","205/12706",0.0292682926829268,1.08737697903295,0.209759900251762,0.476040310988845,0.677526820946838,0.586568390348781,"MAN2B1/PFKL/OGT/RANBP2/EP300/HK3",6
"GO:0030178","negative regulation of Wnt signaling pathway","4/342","132/12706",0.0303030303030303,1.12581959950381,0.24166815448384,0.476962288196812,0.677526820946838,0.586568390348781,"TLE5/SDHAF2/RNF213/CHD8",4
"GO:1903034","regulation of response to wounding","4/342","132/12706",0.0303030303030303,1.12581959950381,0.24166815448384,0.476962288196812,0.677526820946838,0.586568390348781,"GRN/PLAUR/PTEN/ARFGEF1",4
"GO:0000729","DNA double-strand break processing","1/342","24/12706",0.0416666666666667,1.54800194931774,0.446904511915281,0.48079099498016,0.677526820946838,0.586568390348781,"RNF138",1
"GO:0001945","lymph vessel development","1/342","24/12706",0.0416666666666667,1.54800194931774,0.446904511915281,0.48079099498016,0.677526820946838,0.586568390348781,"SYK",1
"GO:0002021","response to dietary excess","1/342","24/12706",0.0416666666666667,1.54800194931774,0.446904511915281,0.48079099498016,0.677526820946838,0.586568390348781,"SORL1",1
"GO:0003416","endochondral bone growth","1/342","24/12706",0.0416666666666667,1.54800194931774,0.446904511915281,0.48079099498016,0.677526820946838,0.586568390348781,"RARA",1
"GO:0006691","leukotriene metabolic process","1/342","24/12706",0.0416666666666667,1.54800194931774,0.446904511915281,0.48079099498016,0.677526820946838,0.586568390348781,"SYK",1
"GO:0010575","positive regulation of vascular endothelial growth factor production","1/342","24/12706",0.0416666666666667,1.54800194931774,0.446904511915281,0.48079099498016,0.677526820946838,0.586568390348781,"TGFB1",1
"GO:0010875","positive regulation of cholesterol efflux","1/342","24/12706",0.0416666666666667,1.54800194931774,0.446904511915281,0.48079099498016,0.677526820946838,0.586568390348781,"GPS2",1
"GO:0032482","Rab protein signal transduction","1/342","24/12706",0.0416666666666667,1.54800194931774,0.446904511915281,0.48079099498016,0.677526820946838,0.586568390348781,"RAB4B",1
"GO:0032785","negative regulation of DNA-templated transcription, elongation","1/342","24/12706",0.0416666666666667,1.54800194931774,0.446904511915281,0.48079099498016,0.677526820946838,0.586568390348781,"WDR82",1
"GO:0034383","low-density lipoprotein particle clearance","1/342","24/12706",0.0416666666666667,1.54800194931774,0.446904511915281,0.48079099498016,0.677526820946838,0.586568390348781,"CNPY2",1
"GO:0034391","regulation of smooth muscle cell apoptotic process","1/342","24/12706",0.0416666666666667,1.54800194931774,0.446904511915281,0.48079099498016,0.677526820946838,0.586568390348781,"SOD2",1
"GO:0035590","purinergic nucleotide receptor signaling pathway","1/342","24/12706",0.0416666666666667,1.54800194931774,0.446904511915281,0.48079099498016,0.677526820946838,0.586568390348781,"P2RX1",1
"GO:0045662","negative regulation of myoblast differentiation","1/342","24/12706",0.0416666666666667,1.54800194931774,0.446904511915281,0.48079099498016,0.677526820946838,0.586568390348781,"TGFB1",1
"GO:0045684","positive regulation of epidermis development","1/342","24/12706",0.0416666666666667,1.54800194931774,0.446904511915281,0.48079099498016,0.677526820946838,0.586568390348781,"NUMA1",1
"GO:0046629","gamma-delta T cell activation","1/342","24/12706",0.0416666666666667,1.54800194931774,0.446904511915281,0.48079099498016,0.677526820946838,0.586568390348781,"SYK",1
"GO:0048207","vesicle targeting, rough ER to cis-Golgi","1/342","24/12706",0.0416666666666667,1.54800194931774,0.446904511915281,0.48079099498016,0.677526820946838,0.586568390348781,"TRAPPC5",1
"GO:0048208","COPII vesicle coating","1/342","24/12706",0.0416666666666667,1.54800194931774,0.446904511915281,0.48079099498016,0.677526820946838,0.586568390348781,"TRAPPC5",1
"GO:0048499","synaptic vesicle membrane organization","1/342","24/12706",0.0416666666666667,1.54800194931774,0.446904511915281,0.48079099498016,0.677526820946838,0.586568390348781,"AP3D1",1
"GO:0048679","regulation of axon regeneration","1/342","24/12706",0.0416666666666667,1.54800194931774,0.446904511915281,0.48079099498016,0.677526820946838,0.586568390348781,"GRN",1
"GO:0071549","cellular response to dexamethasone stimulus","1/342","24/12706",0.0416666666666667,1.54800194931774,0.446904511915281,0.48079099498016,0.677526820946838,0.586568390348781,"TGFB1",1
"GO:0071577","zinc ion transmembrane transport","1/342","24/12706",0.0416666666666667,1.54800194931774,0.446904511915281,0.48079099498016,0.677526820946838,0.586568390348781,"AP3D1",1
"GO:0097205","renal filtration","1/342","24/12706",0.0416666666666667,1.54800194931774,0.446904511915281,0.48079099498016,0.677526820946838,0.586568390348781,"CYBA",1
"GO:1902473","regulation of protein localization to synapse","1/342","24/12706",0.0416666666666667,1.54800194931774,0.446904511915281,0.48079099498016,0.677526820946838,0.586568390348781,"OGT",1
"GO:1903902","positive regulation of viral life cycle","1/342","24/12706",0.0416666666666667,1.54800194931774,0.446904511915281,0.48079099498016,0.677526820946838,0.586568390348781,"CD4",1
"GO:1904994","regulation of leukocyte adhesion to vascular endothelial cell","1/342","24/12706",0.0416666666666667,1.54800194931774,0.446904511915281,0.48079099498016,0.677526820946838,0.586568390348781,"ITGB2",1
"GO:1990806","ligand-gated ion channel signaling pathway","1/342","24/12706",0.0416666666666667,1.54800194931774,0.446904511915281,0.48079099498016,0.677526820946838,0.586568390348781,"CPEB4",1
"GO:0043409","negative regulation of MAPK cascade","4/342","133/12706",0.0300751879699248,1.11735479048498,0.226270571965063,0.482816988498793,0.678690181111424,0.587575568630201,"DUSP1/EIF3A/GPS2/SIRPA",4
"GO:0050852","T cell receptor signaling pathway","4/342","133/12706",0.0300751879699248,1.11735479048498,0.226270571965063,0.482816988498793,0.678690181111424,0.587575568630201,"HLA-A/FYB1/DGKZ/NFKBIZ",4
"GO:0106106","cold-induced thermogenesis","4/342","133/12706",0.0300751879699248,1.11735479048498,0.226270571965063,0.482816988498793,0.678690181111424,0.587575568630201,"SYK/DYNC1H1/OGT/QKI",4
"GO:0006513","protein monoubiquitination","2/342","60/12706",0.0333333333333333,1.23840155945419,0.307842812319446,0.483044616014601,0.678690181111424,0.587575568630201,"UBE2W/HUWE1",2
"GO:0008344","adult locomotory behavior","2/342","60/12706",0.0333333333333333,1.23840155945419,0.307842812319446,0.483044616014601,0.678690181111424,0.587575568630201,"HIPK2/PUM1",2
"GO:0034142","toll-like receptor 4 signaling pathway","2/342","60/12706",0.0333333333333333,1.23840155945419,0.307842812319446,0.483044616014601,0.678690181111424,0.587575568630201,"NFKBIA/NINJ1",2
"GO:0050818","regulation of coagulation","2/342","60/12706",0.0333333333333333,1.23840155945419,0.307842812319446,0.483044616014601,0.678690181111424,0.587575568630201,"VKORC1/PLAUR",2
"GO:0070059","intrinsic apoptotic signaling pathway in response to endoplasmic reticulum stress","2/342","60/12706",0.0333333333333333,1.23840155945419,0.307842812319446,0.483044616014601,0.678690181111424,0.587575568630201,"PPP1R15A/HSPA1A",2
"GO:0048285","organelle fission","12/342","428/12706",0.0280373831775701,1.04164617150353,0.145765263746954,0.48443349515455,0.680390154627853,0.589047319560701,"DUSP1/TGFB1/HSPA1A/FLNA/EML4/CALR/TOP2B/NUMA1/STAG1/BAZ1B/PTEN/RIPOR2",12
"GO:0034620","cellular response to unfolded protein","3/342","97/12706",0.0309278350515464,1.14903237475131,0.245045683089124,0.486956373027962,0.681594855951428,0.590090288922759,"TMBIM4/PPP1R15A/HSPA1A",3
"GO:0051091","positive regulation of DNA-binding transcription factor activity","3/342","97/12706",0.0309278350515464,1.14903237475131,0.245045683089124,0.486956373027962,0.681594855951428,0.590090288922759,"HSPA1A/EP300/ZBTB7A",3
"GO:0051224","negative regulation of protein transport","3/342","97/12706",0.0309278350515464,1.14903237475131,0.245045683089124,0.486956373027962,0.681594855951428,0.590090288922759,"PFKL/RAB11FIP1/NFKBIA",3
"GO:0048588","developmental cell growth","5/342","171/12706",0.0292397660818713,1.08631715741596,0.188996562558954,0.489555838687088,0.681594855951428,0.590090288922759,"MACF1/FOXP1/CPNE1/ARHGAP4/LLPH",5
"GO:0048568","embryonic organ development","9/342","319/12706",0.0282131661442006,1.04817686850355,0.144934484343064,0.490814014493413,0.681594855951428,0.590090288922759,"JUNB/TGFB1/BPTF/RARA/BIRC6/KMT2A/HS6ST1/HIPK2/ARID2",9
"GO:0006278","RNA-templated DNA biosynthetic process","2/342","61/12706",0.0327868852459016,1.21809989454511,0.283976136155234,0.491758803227904,0.681594855951428,0.590090288922759,"HNRNPA1/HNRNPD",2
"GO:0006576","biogenic amine metabolic process","2/342","61/12706",0.0327868852459016,1.21809989454511,0.283976136155234,0.491758803227904,0.681594855951428,0.590090288922759,"ITGAM/ITGB2",2
"GO:0006998","nuclear envelope organization","2/342","61/12706",0.0327868852459016,1.21809989454511,0.283976136155234,0.491758803227904,0.681594855951428,0.590090288922759,"TARDBP/DCTN1",2
"GO:0032272","negative regulation of protein polymerization","2/342","61/12706",0.0327868852459016,1.21809989454511,0.283976136155234,0.491758803227904,0.681594855951428,0.590090288922759,"SSH2/ARFGEF1",2
"GO:0038034","signal transduction in absence of ligand","2/342","61/12706",0.0327868852459016,1.21809989454511,0.283976136155234,0.491758803227904,0.681594855951428,0.590090288922759,"MCL1/HSPA1A",2
"GO:0044088","regulation of vacuole organization","2/342","61/12706",0.0327868852459016,1.21809989454511,0.283976136155234,0.491758803227904,0.681594855951428,0.590090288922759,"GRN/USP33",2
"GO:0051057","positive regulation of small GTPase mediated signal transduction","2/342","61/12706",0.0327868852459016,1.21809989454511,0.283976136155234,0.491758803227904,0.681594855951428,0.590090288922759,"AKAP13/PICALM",2
"GO:0051893","regulation of focal adhesion assembly","2/342","61/12706",0.0327868852459016,1.21809989454511,0.283976136155234,0.491758803227904,0.681594855951428,0.590090288922759,"MACF1/PTEN",2
"GO:0090109","regulation of cell-substrate junction assembly","2/342","61/12706",0.0327868852459016,1.21809989454511,0.283976136155234,0.491758803227904,0.681594855951428,0.590090288922759,"MACF1/PTEN",2
"GO:0097192","extrinsic apoptotic signaling pathway in absence of ligand","2/342","61/12706",0.0327868852459016,1.21809989454511,0.283976136155234,0.491758803227904,0.681594855951428,0.590090288922759,"MCL1/HSPA1A",2
"GO:0098930","axonal transport","2/342","61/12706",0.0327868852459016,1.21809989454511,0.283976136155234,0.491758803227904,0.681594855951428,0.590090288922759,"DYNC1H1/AP3D1",2
"GO:0016579","protein deubiquitination","3/342","98/12706",0.0306122448979592,1.13730755460079,0.226936974127101,0.493782087453744,0.681594855951428,0.590090288922759,"NOP53/USP34/USP33",3
"GO:0071482","cellular response to light stimulus","3/342","98/12706",0.0306122448979592,1.13730755460079,0.226936974127101,0.493782087453744,0.681594855951428,0.590090288922759,"CRIP1/RPL26/EP300",3
"GO:0150115","cell-substrate junction organization","3/342","98/12706",0.0306122448979592,1.13730755460079,0.226936974127101,0.493782087453744,0.681594855951428,0.590090288922759,"MACF1/PLEC/PTEN",3
"GO:0009266","response to temperature stimulus","4/342","135/12706",0.0296296296296296,1.1008013861815,0.195825554505565,0.494447745133409,0.681594855951428,0.590090288922759,"HSPA1A/EP300/NFKBIA/IER5",4
"GO:0031109","microtubule polymerization or depolymerization","4/342","135/12706",0.0296296296296296,1.1008013861815,0.195825554505565,0.494447745133409,0.681594855951428,0.590090288922759,"HSPA1A/TAOK1/DCTN1/NUMA1",4
"GO:0002438","acute inflammatory response to antigenic stimulus","1/342","25/12706",0.04,1.48608187134503,0.404597846374911,0.494792688696986,0.681594855951428,0.590090288922759,"SPN",1
"GO:0002837","regulation of immune response to tumor cell","1/342","25/12706",0.04,1.48608187134503,0.404597846374911,0.494792688696986,0.681594855951428,0.590090288922759,"TGFB1",1
"GO:0003081","regulation of systemic arterial blood pressure by renin-angiotensin","1/342","25/12706",0.04,1.48608187134503,0.404597846374911,0.494792688696986,0.681594855951428,0.590090288922759,"CYBA",1
"GO:0003180","aortic valve morphogenesis","1/342","25/12706",0.04,1.48608187134503,0.404597846374911,0.494792688696986,0.681594855951428,0.590090288922759,"TGFB1",1
"GO:0006829","zinc ion transport","1/342","25/12706",0.04,1.48608187134503,0.404597846374911,0.494792688696986,0.681594855951428,0.590090288922759,"AP3D1",1
"GO:0009648","photoperiodism","1/342","25/12706",0.04,1.48608187134503,0.404597846374911,0.494792688696986,0.681594855951428,0.590090288922759,"RBM4",1
"GO:0010804","negative regulation of tumor necrosis factor-mediated signaling pathway","1/342","25/12706",0.04,1.48608187134503,0.404597846374911,0.494792688696986,0.681594855951428,0.590090288922759,"GPS2",1
"GO:0032691","negative regulation of interleukin-1 beta production","1/342","25/12706",0.04,1.48608187134503,0.404597846374911,0.494792688696986,0.681594855951428,0.590090288922759,"ACP5",1
"GO:0033081","regulation of T cell differentiation in thymus","1/342","25/12706",0.04,1.48608187134503,0.404597846374911,0.494792688696986,0.681594855951428,0.590090288922759,"IL2RG",1
"GO:0034390","smooth muscle cell apoptotic process","1/342","25/12706",0.04,1.48608187134503,0.404597846374911,0.494792688696986,0.681594855951428,0.590090288922759,"SOD2",1
"GO:0035025","positive regulation of Rho protein signal transduction","1/342","25/12706",0.04,1.48608187134503,0.404597846374911,0.494792688696986,0.681594855951428,0.590090288922759,"AKAP13",1
"GO:0038095","Fc-epsilon receptor signaling pathway","1/342","25/12706",0.04,1.48608187134503,0.404597846374911,0.494792688696986,0.681594855951428,0.590090288922759,"SYK",1
"GO:0039694","viral RNA genome replication","1/342","25/12706",0.04,1.48608187134503,0.404597846374911,0.494792688696986,0.681594855951428,0.590090288922759,"TOP2B",1
"GO:0042059","negative regulation of epidermal growth factor receptor signaling pathway","1/342","25/12706",0.04,1.48608187134503,0.404597846374911,0.494792688696986,0.681594855951428,0.590090288922759,"MVP",1
"GO:0045540","regulation of cholesterol biosynthetic process","1/342","25/12706",0.04,1.48608187134503,0.404597846374911,0.494792688696986,0.681594855951428,0.590090288922759,"QKI",1
"GO:0046037","GMP metabolic process","1/342","25/12706",0.04,1.48608187134503,0.404597846374911,0.494792688696986,0.681594855951428,0.590090288922759,"IMPDH2",1
"GO:0046856","phosphatidylinositol dephosphorylation","1/342","25/12706",0.04,1.48608187134503,0.404597846374911,0.494792688696986,0.681594855951428,0.590090288922759,"PTEN",1
"GO:0048854","brain morphogenesis","1/342","25/12706",0.04,1.48608187134503,0.404597846374911,0.494792688696986,0.681594855951428,0.590090288922759,"PTEN",1
"GO:0051155","positive regulation of striated muscle cell differentiation","1/342","25/12706",0.04,1.48608187134503,0.404597846374911,0.494792688696986,0.681594855951428,0.590090288922759,"TGFB1",1
"GO:0051156","glucose 6-phosphate metabolic process","1/342","25/12706",0.04,1.48608187134503,0.404597846374911,0.494792688696986,0.681594855951428,0.590090288922759,"HK3",1
"GO:0060306","regulation of membrane repolarization","1/342","25/12706",0.04,1.48608187134503,0.404597846374911,0.494792688696986,0.681594855951428,0.590090288922759,"FLNA",1
"GO:0060351","cartilage development involved in endochondral bone morphogenesis","1/342","25/12706",0.04,1.48608187134503,0.404597846374911,0.494792688696986,0.681594855951428,0.590090288922759,"RARA",1
"GO:0060544","regulation of necroptotic process","1/342","25/12706",0.04,1.48608187134503,0.404597846374911,0.494792688696986,0.681594855951428,0.590090288922759,"OGT",1
"GO:0070570","regulation of neuron projection regeneration","1/342","25/12706",0.04,1.48608187134503,0.404597846374911,0.494792688696986,0.681594855951428,0.590090288922759,"GRN",1
"GO:0070723","response to cholesterol","1/342","25/12706",0.04,1.48608187134503,0.404597846374911,0.494792688696986,0.681594855951428,0.590090288922759,"TGFB1",1
"GO:0072010","glomerular epithelium development","1/342","25/12706",0.04,1.48608187134503,0.404597846374911,0.494792688696986,0.681594855951428,0.590090288922759,"BASP1",1
"GO:0090205","positive regulation of cholesterol metabolic process","1/342","25/12706",0.04,1.48608187134503,0.404597846374911,0.494792688696986,0.681594855951428,0.590090288922759,"QKI",1
"GO:0099622","cardiac muscle cell membrane repolarization","1/342","25/12706",0.04,1.48608187134503,0.404597846374911,0.494792688696986,0.681594855951428,0.590090288922759,"FLNA",1
"GO:0106118","regulation of sterol biosynthetic process","1/342","25/12706",0.04,1.48608187134503,0.404597846374911,0.494792688696986,0.681594855951428,0.590090288922759,"QKI",1
"GO:1902932","positive regulation of alcohol biosynthetic process","1/342","25/12706",0.04,1.48608187134503,0.404597846374911,0.494792688696986,0.681594855951428,0.590090288922759,"QKI",1
"GO:1903241","U2-type prespliceosome assembly","1/342","25/12706",0.04,1.48608187134503,0.404597846374911,0.494792688696986,0.681594855951428,0.590090288922759,"DDX42",1
"GO:1990166","protein localization to site of double-strand break","1/342","25/12706",0.04,1.48608187134503,0.404597846374911,0.494792688696986,0.681594855951428,0.590090288922759,"CSNK2A1",1
"GO:0006354","DNA-templated transcription elongation","4/342","136/12706",0.0294117647058824,1.09270725834193,0.180774197644527,0.500222035362073,0.686310568693318,0.59417291406296,"POLR2A/IWS1/WDR43/WDR82",4
"GO:0016925","protein sumoylation","2/342","62/12706",0.032258064516129,1.19845312205244,0.260514815247946,0.50038001384243,0.686310568693318,0.59417291406296,"SENP6/RANBP2",2
"GO:0033555","multicellular organismal response to stress","2/342","62/12706",0.032258064516129,1.19845312205244,0.260514815247946,0.50038001384243,0.686310568693318,0.59417291406296,"EIF4G1/PTEN",2
"GO:0033627","cell adhesion mediated by integrin","2/342","62/12706",0.032258064516129,1.19845312205244,0.260514815247946,0.50038001384243,0.686310568693318,0.59417291406296,"SYK/ITGB2",2
"GO:0050730","regulation of peptidyl-tyrosine phosphorylation","2/342","62/12706",0.032258064516129,1.19845312205244,0.260514815247946,0.50038001384243,0.686310568693318,0.59417291406296,"MVP/ITGB2",2
"GO:0141084","inflammasome-mediated signaling pathway","2/342","62/12706",0.032258064516129,1.19845312205244,0.260514815247946,0.50038001384243,0.686310568693318,0.59417291406296,"DDX3X/OGT",2
"GO:1990928","response to amino acid starvation","2/342","62/12706",0.032258064516129,1.19845312205244,0.260514815247946,0.50038001384243,0.686310568693318,0.59417291406296,"MAT2A/PIM1",2
"GO:0006639","acylglycerol metabolic process","3/342","99/12706",0.0303030303030303,1.12581959950381,0.209016662524061,0.500562653073796,0.686310568693318,0.59417291406296,"DGKZ/SORL1/APOC2",3
"GO:0032612","interleukin-1 production","3/342","99/12706",0.0303030303030303,1.12581959950381,0.209016662524061,0.500562653073796,0.686310568693318,0.59417291406296,"FOXP1/SIRPA/ACP5",3
"GO:0032652","regulation of interleukin-1 production","3/342","99/12706",0.0303030303030303,1.12581959950381,0.209016662524061,0.500562653073796,0.686310568693318,0.59417291406296,"FOXP1/SIRPA/ACP5",3
"GO:0046785","microtubule polymerization","3/342","99/12706",0.0303030303030303,1.12581959950381,0.209016662524061,0.500562653073796,0.686310568693318,0.59417291406296,"HSPA1A/DCTN1/NUMA1",3
"GO:0051345","positive regulation of hydrolase activity","3/342","99/12706",0.0303030303030303,1.12581959950381,0.209016662524061,0.500562653073796,0.686310568693318,0.59417291406296,"GRN/DOCK8/ARAP1",3
"GO:1990748","cellular detoxification","3/342","99/12706",0.0303030303030303,1.12581959950381,0.209016662524061,0.500562653073796,0.686310568693318,0.59417291406296,"S100A9/SOD2/PIM1",3
"GO:0007033","vacuole organization","7/342","248/12706",0.0282258064516129,1.04864648179589,0.128669023031278,0.503307180250817,0.688563752411835,0.596123606354497,"RNASEK/CTSD/GRN/SYK/TMEM165/USP33/EP300",7
"GO:0043010","camera-type eye development","7/342","248/12706",0.0282258064516129,1.04864648179589,0.128669023031278,0.503307180250817,0.688563752411835,0.596123606354497,"FOS/GRN/JUN/TGFB1/GNB1/RARA/HIPK2",7
"GO:0045930","negative regulation of mitotic cell cycle","6/342","211/12706",0.028436018957346,1.05645630664339,0.137532852400341,0.504039755401263,0.688563752411835,0.596123606354497,"DUSP1/PRKDC/NOP53/DGKZ/TAOK1/PTEN",6
"GO:0006638","neutral lipid metabolic process","3/342","100/12706",0.03,1.11456140350877,0.191280440714564,0.507296936615874,0.688563752411835,0.596123606354497,"DGKZ/SORL1/APOC2",3
"GO:0021987","cerebral cortex development","3/342","100/12706",0.03,1.11456140350877,0.191280440714564,0.507296936615874,0.688563752411835,0.596123606354497,"FOS/FLNA/TACC1",3
"GO:0051209","release of sequestered calcium ion into cytosol","3/342","100/12706",0.03,1.11456140350877,0.191280440714564,0.507296936615874,0.688563752411835,0.596123606354497,"TGFB1/FLNA/CYBA",3
"GO:0051310","metaphase chromosome alignment","3/342","100/12706",0.03,1.11456140350877,0.191280440714564,0.507296936615874,0.688563752411835,0.596123606354497,"DYNC1H1/EML4/NUMA1",3
"GO:0000963","mitochondrial RNA processing","1/342","26/12706",0.0384615384615385,1.4289248762933,0.364107119926632,0.50841786813596,0.688563752411835,0.596123606354497,"TRMT5",1
"GO:0002726","positive regulation of T cell cytokine production","1/342","26/12706",0.0384615384615385,1.4289248762933,0.364107119926632,0.50841786813596,0.688563752411835,0.596123606354497,"HLA-A",1
"GO:0002834","regulation of response to tumor cell","1/342","26/12706",0.0384615384615385,1.4289248762933,0.364107119926632,0.50841786813596,0.688563752411835,0.596123606354497,"TGFB1",1
"GO:0006656","phosphatidylcholine biosynthetic process","1/342","26/12706",0.0384615384615385,1.4289248762933,0.364107119926632,0.50841786813596,0.688563752411835,0.596123606354497,"SLC44A1",1
"GO:0007431","salivary gland development","1/342","26/12706",0.0384615384615385,1.4289248762933,0.364107119926632,0.50841786813596,0.688563752411835,0.596123606354497,"TGFB1",1
"GO:0010574","regulation of vascular endothelial growth factor production","1/342","26/12706",0.0384615384615385,1.4289248762933,0.364107119926632,0.50841786813596,0.688563752411835,0.596123606354497,"TGFB1",1
"GO:0015813","L-glutamate transmembrane transport","1/342","26/12706",0.0384615384615385,1.4289248762933,0.364107119926632,0.50841786813596,0.688563752411835,0.596123606354497,"SEPTIN2",1
"GO:0023019","signal transduction involved in regulation of gene expression","1/342","26/12706",0.0384615384615385,1.4289248762933,0.364107119926632,0.50841786813596,0.688563752411835,0.596123606354497,"NFKBIA",1
"GO:0030947","regulation of vascular endothelial growth factor receptor signaling pathway","1/342","26/12706",0.0384615384615385,1.4289248762933,0.364107119926632,0.50841786813596,0.688563752411835,0.596123606354497,"HGS",1
"GO:0032511","late endosome to vacuole transport via multivesicular body sorting pathway","1/342","26/12706",0.0384615384615385,1.4289248762933,0.364107119926632,0.50841786813596,0.688563752411835,0.596123606354497,"HGS",1
"GO:0042026","protein refolding","1/342","26/12706",0.0384615384615385,1.4289248762933,0.364107119926632,0.50841786813596,0.688563752411835,0.596123606354497,"HSPA1A",1
"GO:0043268","positive regulation of potassium ion transport","1/342","26/12706",0.0384615384615385,1.4289248762933,0.364107119926632,0.50841786813596,0.688563752411835,0.596123606354497,"FLNA",1
"GO:0045830","positive regulation of isotype switching","1/342","26/12706",0.0384615384615385,1.4289248762933,0.364107119926632,0.50841786813596,0.688563752411835,0.596123606354497,"TGFB1",1
"GO:0048741","skeletal muscle fiber development","1/342","26/12706",0.0384615384615385,1.4289248762933,0.364107119926632,0.50841786813596,0.688563752411835,0.596123606354497,"PLEC",1
"GO:0050820","positive regulation of coagulation","1/342","26/12706",0.0384615384615385,1.4289248762933,0.364107119926632,0.50841786813596,0.688563752411835,0.596123606354497,"VKORC1",1
"GO:0050860","negative regulation of T cell receptor signaling pathway","1/342","26/12706",0.0384615384615385,1.4289248762933,0.364107119926632,0.50841786813596,0.688563752411835,0.596123606354497,"DGKZ",1
"GO:0051291","protein heterooligomerization","1/342","26/12706",0.0384615384615385,1.4289248762933,0.364107119926632,0.50841786813596,0.688563752411835,0.596123606354497,"MAT2A",1
"GO:0051497","negative regulation of stress fiber assembly","1/342","26/12706",0.0384615384615385,1.4289248762933,0.364107119926632,0.50841786813596,0.688563752411835,0.596123606354497,"ARAP1",1
"GO:0051954","positive regulation of amine transport","1/342","26/12706",0.0384615384615385,1.4289248762933,0.364107119926632,0.50841786813596,0.688563752411835,0.596123606354497,"GRK2",1
"GO:0052372","modulation by symbiont of entry into host","1/342","26/12706",0.0384615384615385,1.4289248762933,0.364107119926632,0.50841786813596,0.688563752411835,0.596123606354497,"CD4",1
"GO:0090162","establishment of epithelial cell polarity","1/342","26/12706",0.0384615384615385,1.4289248762933,0.364107119926632,0.50841786813596,0.688563752411835,0.596123606354497,"FRMD4B",1
"GO:0090330","regulation of platelet aggregation","1/342","26/12706",0.0384615384615385,1.4289248762933,0.364107119926632,0.50841786813596,0.688563752411835,0.596123606354497,"SYK",1
"GO:1900017","positive regulation of cytokine production involved in inflammatory response","1/342","26/12706",0.0384615384615385,1.4289248762933,0.364107119926632,0.50841786813596,0.688563752411835,0.596123606354497,"IL17RA",1
"GO:1902176","negative regulation of oxidative stress-induced intrinsic apoptotic signaling pathway","1/342","26/12706",0.0384615384615385,1.4289248762933,0.364107119926632,0.50841786813596,0.688563752411835,0.596123606354497,"SOD2",1
"GO:1903599","positive regulation of autophagy of mitochondrion","1/342","26/12706",0.0384615384615385,1.4289248762933,0.364107119926632,0.50841786813596,0.688563752411835,0.596123606354497,"HUWE1",1
"GO:0002088","lens development in camera-type eye","2/342","63/12706",0.0317460317460317,1.17943005662304,0.237444049013248,0.508906929057669,0.688563752411835,0.596123606354497,"TGFB1/HIPK2",2
"GO:0014909","smooth muscle cell migration","2/342","63/12706",0.0317460317460317,1.17943005662304,0.237444049013248,0.508906929057669,0.688563752411835,0.596123606354497,"AIF1/SORL1",2
"GO:0030516","regulation of axon extension","2/342","63/12706",0.0317460317460317,1.17943005662304,0.237444049013248,0.508906929057669,0.688563752411835,0.596123606354497,"MACF1/ARHGAP4",2
"GO:0045005","DNA-templated DNA replication maintenance of fidelity","2/342","63/12706",0.0317460317460317,1.17943005662304,0.237444049013248,0.508906929057669,0.688563752411835,0.596123606354497,"PRKDC/BOD1L1",2
"GO:0060993","kidney morphogenesis","2/342","63/12706",0.0317460317460317,1.17943005662304,0.237444049013248,0.508906929057669,0.688563752411835,0.596123606354497,"TGFB1/BASP1",2
"GO:0051494","negative regulation of cytoskeleton organization","4/342","138/12706",0.0289855072463768,1.07687092126451,0.151004341097336,0.511684235656023,0.692075227308502,0.599163663388711,"TAOK1/ARAP1/SSH2/ARFGEF1",4
"GO:0007409","axonogenesis","9/342","325/12706",0.0276923076923077,1.02882591093117,0.0875523381225345,0.513348549929773,0.693212712991023,0.600148440854656,"MACF1/APLP2/PICALM/MYCBP2/TOP2B/ARHGAP4/USP33/EVL/PTEN",9
"GO:0015918","sterol transport","3/342","101/12706",0.0297029702970297,1.10352614208789,0.173724144504347,0.513983860579089,0.693212712991023,0.600148440854656,"GPS2/NFKBIA/APOC2",3
"GO:0030038","contractile actin filament bundle assembly","3/342","101/12706",0.0297029702970297,1.10352614208789,0.173724144504347,0.513983860579089,0.693212712991023,0.600148440854656,"CCDC88A/ARAP1/EVL",3
"GO:0030534","adult behavior","3/342","101/12706",0.0297029702970297,1.10352614208789,0.173724144504347,0.513983860579089,0.693212712991023,0.600148440854656,"HIPK2/PTEN/PUM1",3
"GO:0043149","stress fiber assembly","3/342","101/12706",0.0297029702970297,1.10352614208789,0.173724144504347,0.513983860579089,0.693212712991023,0.600148440854656,"CCDC88A/ARAP1/EVL",3
"GO:0051283","negative regulation of sequestering of calcium ion","3/342","101/12706",0.0297029702970297,1.10352614208789,0.173724144504347,0.513983860579089,0.693212712991023,0.600148440854656,"TGFB1/FLNA/CYBA",3
"GO:0061041","regulation of wound healing","3/342","101/12706",0.0297029702970297,1.10352614208789,0.173724144504347,0.513983860579089,0.693212712991023,0.600148440854656,"PLAUR/PTEN/ARFGEF1",3
"GO:2001252","positive regulation of chromosome organization","3/342","101/12706",0.0297029702970297,1.10352614208789,0.173724144504347,0.513983860579089,0.693212712991023,0.600148440854656,"HNRNPA1/HNRNPD/NUMA1",3
"GO:0034248","regulation of amide metabolic process","2/342","64/12706",0.03125,1.1610014619883,0.214749817397661,0.517338367833256,0.693744156649259,0.600608537844966,"PICALM/SORL1",2
"GO:0060760","positive regulation of response to cytokine stimulus","2/342","64/12706",0.03125,1.1610014619883,0.214749817397661,0.517338367833256,0.693744156649259,0.600608537844966,"HSPA1A/CPNE1",2
"GO:1902904","negative regulation of supramolecular fiber organization","4/342","139/12706",0.0287769784172662,1.06912364844966,0.136282199731425,0.517370547620951,0.693744156649259,0.600608537844966,"TAOK1/ARAP1/SSH2/ARFGEF1",4
"GO:0007416","synapse assembly","5/342","177/12706",0.0282485875706215,1.04949284699508,0.11027872966705,0.520077379462759,0.693744156649259,0.600608537844966,"MYCBP2/OGT/ARHGAP4/EIF4G1/PTEN",5
"GO:0072073","kidney epithelium development","3/342","102/12706",0.0294117647058824,1.09270725834193,0.156343746884041,0.520622402077061,0.693744156649259,0.600608537844966,"TGFB1/BASP1/RARA",3
"GO:0001835","blastocyst hatching","1/342","27/12706",0.037037037037037,1.37600173272688,0.325274574158877,0.521676629105794,0.693744156649259,0.600608537844966,"GRN",1
"GO:0006972","hyperosmotic response","1/342","27/12706",0.037037037037037,1.37600173272688,0.325274574158877,0.521676629105794,0.693744156649259,0.600608537844966,"NINJ1",1
"GO:0007026","negative regulation of microtubule depolymerization","1/342","27/12706",0.037037037037037,1.37600173272688,0.325274574158877,0.521676629105794,0.693744156649259,0.600608537844966,"TAOK1",1
"GO:0009264","deoxyribonucleotide catabolic process","1/342","27/12706",0.037037037037037,1.37600173272688,0.325274574158877,0.521676629105794,0.693744156649259,0.600608537844966,"TYMP",1
"GO:0010614","negative regulation of cardiac muscle hypertrophy","1/342","27/12706",0.037037037037037,1.37600173272688,0.325274574158877,0.521676629105794,0.693744156649259,0.600608537844966,"FOXP1",1
"GO:0010743","regulation of macrophage derived foam cell differentiation","1/342","27/12706",0.037037037037037,1.37600173272688,0.325274574158877,0.521676629105794,0.693744156649259,0.600608537844966,"NFKBIA",1
"GO:0010893","positive regulation of steroid biosynthetic process","1/342","27/12706",0.037037037037037,1.37600173272688,0.325274574158877,0.521676629105794,0.693744156649259,0.600608537844966,"QKI",1
"GO:0016226","iron-sulfur cluster assembly","1/342","27/12706",0.037037037037037,1.37600173272688,0.325274574158877,0.521676629105794,0.693744156649259,0.600608537844966,"CIAO1",1
"GO:0017145","stem cell division","1/342","27/12706",0.037037037037037,1.37600173272688,0.325274574158877,0.521676629105794,0.693744156649259,0.600608537844966,"EVI2B",1
"GO:0031163","metallo-sulfur cluster assembly","1/342","27/12706",0.037037037037037,1.37600173272688,0.325274574158877,0.521676629105794,0.693744156649259,0.600608537844966,"CIAO1",1
"GO:0031664","regulation of lipopolysaccharide-mediated signaling pathway","1/342","27/12706",0.037037037037037,1.37600173272688,0.325274574158877,0.521676629105794,0.693744156649259,0.600608537844966,"SIRPA",1
"GO:0032309","icosanoid secretion","1/342","27/12706",0.037037037037037,1.37600173272688,0.325274574158877,0.521676629105794,0.693744156649259,0.600608537844966,"SYK",1
"GO:0035020","regulation of Rac protein signal transduction","1/342","27/12706",0.037037037037037,1.37600173272688,0.325274574158877,0.521676629105794,0.693744156649259,0.600608537844966,"OGT",1
"GO:0035188","hatching","1/342","27/12706",0.037037037037037,1.37600173272688,0.325274574158877,0.521676629105794,0.693744156649259,0.600608537844966,"GRN",1
"GO:0036010","protein localization to endosome","1/342","27/12706",0.037037037037037,1.37600173272688,0.325274574158877,0.521676629105794,0.693744156649259,0.600608537844966,"SORL1",1
"GO:0042832","defense response to protozoan","1/342","27/12706",0.037037037037037,1.37600173272688,0.325274574158877,0.521676629105794,0.693744156649259,0.600608537844966,"LYST",1
"GO:0043330","response to exogenous dsRNA","1/342","27/12706",0.037037037037037,1.37600173272688,0.325274574158877,0.521676629105794,0.693744156649259,0.600608537844966,"NFKBIA",1
"GO:0046386","deoxyribose phosphate catabolic process","1/342","27/12706",0.037037037037037,1.37600173272688,0.325274574158877,0.521676629105794,0.693744156649259,0.600608537844966,"TYMP",1
"GO:0050432","catecholamine secretion","1/342","27/12706",0.037037037037037,1.37600173272688,0.325274574158877,0.521676629105794,0.693744156649259,0.600608537844966,"GRK2",1
"GO:0051043","regulation of membrane protein ectodomain proteolysis","1/342","27/12706",0.037037037037037,1.37600173272688,0.325274574158877,0.521676629105794,0.693744156649259,0.600608537844966,"TIMP2",1
"GO:0051154","negative regulation of striated muscle cell differentiation","1/342","27/12706",0.037037037037037,1.37600173272688,0.325274574158877,0.521676629105794,0.693744156649259,0.600608537844966,"FOXP1",1
"GO:0060603","mammary gland duct morphogenesis","1/342","27/12706",0.037037037037037,1.37600173272688,0.325274574158877,0.521676629105794,0.693744156649259,0.600608537844966,"TGFB1",1
"GO:0061484","hematopoietic stem cell homeostasis","1/342","27/12706",0.037037037037037,1.37600173272688,0.325274574158877,0.521676629105794,0.693744156649259,0.600608537844966,"ADAR",1
"GO:0061744","motor behavior","1/342","27/12706",0.037037037037037,1.37600173272688,0.325274574158877,0.521676629105794,0.693744156649259,0.600608537844966,"DCTN1",1
"GO:0071684","organism emergence from protective structure","1/342","27/12706",0.037037037037037,1.37600173272688,0.325274574158877,0.521676629105794,0.693744156649259,0.600608537844966,"GRN",1
"GO:0090022","regulation of neutrophil chemotaxis","1/342","27/12706",0.037037037037037,1.37600173272688,0.325274574158877,0.521676629105794,0.693744156649259,0.600608537844966,"RIPOR2",1
"GO:0090075","relaxation of muscle","1/342","27/12706",0.037037037037037,1.37600173272688,0.325274574158877,0.521676629105794,0.693744156649259,0.600608537844966,"GRK2",1
"GO:0090659","walking behavior","1/342","27/12706",0.037037037037037,1.37600173272688,0.325274574158877,0.521676629105794,0.693744156649259,0.600608537844966,"HIPK2",1
"GO:0097421","liver regeneration","1/342","27/12706",0.037037037037037,1.37600173272688,0.325274574158877,0.521676629105794,0.693744156649259,0.600608537844966,"TGFB1",1
"GO:0098698","postsynaptic specialization assembly","1/342","27/12706",0.037037037037037,1.37600173272688,0.325274574158877,0.521676629105794,0.693744156649259,0.600608537844966,"PTEN",1
"GO:0099633","protein localization to postsynaptic specialization membrane","1/342","27/12706",0.037037037037037,1.37600173272688,0.325274574158877,0.521676629105794,0.693744156649259,0.600608537844966,"OGT",1
"GO:0099645","neurotransmitter receptor localization to postsynaptic specialization membrane","1/342","27/12706",0.037037037037037,1.37600173272688,0.325274574158877,0.521676629105794,0.693744156649259,0.600608537844966,"OGT",1
"GO:0140058","neuron projection arborization","1/342","27/12706",0.037037037037037,1.37600173272688,0.325274574158877,0.521676629105794,0.693744156649259,0.600608537844966,"MACF1",1
"GO:1903715","regulation of aerobic respiration","1/342","27/12706",0.037037037037037,1.37600173272688,0.325274574158877,0.521676629105794,0.693744156649259,0.600608537844966,"NOP53",1
"GO:2000191","regulation of fatty acid transport","1/342","27/12706",0.037037037037037,1.37600173272688,0.325274574158877,0.521676629105794,0.693744156649259,0.600608537844966,"SYK",1
"GO:0150063","visual system development","8/342","290/12706",0.0275862068965517,1.02488404920347,0.0712935249424846,0.52248619490117,0.694577801753233,0.601330265534029,"FOS/GRN/JUN/TGFB1/GNB1/RARA/HIPK2/ITGAM",8
"GO:0000045","autophagosome assembly","4/342","140/12706",0.0285714285714286,1.06148705096074,0.121666227919238,0.523025981175718,0.694809497005619,0.601530855543224,"CTSD/SYK/USP33/EP300",4
"GO:0021953","central nervous system neuron differentiation","4/342","140/12706",0.0285714285714286,1.06148705096074,0.121666227919238,0.523025981175718,0.694809497005619,0.601530855543224,"MYCBP2/BTG2/TAOK1/PTEN",4
"GO:0032729","positive regulation of type II interferon production","2/342","65/12706",0.0307692307692308,1.14313990103464,0.192418827871556,0.525673280468017,0.697595047936964,0.60394244439184,"HLA-A/HLA-DPA1",2
"GO:0046323","D-glucose import","2/342","65/12706",0.0307692307692308,1.14313990103464,0.192418827871556,0.525673280468017,0.697595047936964,0.60394244439184,"RAB4B/SLC2A3",2
"GO:0061512","protein localization to cilium","2/342","65/12706",0.0307692307692308,1.14313990103464,0.192418827871556,0.525673280468017,0.697595047936964,0.60394244439184,"CCDC88A/RABEP1",2
"GO:0051282","regulation of sequestering of calcium ion","3/342","103/12706",0.029126213592233,1.08209845000852,0.13913535216876,0.527211591675766,0.69939234876178,0.605498456374231,"TGFB1/FLNA/CYBA",3
"GO:0007030","Golgi organization","4/342","141/12706",0.0283687943262411,1.05395877400357,0.107154711883078,0.52864980552103,0.701055654199846,0.606938461940507,"TMED7/GOLGB1/HUWE1/ARFGEF1",4
"GO:0061448","connective tissue development","6/342","217/12706",0.0276497695852535,1.02724553318781,0.0673259104342499,0.53149477218824,0.701577006568083,0.607389822403277,"CRIP1/TGFB1/RARA/RUNX1/TGFBI/SORL1",6
"GO:0008584","male gonad development","3/342","104/12706",0.0288461538461538,1.07169365721997,0.122095190443382,0.533750512227895,0.701577006568083,0.607389822403277,"FLNA/RARA/NASP",3
"GO:0051261","protein depolymerization","3/342","104/12706",0.0288461538461538,1.07169365721997,0.122095190443382,0.533750512227895,0.701577006568083,0.607389822403277,"CLTC/PLEK/TAOK1",3
"GO:1903076","regulation of protein localization to plasma membrane","3/342","104/12706",0.0288461538461538,1.07169365721997,0.122095190443382,0.533750512227895,0.701577006568083,0.607389822403277,"TGFB1/CLTC/PICALM",3
"GO:0043954","cellular component maintenance","2/342","66/12706",0.0303030303030303,1.12581959950381,0.170438466790333,0.53391074242318,0.701577006568083,0.607389822403277,"GRN/DCTN1",2
"GO:0046928","regulation of neurotransmitter secretion","2/342","66/12706",0.0303030303030303,1.12581959950381,0.170438466790333,0.53391074242318,0.701577006568083,0.607389822403277,"P2RX1/STXBP5",2
"GO:0048525","negative regulation of viral process","2/342","66/12706",0.0303030303030303,1.12581959950381,0.170438466790333,0.53391074242318,0.701577006568083,0.607389822403277,"CSNK2B/ZFP36",2
"GO:0048880","sensory system development","8/342","293/12706",0.0273037542662116,1.01439035586691,0.04144649943415,0.534242056940105,0.701577006568083,0.607389822403277,"FOS/GRN/JUN/TGFB1/GNB1/RARA/HIPK2/ITGAM",8
"GO:0000578","embryonic axis specification","1/342","28/12706",0.0357142857142857,1.32685881370092,0.28796170188474,0.534578797482308,0.701577006568083,0.607389822403277,"BASP1",1
"GO:0001569","branching involved in blood vessel morphogenesis","1/342","28/12706",0.0357142857142857,1.32685881370092,0.28796170188474,0.534578797482308,0.701577006568083,0.607389822403277,"PPP3R1",1
"GO:0001893","maternal placenta development","1/342","28/12706",0.0357142857142857,1.32685881370092,0.28796170188474,0.534578797482308,0.701577006568083,0.607389822403277,"JUNB",1
"GO:0002828","regulation of type 2 immune response","1/342","28/12706",0.0357142857142857,1.32685881370092,0.28796170188474,0.534578797482308,0.701577006568083,0.607389822403277,"RARA",1
"GO:0014741","negative regulation of muscle hypertrophy","1/342","28/12706",0.0357142857142857,1.32685881370092,0.28796170188474,0.534578797482308,0.701577006568083,0.607389822403277,"FOXP1",1
"GO:0015012","heparan sulfate proteoglycan biosynthetic process","1/342","28/12706",0.0357142857142857,1.32685881370092,0.28796170188474,0.534578797482308,0.701577006568083,0.607389822403277,"HS6ST1",1
"GO:0016202","regulation of striated muscle tissue development","1/342","28/12706",0.0357142857142857,1.32685881370092,0.28796170188474,0.534578797482308,0.701577006568083,0.607389822403277,"TGFB1",1
"GO:0030261","chromosome condensation","1/342","28/12706",0.0357142857142857,1.32685881370092,0.28796170188474,0.534578797482308,0.701577006568083,0.607389822403277,"BAZ1B",1
"GO:0031646","positive regulation of nervous system process","1/342","28/12706",0.0357142857142857,1.32685881370092,0.28796170188474,0.534578797482308,0.701577006568083,0.607389822403277,"QKI",1
"GO:0032801","receptor catabolic process","1/342","28/12706",0.0357142857142857,1.32685881370092,0.28796170188474,0.534578797482308,0.701577006568083,0.607389822403277,"TGFB1",1
"GO:0043045","epigenetic programming of gene expression","1/342","28/12706",0.0357142857142857,1.32685881370092,0.28796170188474,0.534578797482308,0.701577006568083,0.607389822403277,"CTCF",1
"GO:0044058","regulation of digestive system process","1/342","28/12706",0.0357142857142857,1.32685881370092,0.28796170188474,0.534578797482308,0.701577006568083,0.607389822403277,"TYMP",1
"GO:0045292","mRNA cis splicing, via spliceosome","1/342","28/12706",0.0357142857142857,1.32685881370092,0.28796170188474,0.534578797482308,0.701577006568083,0.607389822403277,"SNRNP200",1
"GO:0045494","photoreceptor cell maintenance","1/342","28/12706",0.0357142857142857,1.32685881370092,0.28796170188474,0.534578797482308,0.701577006568083,0.607389822403277,"ARAP1",1
"GO:0048713","regulation of oligodendrocyte differentiation","1/342","28/12706",0.0357142857142857,1.32685881370092,0.28796170188474,0.534578797482308,0.701577006568083,0.607389822403277,"QKI",1
"GO:0050857","positive regulation of antigen receptor-mediated signaling pathway","1/342","28/12706",0.0357142857142857,1.32685881370092,0.28796170188474,0.534578797482308,0.701577006568083,0.607389822403277,"FOXP1",1
"GO:0071392","cellular response to estradiol stimulus","1/342","28/12706",0.0357142857142857,1.32685881370092,0.28796170188474,0.534578797482308,0.701577006568083,0.607389822403277,"HNRNPD",1
"GO:0098868","bone growth","1/342","28/12706",0.0357142857142857,1.32685881370092,0.28796170188474,0.534578797482308,0.701577006568083,0.607389822403277,"RARA",1
"GO:1900027","regulation of ruffle assembly","1/342","28/12706",0.0357142857142857,1.32685881370092,0.28796170188474,0.534578797482308,0.701577006568083,0.607389822403277,"EVL",1
"GO:1901185","negative regulation of ERBB signaling pathway","1/342","28/12706",0.0357142857142857,1.32685881370092,0.28796170188474,0.534578797482308,0.701577006568083,0.607389822403277,"MVP",1
"GO:1902683","regulation of receptor localization to synapse","1/342","28/12706",0.0357142857142857,1.32685881370092,0.28796170188474,0.534578797482308,0.701577006568083,0.607389822403277,"OGT",1
"GO:1903725","regulation of phospholipid metabolic process","1/342","28/12706",0.0357142857142857,1.32685881370092,0.28796170188474,0.534578797482308,0.701577006568083,0.607389822403277,"APOC2",1
"GO:0051960","regulation of nervous system development","9/342","331/12706",0.027190332326284,1.01017649864843,0.0312004359211896,0.535569043850471,0.702634059599548,0.608304965355571,"MACF1/TGFB1/TYMP/RARA/BTG2/ARHGAP4/QKI/PTEN/SORL1",9
"GO:0008361","regulation of cell size","4/342","143/12706",0.027972027972028,1.03921809184967,0.0784383930306954,0.539799837002986,0.707295457257626,0.612340567248428,"MACF1/PLEK/ARHGAP4/PTEN",4
"GO:0009913","epidermal cell differentiation","4/342","143/12706",0.027972027972028,1.03921809184967,0.0784383930306954,0.539799837002986,0.707295457257626,0.612340567248428,"NFKBIZ/PLEC/NUMA1/ZFP36",4
"GO:0051216","cartilage development","4/342","143/12706",0.027972027972028,1.03921809184967,0.0784383930306954,0.539799837002986,0.707295457257626,0.612340567248428,"TGFB1/RARA/RUNX1/TGFBI",4
"GO:0043534","blood vessel endothelial cell migration","3/342","105/12706",0.0285714285714286,1.06148705096074,0.105219612294758,0.540238297705457,0.707295457257626,0.612340567248428,"CSNK2B/TGFB1/MYH9",3
"GO:0046546","development of primary male sexual characteristics","3/342","105/12706",0.0285714285714286,1.06148705096074,0.105219612294758,0.540238297705457,0.707295457257626,0.612340567248428,"FLNA/RARA/NASP",3
"GO:0050770","regulation of axonogenesis","3/342","105/12706",0.0285714285714286,1.06148705096074,0.105219612294758,0.540238297705457,0.707295457257626,0.612340567248428,"MACF1/ARHGAP4/PTEN",3
"GO:0061337","cardiac conduction","2/342","67/12706",0.0298507462686567,1.10901632189928,0.148796754702844,0.542049948381311,0.708691163598949,0.613548899076363,"FLNA/ATP2B1",2
"GO:0070897","transcription preinitiation complex assembly","2/342","67/12706",0.0298507462686567,1.10901632189928,0.148796754702844,0.542049948381311,0.708691163598949,0.613548899076363,"NFKBIZ/UBTF",2
"GO:0072527","pyrimidine-containing compound metabolic process","2/342","67/12706",0.0298507462686567,1.10901632189928,0.148796754702844,0.542049948381311,0.708691163598949,0.613548899076363,"TYMP/NME4",2
"GO:1904377","positive regulation of protein localization to cell periphery","2/342","67/12706",0.0298507462686567,1.10901632189928,0.148796754702844,0.542049948381311,0.708691163598949,0.613548899076363,"EIF4G1/NUMA1",2
"GO:0043123","positive regulation of canonical NF-kappaB signal transduction","6/342","220/12706",0.0272727272727273,1.01323763955343,0.0329405704779781,0.54498643956699,0.708999054605167,0.61381545550828,"UBE2V1/AKAP13/CD4/TGFB1/FLNA/HUWE1",6
"GO:0051302","regulation of cell division","4/342","144/12706",0.0277777777777778,1.03200129954516,0.0642303599815715,0.545324715235216,0.708999054605167,0.61381545550828,"TGFB1/EVI2B/BIRC6/HDGF",4
"GO:0051347","positive regulation of transferase activity","4/342","144/12706",0.0277777777777778,1.03200129954516,0.0642303599815715,0.545324715235216,0.708999054605167,0.61381545550828,"CCDC88A/CD4/PABPN1/PIM1",4
"GO:0007265","Ras protein signal transduction","3/342","106/12706",0.0283018867924528,1.05147302217809,0.0885050838134174,0.546674132032225,0.708999054605167,0.61381545550828,"PICALM/GNB1/DOK2",3
"GO:0045667","regulation of osteoblast differentiation","3/342","106/12706",0.0283018867924528,1.05147302217809,0.0885050838134174,0.546674132032225,0.708999054605167,0.61381545550828,"JUND/IPO7/PTEN",3
"GO:0071900","regulation of protein serine/threonine kinase activity","3/342","106/12706",0.0283018867924528,1.05147302217809,0.0885050838134174,0.546674132032225,0.708999054605167,0.61381545550828,"DUSP1/PIM1/HGS",3
"GO:1901800","positive regulation of proteasomal protein catabolic process","3/342","106/12706",0.0283018867924528,1.05147302217809,0.0885050838134174,0.546674132032225,0.708999054605167,0.61381545550828,"HSPA1A/NOP53/HECTD1",3
"GO:0001662","behavioral fear response","1/342","29/12706",0.0344827586206897,1.28110506150434,0.252046289748254,0.547133936404934,0.708999054605167,0.61381545550828,"EIF4G1",1
"GO:0002313","mature B cell differentiation involved in immune response","1/342","29/12706",0.0344827586206897,1.28110506150434,0.252046289748254,0.547133936404934,0.708999054605167,0.61381545550828,"NFKBIZ",1
"GO:0002710","negative regulation of T cell mediated immunity","1/342","29/12706",0.0344827586206897,1.28110506150434,0.252046289748254,0.547133936404934,0.708999054605167,0.61381545550828,"SPN",1
"GO:0006654","phosphatidic acid biosynthetic process","1/342","29/12706",0.0344827586206897,1.28110506150434,0.252046289748254,0.547133936404934,0.708999054605167,0.61381545550828,"DGKZ",1
"GO:0009218","pyrimidine ribonucleotide metabolic process","1/342","29/12706",0.0344827586206897,1.28110506150434,0.252046289748254,0.547133936404934,0.708999054605167,0.61381545550828,"NME4",1
"GO:0010573","vascular endothelial growth factor production","1/342","29/12706",0.0344827586206897,1.28110506150434,0.252046289748254,0.547133936404934,0.708999054605167,0.61381545550828,"TGFB1",1
"GO:0032607","interferon-alpha production","1/342","29/12706",0.0344827586206897,1.28110506150434,0.252046289748254,0.547133936404934,0.708999054605167,0.61381545550828,"DDX3X",1
"GO:0032647","regulation of interferon-alpha production","1/342","29/12706",0.0344827586206897,1.28110506150434,0.252046289748254,0.547133936404934,0.708999054605167,0.61381545550828,"DDX3X",1
"GO:0033687","osteoblast proliferation","1/342","29/12706",0.0344827586206897,1.28110506150434,0.252046289748254,0.547133936404934,0.708999054605167,0.61381545550828,"JUNB",1
"GO:0038179","neurotrophin signaling pathway","1/342","29/12706",0.0344827586206897,1.28110506150434,0.252046289748254,0.547133936404934,0.708999054605167,0.61381545550828,"RAF1",1
"GO:0045773","positive regulation of axon extension","1/342","29/12706",0.0344827586206897,1.28110506150434,0.252046289748254,0.547133936404934,0.708999054605167,0.61381545550828,"MACF1",1
"GO:0051984","positive regulation of chromosome segregation","1/342","29/12706",0.0344827586206897,1.28110506150434,0.252046289748254,0.547133936404934,0.708999054605167,0.61381545550828,"NUMA1",1
"GO:0070972","protein localization to endoplasmic reticulum","1/342","29/12706",0.0344827586206897,1.28110506150434,0.252046289748254,0.547133936404934,0.708999054605167,0.61381545550828,"PPP1R15A",1
"GO:0090382","phagosome maturation","1/342","29/12706",0.0344827586206897,1.28110506150434,0.252046289748254,0.547133936404934,0.708999054605167,0.61381545550828,"RAB31",1
"GO:0140896","cGAS/STING signaling pathway","1/342","29/12706",0.0344827586206897,1.28110506150434,0.252046289748254,0.547133936404934,0.708999054605167,0.61381545550828,"PRKDC",1
"GO:1900227","positive regulation of NLRP3 inflammasome complex assembly","1/342","29/12706",0.0344827586206897,1.28110506150434,0.252046289748254,0.547133936404934,0.708999054605167,0.61381545550828,"DDX3X",1
"GO:1901861","regulation of muscle tissue development","1/342","29/12706",0.0344827586206897,1.28110506150434,0.252046289748254,0.547133936404934,0.708999054605167,0.61381545550828,"TGFB1",1
"GO:1902624","positive regulation of neutrophil migration","1/342","29/12706",0.0344827586206897,1.28110506150434,0.252046289748254,0.547133936404934,0.708999054605167,0.61381545550828,"RIPOR2",1
"GO:1905332","positive regulation of morphogenesis of an epithelium","1/342","29/12706",0.0344827586206897,1.28110506150434,0.252046289748254,0.547133936404934,0.708999054605167,0.61381545550828,"TGFB1",1
"GO:0003013","circulatory system process","12/342","448/12706",0.0267857142857143,0.995144110275689,-0.0174027909590767,0.548871724365591,0.710650005177667,0.615244764857987,"SLC44A1/P2RX1/TGFB1/GRK2/SOD2/SLC2A3/FLNA/KLF2/CYBA/PLEC/SCPEP1/ATP2B1",12
"GO:0060560","developmental growth involved in morphogenesis","5/342","183/12706",0.0273224043715847,1.01508324545425,0.0341811793143348,0.549803380901174,0.710650005177667,0.615244764857987,"MACF1/TGFB1/CPNE1/ARHGAP4/LLPH",5
"GO:0010232","vascular transport","2/342","68/12706",0.0294117647058824,1.09270725834193,0.127482305232372,0.550090206532844,0.710650005177667,0.615244764857987,"SLC44A1/SLC2A3",2
"GO:0010972","negative regulation of G2/M transition of mitotic cell cycle","2/342","68/12706",0.0294117647058824,1.09270725834193,0.127482305232372,0.550090206532844,0.710650005177667,0.615244764857987,"NOP53/TAOK1",2
"GO:0022898","regulation of transmembrane transporter activity","2/342","68/12706",0.0294117647058824,1.09270725834193,0.127482305232372,0.550090206532844,0.710650005177667,0.615244764857987,"PIM1/CTSS",2
"GO:0042982","amyloid precursor protein metabolic process","2/342","68/12706",0.0294117647058824,1.09270725834193,0.127482305232372,0.550090206532844,0.710650005177667,0.615244764857987,"PICALM/SORL1",2
"GO:0050886","endocrine process","2/342","68/12706",0.0294117647058824,1.09270725834193,0.127482305232372,0.550090206532844,0.710650005177667,0.615244764857987,"CYBA/RAB11FIP1",2
"GO:0150104","transport across blood-brain barrier","2/342","68/12706",0.0294117647058824,1.09270725834193,0.127482305232372,0.550090206532844,0.710650005177667,0.615244764857987,"SLC44A1/SLC2A3",2
"GO:0150116","regulation of cell-substrate junction organization","2/342","68/12706",0.0294117647058824,1.09270725834193,0.127482305232372,0.550090206532844,0.710650005177667,0.615244764857987,"MACF1/PTEN",2
"GO:0030003","intracellular monoatomic cation homeostasis","11/342","411/12706",0.0267639902676399,0.994337018539861,-0.0194098721038973,0.551346382553383,0.71203089214265,0.616440266820805,"RNASEK/GRN/P2RX1/TGFB1/DMXL2/PICALM/FLNA/CYBA/TMEM165/CALR/ATP2B1",11
"GO:0007040","lysosome organization","3/342","107/12706",0.0280373831775701,1.04164617150353,0.0719481818485526,0.553057247917553,0.71278768019747,0.617095455571164,"RNASEK/GRN/TMEM165",3
"GO:0007259","cell surface receptor signaling pathway via JAK-STAT","3/342","107/12706",0.0280373831775701,1.04164617150353,0.0719481818485526,0.553057247917553,0.71278768019747,0.617095455571164,"IL10RB/EP300/HGS",3
"GO:0007612","learning","3/342","107/12706",0.0280373831775701,1.04164617150353,0.0719481818485526,0.553057247917553,0.71278768019747,0.617095455571164,"FOS/BTG2/KMT2A",3
"GO:0070936","protein K48-linked ubiquitination","3/342","107/12706",0.0280373831775701,1.04164617150353,0.0719481818485526,0.553057247917553,0.71278768019747,0.617095455571164,"HUWE1/MYCBP2/UBR5",3
"GO:0080171","lytic vacuole organization","3/342","107/12706",0.0280373831775701,1.04164617150353,0.0719481818485526,0.553057247917553,0.71278768019747,0.617095455571164,"RNASEK/GRN/TMEM165",3
"GO:0090090","negative regulation of canonical Wnt signaling pathway","3/342","107/12706",0.0280373831775701,1.04164617150353,0.0719481818485526,0.553057247917553,0.71278768019747,0.617095455571164,"TLE5/SDHAF2/CHD8",3
"GO:0010810","regulation of cell-substrate adhesion","5/342","184/12706",0.0271739130434783,1.00956648868548,0.0217392978823974,0.554672145947712,0.713372450869964,0.617601720388266,"MACF1/FLNA/CALR/PREX1/PTEN",5
"GO:0002637","regulation of immunoglobulin production","2/342","69/12706",0.0289855072463768,1.07687092126451,0.106484287196014,0.558030933082286,0.713372450869964,0.617601720388266,"IL2RG/TGFB1",2
"GO:0009123","nucleoside monophosphate metabolic process","2/342","69/12706",0.0289855072463768,1.07687092126451,0.106484287196014,0.558030933082286,0.713372450869964,0.617601720388266,"TYMP/IMPDH2",2
"GO:0014896","muscle hypertrophy","2/342","69/12706",0.0289855072463768,1.07687092126451,0.106484287196014,0.558030933082286,0.713372450869964,0.617601720388266,"FOXP1/CYBA",2
"GO:0018958","phenol-containing compound metabolic process","2/342","69/12706",0.0289855072463768,1.07687092126451,0.106484287196014,0.558030933082286,0.713372450869964,0.617601720388266,"ITGAM/ITGB2",2
"GO:0042157","lipoprotein metabolic process","2/342","69/12706",0.0289855072463768,1.07687092126451,0.106484287196014,0.558030933082286,0.713372450869964,0.617601720388266,"CTSD/APOC2",2
"GO:0045995","regulation of embryonic development","2/342","69/12706",0.0289855072463768,1.07687092126451,0.106484287196014,0.558030933082286,0.713372450869964,0.617601720388266,"SEPTIN7/TRIP12",2
"GO:0051881","regulation of mitochondrial membrane potential","2/342","69/12706",0.0289855072463768,1.07687092126451,0.106484287196014,0.558030933082286,0.713372450869964,0.617601720388266,"NDUFC2/SOD2",2
"GO:0097009","energy homeostasis","2/342","69/12706",0.0289855072463768,1.07687092126451,0.106484287196014,0.558030933082286,0.713372450869964,0.617601720388266,"EIF4G1/SORL1",2
"GO:1902750","negative regulation of cell cycle G2/M phase transition","2/342","69/12706",0.0289855072463768,1.07687092126451,0.106484287196014,0.558030933082286,0.713372450869964,0.617601720388266,"NOP53/TAOK1",2
"GO:2000144","positive regulation of DNA-templated transcription initiation","2/342","69/12706",0.0289855072463768,1.07687092126451,0.106484287196014,0.558030933082286,0.713372450869964,0.617601720388266,"JUN/NFKBIA",2
"GO:0000079","regulation of cyclin-dependent protein serine/threonine kinase activity","1/342","30/12706",0.0333333333333333,1.23840155945419,0.217420001073347,0.559351353281917,0.713372450869964,0.617601720388266,"PIM1",1
"GO:0001773","myeloid dendritic cell activation","1/342","30/12706",0.0333333333333333,1.23840155945419,0.217420001073347,0.559351353281917,0.713372450869964,0.617601720388266,"TGFB1",1
"GO:0003176","aortic valve development","1/342","30/12706",0.0333333333333333,1.23840155945419,0.217420001073347,0.559351353281917,0.713372450869964,0.617601720388266,"TGFB1",1
"GO:0007064","mitotic sister chromatid cohesion","1/342","30/12706",0.0333333333333333,1.23840155945419,0.217420001073347,0.559351353281917,0.713372450869964,0.617601720388266,"STAG1",1
"GO:0009112","nucleobase metabolic process","1/342","30/12706",0.0333333333333333,1.23840155945419,0.217420001073347,0.559351353281917,0.713372450869964,0.617601720388266,"TYMP",1
"GO:0010458","exit from mitosis","1/342","30/12706",0.0333333333333333,1.23840155945419,0.217420001073347,0.559351353281917,0.713372450869964,0.617601720388266,"TGFB1",1
"GO:0030501","positive regulation of bone mineralization","1/342","30/12706",0.0333333333333333,1.23840155945419,0.217420001073347,0.559351353281917,0.713372450869964,0.617601720388266,"ATP2B1",1
"GO:0036314","response to sterol","1/342","30/12706",0.0333333333333333,1.23840155945419,0.217420001073347,0.559351353281917,0.713372450869964,0.617601720388266,"TGFB1",1
"GO:0046676","negative regulation of insulin secretion","1/342","30/12706",0.0333333333333333,1.23840155945419,0.217420001073347,0.559351353281917,0.713372450869964,0.617601720388266,"PFKL",1
"GO:0051955","regulation of amino acid transport","1/342","30/12706",0.0333333333333333,1.23840155945419,0.217420001073347,0.559351353281917,0.713372450869964,0.617601720388266,"SEPTIN2",1
"GO:0055010","ventricular cardiac muscle tissue morphogenesis","1/342","30/12706",0.0333333333333333,1.23840155945419,0.217420001073347,0.559351353281917,0.713372450869964,0.617601720388266,"TGFB1",1
"GO:0062098","regulation of programmed necrotic cell death","1/342","30/12706",0.0333333333333333,1.23840155945419,0.217420001073347,0.559351353281917,0.713372450869964,0.617601720388266,"OGT",1
"GO:0071354","cellular response to interleukin-6","1/342","30/12706",0.0333333333333333,1.23840155945419,0.217420001073347,0.559351353281917,0.713372450869964,0.617601720388266,"SELPLG",1
"GO:0071901","negative regulation of protein serine/threonine kinase activity","1/342","30/12706",0.0333333333333333,1.23840155945419,0.217420001073347,0.559351353281917,0.713372450869964,0.617601720388266,"DUSP1",1
"GO:0097345","mitochondrial outer membrane permeabilization","1/342","30/12706",0.0333333333333333,1.23840155945419,0.217420001073347,0.559351353281917,0.713372450869964,0.617601720388266,"HSPA1A",1
"GO:0097484","dendrite extension","1/342","30/12706",0.0333333333333333,1.23840155945419,0.217420001073347,0.559351353281917,0.713372450869964,0.617601720388266,"LLPH",1
"GO:0141087","positive regulation of inflammasome-mediated signaling pathway","1/342","30/12706",0.0333333333333333,1.23840155945419,0.217420001073347,0.559351353281917,0.713372450869964,0.617601720388266,"DDX3X",1
"GO:1903955","positive regulation of protein targeting to mitochondrion","1/342","30/12706",0.0333333333333333,1.23840155945419,0.217420001073347,0.559351353281917,0.713372450869964,0.617601720388266,"HUWE1",1
"GO:1904357","negative regulation of telomere maintenance via telomere lengthening","1/342","30/12706",0.0333333333333333,1.23840155945419,0.217420001073347,0.559351353281917,0.713372450869964,0.617601720388266,"HNRNPA1",1
"GO:0097237","cellular response to toxic substance","3/342","108/12706",0.0277777777777778,1.03200129954516,0.0555455895011731,0.559386925692954,0.713372450869964,0.617601720388266,"S100A9/SOD2/PIM1",3
"GO:0016358","dendrite development","5/342","185/12706",0.027027027027027,1.00410937253043,0.00936402920369456,0.559515162676021,0.713372450869964,0.617601720388266,"LST1/PICALM/PREX1/LLPH/PTEN",5
"GO:0035264","multicellular organism growth","4/342","147/12706",0.0272108843537415,1.01094004853403,0.0221881593067967,0.561691369089932,0.715427331752067,0.619380732132316,"KLF2/RARA/PLEC/EP300",4
"GO:0098739","import across plasma membrane","4/342","147/12706",0.0272108843537415,1.01094004853403,0.0221881593067967,0.561691369089932,0.715427331752067,0.619380732132316,"SEPTIN2/P2RX1/SLC2A3/PPP3R1",4
"GO:1905037","autophagosome organization","4/342","147/12706",0.0272108843537415,1.01094004853403,0.0221881593067967,0.561691369089932,0.715427331752067,0.619380732132316,"CTSD/SYK/USP33/EP300",4
"GO:0002790","peptide secretion","5/342","186/12706",0.0268817204301075,0.998710935043702,-0.00294543877194739,0.564331978017971,0.718443561140742,0.62199203070049,"S100A8/TARDBP/RBM4/PFKL/RAF1",5
"GO:0010975","regulation of neuron projection development","9/342","339/12706",0.0265486725663717,0.986337525229002,-0.0424050843309676,0.564609350566895,0.718443561140742,0.62199203070049,"S100A9/CCDC88A/GRN/MACF1/MYCBP2/ARHGAP4/PREX1/EP300/PTEN",9
"GO:0000422","autophagy of mitochondrion","3/342","109/12706",0.0275229357798165,1.02253339771447,0.0392940918413695,0.565662492152781,0.718443561140742,0.62199203070049,"PARL/HUWE1/OGT",3
"GO:0010811","positive regulation of cell-substrate adhesion","3/342","109/12706",0.0275229357798165,1.02253339771447,0.0392940918413695,0.565662492152781,0.718443561140742,0.62199203070049,"FLNA/CALR/PREX1",3
"GO:0045834","positive regulation of lipid metabolic process","3/342","109/12706",0.0275229357798165,1.02253339771447,0.0392940918413695,0.565662492152781,0.718443561140742,0.62199203070049,"OGT/QKI/APOC2",3
"GO:0031640","killing of cells of another organism","2/342","70/12706",0.0285714285714286,1.06148705096074,0.085792389663994,0.565871646966486,0.718443561140742,0.62199203070049,"PIM1/NINJ1",2
"GO:0141061","disruption of cell in another organism","2/342","70/12706",0.0285714285714286,1.06148705096074,0.085792389663994,0.565871646966486,0.718443561140742,0.62199203070049,"PIM1/NINJ1",2
"GO:2000736","regulation of stem cell differentiation","2/342","70/12706",0.0285714285714286,1.06148705096074,0.085792389663994,0.565871646966486,0.718443561140742,0.62199203070049,"PRKDC/CHD3",2
"GO:0050679","positive regulation of epithelial cell proliferation","4/342","148/12706",0.027027027027027,1.00410937253043,0.00836309483097653,0.567075676914964,0.718443561140742,0.62199203070049,"GRN/JUN/TGFB1/CYBA",4
"GO:0051321","meiotic cell cycle","6/342","225/12706",0.0266666666666667,0.990721247563353,-0.0233548479717303,0.567084141821728,0.718443561140742,0.62199203070049,"DUSP1/MYH9/CALR/TOP2B/NUMA1/PTEN",6
"GO:0010562","positive regulation of phosphorus metabolic process","7/342","264/12706",0.0265151515151515,0.985092149565834,-0.0407092200153162,0.569854315765616,0.718443561140742,0.62199203070049,"NDUFC2/CCDC88A/CD4/PLAUR/PIM1/RAF1/APOC2",7
"GO:0045937","positive regulation of phosphate metabolic process","7/342","264/12706",0.0265151515151515,0.985092149565834,-0.0407092200153162,0.569854315765616,0.718443561140742,0.62199203070049,"NDUFC2/CCDC88A/CD4/PLAUR/PIM1/RAF1/APOC2",7
"GO:0008015","blood circulation","10/342","379/12706",0.0263852242744063,0.980265086639201,-0.0648704664363609,0.57121288238818,0.718443561140742,0.62199203070049,"P2RX1/TGFB1/GRK2/SOD2/FLNA/KLF2/CYBA/PLEC/SCPEP1/ATP2B1",10
"GO:0001778","plasma membrane repair","1/342","31/12706",0.032258064516129,1.19845312205244,0.183986385695701,0.571240106609275,0.718443561140742,0.62199203070049,"MYH9",1
"GO:0001990","regulation of systemic arterial blood pressure by hormone","1/342","31/12706",0.032258064516129,1.19845312205244,0.183986385695701,0.571240106609275,0.718443561140742,0.62199203070049,"CYBA",1
"GO:0006099","tricarboxylic acid cycle","1/342","31/12706",0.032258064516129,1.19845312205244,0.183986385695701,0.571240106609275,0.718443561140742,0.62199203070049,"SDHAF2",1
"GO:0006221","pyrimidine nucleotide biosynthetic process","1/342","31/12706",0.032258064516129,1.19845312205244,0.183986385695701,0.571240106609275,0.718443561140742,0.62199203070049,"NME4",1
"GO:0009156","ribonucleoside monophosphate biosynthetic process","1/342","31/12706",0.032258064516129,1.19845312205244,0.183986385695701,0.571240106609275,0.718443561140742,0.62199203070049,"IMPDH2",1
"GO:0009583","detection of light stimulus","1/342","31/12706",0.032258064516129,1.19845312205244,0.183986385695701,0.571240106609275,0.718443561140742,0.62199203070049,"GNAQ",1
"GO:0010837","regulation of keratinocyte proliferation","1/342","31/12706",0.032258064516129,1.19845312205244,0.183986385695701,0.571240106609275,0.718443561140742,0.62199203070049,"ZFP36",1
"GO:0016266","protein O-linked glycosylation via N-acetyl-galactosamine","1/342","31/12706",0.032258064516129,1.19845312205244,0.183986385695701,0.571240106609275,0.718443561140742,0.62199203070049,"GALNT6",1
"GO:0032232","negative regulation of actin filament bundle assembly","1/342","31/12706",0.032258064516129,1.19845312205244,0.183986385695701,0.571240106609275,0.718443561140742,0.62199203070049,"ARAP1",1
"GO:0032692","negative regulation of interleukin-1 production","1/342","31/12706",0.032258064516129,1.19845312205244,0.183986385695701,0.571240106609275,0.718443561140742,0.62199203070049,"ACP5",1
"GO:0032941","secretion by tissue","1/342","31/12706",0.032258064516129,1.19845312205244,0.183986385695701,0.571240106609275,0.718443561140742,0.62199203070049,"CYBA",1
"GO:0034067","protein localization to Golgi apparatus","1/342","31/12706",0.032258064516129,1.19845312205244,0.183986385695701,0.571240106609275,0.718443561140742,0.62199203070049,"SORL1",1
"GO:0034143","regulation of toll-like receptor 4 signaling pathway","1/342","31/12706",0.032258064516129,1.19845312205244,0.183986385695701,0.571240106609275,0.718443561140742,0.62199203070049,"NINJ1",1
"GO:0036258","multivesicular body assembly","1/342","31/12706",0.032258064516129,1.19845312205244,0.183986385695701,0.571240106609275,0.718443561140742,0.62199203070049,"HGS",1
"GO:0045048","protein insertion into ER membrane","1/342","31/12706",0.032258064516129,1.19845312205244,0.183986385695701,0.571240106609275,0.718443561140742,0.62199203070049,"GET3",1
"GO:0045923","positive regulation of fatty acid metabolic process","1/342","31/12706",0.032258064516129,1.19845312205244,0.183986385695701,0.571240106609275,0.718443561140742,0.62199203070049,"APOC2",1
"GO:0046473","phosphatidic acid metabolic process","1/342","31/12706",0.032258064516129,1.19845312205244,0.183986385695701,0.571240106609275,0.718443561140742,0.62199203070049,"DGKZ",1
"GO:0048199","vesicle targeting, to, from or within Golgi","1/342","31/12706",0.032258064516129,1.19845312205244,0.183986385695701,0.571240106609275,0.718443561140742,0.62199203070049,"TRAPPC5",1
"GO:0048634","regulation of muscle organ development","1/342","31/12706",0.032258064516129,1.19845312205244,0.183986385695701,0.571240106609275,0.718443561140742,0.62199203070049,"TGFB1",1
"GO:0051642","centrosome localization","1/342","31/12706",0.032258064516129,1.19845312205244,0.183986385695701,0.571240106609275,0.718443561140742,0.62199203070049,"RANBP2",1
"GO:0061842","microtubule organizing center localization","1/342","31/12706",0.032258064516129,1.19845312205244,0.183986385695701,0.571240106609275,0.718443561140742,0.62199203070049,"RANBP2",1
"GO:0070306","lens fiber cell differentiation","1/342","31/12706",0.032258064516129,1.19845312205244,0.183986385695701,0.571240106609275,0.718443561140742,0.62199203070049,"TGFB1",1
"GO:0099010","modification of postsynaptic structure","1/342","31/12706",0.032258064516129,1.19845312205244,0.183986385695701,0.571240106609275,0.718443561140742,0.62199203070049,"CTTNBP2",1
"GO:1905820","positive regulation of chromosome separation","1/342","31/12706",0.032258064516129,1.19845312205244,0.183986385695701,0.571240106609275,0.718443561140742,0.62199203070049,"NUMA1",1
"GO:2000179","positive regulation of neural precursor cell proliferation","1/342","31/12706",0.032258064516129,1.19845312205244,0.183986385695701,0.571240106609275,0.718443561140742,0.62199203070049,"FLNA",1
"GO:0032204","regulation of telomere maintenance","3/342","110/12706",0.0272727272727273,1.01323763955343,0.0231905718365639,0.571883319400209,0.71901467604484,0.622486473045271,"HNRNPA1/SMG1/HNRNPD",3
"GO:1905475","regulation of protein localization to membrane","4/342","149/12706",0.0268456375838926,0.99737038345304,-0.00536986664396137,0.572423466624527,0.719455874415356,0.622868440238328,"TGFB1/CLTC/PICALM/OGT",4
"GO:0010833","telomere maintenance via telomere lengthening","2/342","71/12706",0.028169014084507,1.04653652911622,0.065396789691771,0.573611964777581,0.72023536660646,0.623543285079432,"HNRNPA1/HNRNPD",2
"GO:0032637","interleukin-8 production","2/342","71/12706",0.028169014084507,1.04653652911622,0.065396789691771,0.573611964777581,0.72023536660646,0.623543285079432,"SYK/HSPA1A",2
"GO:0032677","regulation of interleukin-8 production","2/342","71/12706",0.028169014084507,1.04653652911622,0.065396789691771,0.573611964777581,0.72023536660646,0.623543285079432,"SYK/HSPA1A",2
"GO:0048469","cell maturation","4/342","150/12706",0.0266666666666667,0.990721247563353,-0.0190121159004058,0.577734236760222,0.72389410844082,0.62671083836608,"IER3IP1/TGFB1/KLF2/ZBTB7A",4
"GO:0001501","skeletal system development","10/342","381/12706",0.026246719160105,0.975119338152906,-0.0820071732403257,0.57795611863665,0.72389410844082,0.62671083836608,"TLE5/VKORC1/AKAP13/TGFB1/FOXP1/RARA/RUNX1/FGR/TGFBI/ACP5",10
"GO:0002040","sprouting angiogenesis","3/342","111/12706",0.027027027027027,1.00410937253043,0.00723200647851611,0.5780488236997,0.72389410844082,0.62671083836608,"RNF213/TGFB1/KLF2",3
"GO:1904950","negative regulation of establishment of protein localization","3/342","111/12706",0.027027027027027,1.00410937253043,0.00723200647851611,0.5780488236997,0.72389410844082,0.62671083836608,"PFKL/RAB11FIP1/NFKBIA",3
"GO:0003007","heart morphogenesis","5/342","189/12706",0.0264550264550265,0.982858380519199,-0.0394869432573088,0.578620910716543,0.72389410844082,0.62671083836608,"JUN/TGFB1/RARA/PIM1/ARID2",5
"GO:0006873","intracellular monoatomic ion homeostasis","11/342","420/12706",0.0261904761904762,0.973029796714007,-0.0934812474519593,0.580554237679131,0.72389410844082,0.62671083836608,"RNASEK/GRN/P2RX1/TGFB1/DMXL2/PICALM/FLNA/CYBA/TMEM165/CALR/ATP2B1",11
"GO:0006939","smooth muscle contraction","2/342","72/12706",0.0277777777777778,1.03200129954516,0.045288122485553,0.581251595883473,0.72389410844082,0.62671083836608,"P2RX1/ATP2B1",2
"GO:0030330","DNA damage response, signal transduction by p53 class mediator","2/342","72/12706",0.0277777777777778,1.03200129954516,0.045288122485553,0.581251595883473,0.72389410844082,0.62671083836608,"RPL26/HIPK2",2
"GO:0051781","positive regulation of cell division","2/342","72/12706",0.0277777777777778,1.03200129954516,0.045288122485553,0.581251595883473,0.72389410844082,0.62671083836608,"TGFB1/HDGF",2
"GO:0140238","presynaptic endocytosis","2/342","72/12706",0.0277777777777778,1.03200129954516,0.045288122485553,0.581251595883473,0.72389410844082,0.62671083836608,"AAK1/AP3D1",2
"GO:0001953","negative regulation of cell-matrix adhesion","1/342","32/12706",0.03125,1.1610014619883,0.151659230112659,0.582809012608456,0.72389410844082,0.62671083836608,"PTEN",1
"GO:0002691","regulation of cellular extravasation","1/342","32/12706",0.03125,1.1610014619883,0.151659230112659,0.582809012608456,0.72389410844082,0.62671083836608,"RIPOR2",1
"GO:0032373","positive regulation of sterol transport","1/342","32/12706",0.03125,1.1610014619883,0.151659230112659,0.582809012608456,0.72389410844082,0.62671083836608,"GPS2",1
"GO:0032376","positive regulation of cholesterol transport","1/342","32/12706",0.03125,1.1610014619883,0.151659230112659,0.582809012608456,0.72389410844082,0.62671083836608,"GPS2",1
"GO:0032414","positive regulation of ion transmembrane transporter activity","1/342","32/12706",0.03125,1.1610014619883,0.151659230112659,0.582809012608456,0.72389410844082,0.62671083836608,"CTSS",1
"GO:0032620","interleukin-17 production","1/342","32/12706",0.03125,1.1610014619883,0.151659230112659,0.582809012608456,0.72389410844082,0.62671083836608,"TGFB1",1
"GO:0032660","regulation of interleukin-17 production","1/342","32/12706",0.03125,1.1610014619883,0.151659230112659,0.582809012608456,0.72389410844082,0.62671083836608,"TGFB1",1
"GO:0032689","negative regulation of type II interferon production","1/342","32/12706",0.03125,1.1610014619883,0.151659230112659,0.582809012608456,0.72389410844082,0.62671083836608,"RARA",1
"GO:0032872","regulation of stress-activated MAPK cascade","1/342","32/12706",0.03125,1.1610014619883,0.151659230112659,0.582809012608456,0.72389410844082,0.62671083836608,"TAOK1",1
"GO:0032924","activin receptor signaling pathway","1/342","32/12706",0.03125,1.1610014619883,0.151659230112659,0.582809012608456,0.72389410844082,0.62671083836608,"CSNK2B",1
"GO:0045879","negative regulation of smoothened signaling pathway","1/342","32/12706",0.03125,1.1610014619883,0.151659230112659,0.582809012608456,0.72389410844082,0.62671083836608,"UBR5",1
"GO:0055090","acylglycerol homeostasis","1/342","32/12706",0.03125,1.1610014619883,0.151659230112659,0.582809012608456,0.72389410844082,0.62671083836608,"APOC2",1
"GO:0070328","triglyceride homeostasis","1/342","32/12706",0.03125,1.1610014619883,0.151659230112659,0.582809012608456,0.72389410844082,0.62671083836608,"APOC2",1
"GO:0070741","response to interleukin-6","1/342","32/12706",0.03125,1.1610014619883,0.151659230112659,0.582809012608456,0.72389410844082,0.62671083836608,"SELPLG",1
"GO:0090278","negative regulation of peptide hormone secretion","1/342","32/12706",0.03125,1.1610014619883,0.151659230112659,0.582809012608456,0.72389410844082,0.62671083836608,"PFKL",1
"GO:0099022","vesicle tethering","1/342","32/12706",0.03125,1.1610014619883,0.151659230112659,0.582809012608456,0.72389410844082,0.62671083836608,"TRAPPC5",1
"GO:0150146","cell junction disassembly","1/342","32/12706",0.03125,1.1610014619883,0.151659230112659,0.582809012608456,0.72389410844082,0.62671083836608,"ITGAM",1
"GO:1902253","regulation of intrinsic apoptotic signaling pathway by p53 class mediator","1/342","32/12706",0.03125,1.1610014619883,0.151659230112659,0.582809012608456,0.72389410844082,0.62671083836608,"RPL26",1
"GO:1903580","positive regulation of ATP metabolic process","1/342","32/12706",0.03125,1.1610014619883,0.151659230112659,0.582809012608456,0.72389410844082,0.62671083836608,"NDUFC2",1
"GO:1904385","cellular response to angiotensin","1/342","32/12706",0.03125,1.1610014619883,0.151659230112659,0.582809012608456,0.72389410844082,0.62671083836608,"CYBA",1
"GO:1904861","excitatory synapse assembly","1/342","32/12706",0.03125,1.1610014619883,0.151659230112659,0.582809012608456,0.72389410844082,0.62671083836608,"PTEN",1
"GO:1905314","semi-lunar valve development","1/342","32/12706",0.03125,1.1610014619883,0.151659230112659,0.582809012608456,0.72389410844082,0.62671083836608,"TGFB1",1
"GO:2000648","positive regulation of stem cell proliferation","1/342","32/12706",0.03125,1.1610014619883,0.151659230112659,0.582809012608456,0.72389410844082,0.62671083836608,"TGFB1",1
"GO:0030073","insulin secretion","4/342","152/12706",0.0263157894736842,0.977685441674361,-0.046029887830152,0.588242830793231,0.728941994165891,0.631081042043451,"TARDBP/RBM4/PFKL/RAF1",4
"GO:0001822","kidney development","6/342","230/12706",0.0260869565217391,0.969183829138062,-0.0784378711074856,0.588656274604091,0.728941994165891,0.631081042043451,"TGFB1/BASP1/RARA/CNTRL/AP1B1/CTSH",6
"GO:0001960","negative regulation of cytokine-mediated signaling pathway","2/342","73/12706",0.0273972602739726,1.0178642954418,0.0254574537862563,0.588790337738941,0.728941994165891,0.631081042043451,"ADAR/GPS2",2
"GO:0003073","regulation of systemic arterial blood pressure","2/342","73/12706",0.0273972602739726,1.0178642954418,0.0254574537862563,0.588790337738941,0.728941994165891,0.631081042043451,"SOD2/CYBA",2
"GO:0014812","muscle cell migration","2/342","73/12706",0.0273972602739726,1.0178642954418,0.0254574537862563,0.588790337738941,0.728941994165891,0.631081042043451,"AIF1/SORL1",2
"GO:0032206","positive regulation of telomere maintenance","2/342","73/12706",0.0273972602739726,1.0178642954418,0.0254574537862563,0.588790337738941,0.728941994165891,0.631081042043451,"HNRNPA1/HNRNPD",2
"GO:0043271","negative regulation of monoatomic ion transport","2/342","73/12706",0.0273972602739726,1.0178642954418,0.0254574537862563,0.588790337738941,0.728941994165891,0.631081042043451,"TGFB1/PPP3R1",2
"GO:0045911","positive regulation of DNA recombination","2/342","73/12706",0.0273972602739726,1.0178642954418,0.0254574537862563,0.588790337738941,0.728941994165891,0.631081042043451,"TGFB1/ARID2",2
"GO:0051298","centrosome duplication","2/342","73/12706",0.0273972602739726,1.0178642954418,0.0254574537862563,0.588790337738941,0.728941994165891,0.631081042043451,"XPO1/USP33",2
"GO:0060079","excitatory postsynaptic potential","2/342","73/12706",0.0273972602739726,1.0178642954418,0.0254574537862563,0.588790337738941,0.728941994165891,0.631081042043451,"P2RX1/PTEN",2
"GO:0030509","BMP signaling pathway","3/342","113/12706",0.0265486725663717,0.986337525229002,-0.0242619041458896,0.590211742487551,0.729988628802104,0.631987165277051,"NUMA1/HIPK2/SORL1",3
"GO:0048754","branching morphogenesis of an epithelial tube","3/342","113/12706",0.0265486725663717,0.986337525229002,-0.0242619041458896,0.590211742487551,0.729988628802104,0.631987165277051,"TGFB1/PPP3R1/CTSH",3
"GO:0061351","neural precursor cell proliferation","3/342","113/12706",0.0265486725663717,0.986337525229002,-0.0242619041458896,0.590211742487551,0.729988628802104,0.631987165277051,"TGFB1/FLNA/BTG2",3
"GO:0048705","skeletal system morphogenesis","4/342","153/12706",0.0261437908496732,0.971295340748385,-0.0594080416441905,0.593439768970254,0.730479110516141,0.632411799491672,"TGFB1/RARA/FGR/ACP5",4
"GO:0002792","negative regulation of peptide secretion","1/342","33/12706",0.0303030303030303,1.12581959950381,0.120361181009546,0.594066651687508,0.730479110516141,0.632411799491672,"PFKL",1
"GO:0014911","positive regulation of smooth muscle cell migration","1/342","33/12706",0.0303030303030303,1.12581959950381,0.120361181009546,0.594066651687508,0.730479110516141,0.632411799491672,"AIF1",1
"GO:0019731","antibacterial humoral response","1/342","33/12706",0.0303030303030303,1.12581959950381,0.120361181009546,0.594066651687508,0.730479110516141,0.632411799491672,"HLA-A",1
"GO:0031114","regulation of microtubule depolymerization","1/342","33/12706",0.0303030303030303,1.12581959950381,0.120361181009546,0.594066651687508,0.730479110516141,0.632411799491672,"TAOK1",1
"GO:0042596","fear response","1/342","33/12706",0.0303030303030303,1.12581959950381,0.120361181009546,0.594066651687508,0.730479110516141,0.632411799491672,"EIF4G1",1
"GO:0042759","long-chain fatty acid biosynthetic process","1/342","33/12706",0.0303030303030303,1.12581959950381,0.120361181009546,0.594066651687508,0.730479110516141,0.632411799491672,"QKI",1
"GO:0043516","regulation of DNA damage response, signal transduction by p53 class mediator","1/342","33/12706",0.0303030303030303,1.12581959950381,0.120361181009546,0.594066651687508,0.730479110516141,0.632411799491672,"RPL26",1
"GO:0045109","intermediate filament organization","1/342","33/12706",0.0303030303030303,1.12581959950381,0.120361181009546,0.594066651687508,0.730479110516141,0.632411799491672,"PLEC",1
"GO:0045747","positive regulation of Notch signaling pathway","1/342","33/12706",0.0303030303030303,1.12581959950381,0.120361181009546,0.594066651687508,0.730479110516141,0.632411799491672,"AAK1",1
"GO:0045940","positive regulation of steroid metabolic process","1/342","33/12706",0.0303030303030303,1.12581959950381,0.120361181009546,0.594066651687508,0.730479110516141,0.632411799491672,"QKI",1
"GO:0045981","positive regulation of nucleotide metabolic process","1/342","33/12706",0.0303030303030303,1.12581959950381,0.120361181009546,0.594066651687508,0.730479110516141,0.632411799491672,"NDUFC2",1
"GO:0051938","L-glutamate import","1/342","33/12706",0.0303030303030303,1.12581959950381,0.120361181009546,0.594066651687508,0.730479110516141,0.632411799491672,"SEPTIN2",1
"GO:0061081","positive regulation of myeloid leukocyte cytokine production involved in immune response","1/342","33/12706",0.0303030303030303,1.12581959950381,0.120361181009546,0.594066651687508,0.730479110516141,0.632411799491672,"SYK",1
"GO:0070884","regulation of calcineurin-NFAT signaling cascade","1/342","33/12706",0.0303030303030303,1.12581959950381,0.120361181009546,0.594066651687508,0.730479110516141,0.632411799491672,"PPP3R1",1
"GO:0106056","regulation of calcineurin-mediated signaling","1/342","33/12706",0.0303030303030303,1.12581959950381,0.120361181009546,0.594066651687508,0.730479110516141,0.632411799491672,"PPP3R1",1
"GO:1900544","positive regulation of purine nucleotide metabolic process","1/342","33/12706",0.0303030303030303,1.12581959950381,0.120361181009546,0.594066651687508,0.730479110516141,0.632411799491672,"NDUFC2",1
"GO:1902235","regulation of endoplasmic reticulum stress-induced intrinsic apoptotic signaling pathway","1/342","33/12706",0.0303030303030303,1.12581959950381,0.120361181009546,0.594066651687508,0.730479110516141,0.632411799491672,"HSPA1A",1
"GO:0006906","vesicle fusion","3/342","114/12706",0.0263157894736842,0.977685441674361,-0.0398028576046495,0.596208200094593,0.731009070425481,0.632870611927374,"RAB4B/STX10/GOSR2",3
"GO:0048639","positive regulation of developmental growth","3/342","114/12706",0.0263157894736842,0.977685441674361,-0.0398028576046495,0.596208200094593,0.731009070425481,0.632870611927374,"MACF1/BASP1/PIM1",3
"GO:0050000","chromosome localization","3/342","114/12706",0.0263157894736842,0.977685441674361,-0.0398028576046495,0.596208200094593,0.731009070425481,0.632870611927374,"DYNC1H1/EML4/NUMA1",3
"GO:0001938","positive regulation of endothelial cell proliferation","2/342","74/12706",0.027027027027027,1.00410937253043,0.00589625427865771,0.596228071380699,0.731009070425481,0.632870611927374,"JUN/CYBA",2
"GO:0032409","regulation of transporter activity","2/342","74/12706",0.027027027027027,1.00410937253043,0.00589625427865771,0.596228071380699,0.731009070425481,0.632870611927374,"PIM1/CTSS",2
"GO:0061387","regulation of extent of cell growth","2/342","74/12706",0.027027027027027,1.00410937253043,0.00589625427865771,0.596228071380699,0.731009070425481,0.632870611927374,"MACF1/ARHGAP4",2
"GO:0071806","protein transmembrane transport","2/342","74/12706",0.027027027027027,1.00410937253043,0.00589625427865771,0.596228071380699,0.731009070425481,0.632870611927374,"MCL1/PAM16",2
"GO:0098869","cellular oxidant detoxification","2/342","74/12706",0.027027027027027,1.00410937253043,0.00589625427865771,0.596228071380699,0.731009070425481,0.632870611927374,"S100A9/SOD2",2
"GO:1903035","negative regulation of response to wounding","2/342","74/12706",0.027027027027027,1.00410937253043,0.00589625427865771,0.596228071380699,0.731009070425481,0.632870611927374,"PLAUR/PTEN",2
"GO:0043085","positive regulation of catalytic activity","7/342","272/12706",0.0257352941176471,0.956118851049192,-0.121668428971789,0.601546003883144,0.735152210522555,0.636457532684744,"CCDC88A/GRN/CD4/DOCK8/PABPN1/ARAP1/PIM1",7
"GO:0045860","positive regulation of protein kinase activity","3/342","115/12706",0.0260869565217391,0.969183829138062,-0.0552100793286997,0.602147418757191,0.735152210522555,0.636457532684744,"CCDC88A/CD4/PIM1",3
"GO:1903531","negative regulation of secretion by cell","3/342","115/12706",0.0260869565217391,0.969183829138062,-0.0552100793286997,0.602147418757191,0.735152210522555,0.636457532684744,"CD84/PFKL/RAB11FIP1",3
"GO:0019080","viral gene expression","2/342","75/12706",0.0266666666666667,0.990721247563353,-0.0134036241483062,0.603564757099956,0.735152210522555,0.636457532684744,"EIF3A/ZFP36",2
"GO:0051092","positive regulation of NF-kappaB transcription factor activity","2/342","75/12706",0.0266666666666667,0.990721247563353,-0.0134036241483062,0.603564757099956,0.735152210522555,0.636457532684744,"HSPA1A/ZBTB7A",2
"GO:0007369","gastrulation","4/342","155/12706",0.0258064516129032,0.958762497641954,-0.0859092499229472,0.603716883477998,0.735152210522555,0.636457532684744,"DUSP1/MYH9/EP300/ITGB2",4
"GO:0009451","RNA modification","4/342","155/12706",0.0258064516129032,0.958762497641954,-0.0859092499229472,0.603716883477998,0.735152210522555,0.636457532684744,"ADAR/FBL/EMG1/TRMT5",4
"GO:0000460","maturation of 5.8S rRNA","1/342","34/12706",0.0294117647058824,1.09270725834193,0.0900225900000618,0.605021374730424,0.735152210522555,0.636457532684744,"PRKDC",1
"GO:0010874","regulation of cholesterol efflux","1/342","34/12706",0.0294117647058824,1.09270725834193,0.0900225900000618,0.605021374730424,0.735152210522555,0.636457532684744,"GPS2",1
"GO:0030574","collagen catabolic process","1/342","34/12706",0.0294117647058824,1.09270725834193,0.0900225900000618,0.605021374730424,0.735152210522555,0.636457532684744,"CTSS",1
"GO:0032411","positive regulation of transporter activity","1/342","34/12706",0.0294117647058824,1.09270725834193,0.0900225900000618,0.605021374730424,0.735152210522555,0.636457532684744,"CTSS",1
"GO:0043331","response to dsRNA","1/342","34/12706",0.0294117647058824,1.09270725834193,0.0900225900000618,0.605021374730424,0.735152210522555,0.636457532684744,"NFKBIA",1
"GO:0043647","inositol phosphate metabolic process","1/342","34/12706",0.0294117647058824,1.09270725834193,0.0900225900000618,0.605021374730424,0.735152210522555,0.636457532684744,"PLEK",1
"GO:0043903","regulation of biological process involved in symbiotic interaction","1/342","34/12706",0.0294117647058824,1.09270725834193,0.0900225900000618,0.605021374730424,0.735152210522555,0.636457532684744,"CD4",1
"GO:0044331","cell-cell adhesion mediated by cadherin","1/342","34/12706",0.0294117647058824,1.09270725834193,0.0900225900000618,0.605021374730424,0.735152210522555,0.636457532684744,"TGFB1",1
"GO:0045191","regulation of isotype switching","1/342","34/12706",0.0294117647058824,1.09270725834193,0.0900225900000618,0.605021374730424,0.735152210522555,0.636457532684744,"TGFB1",1
"GO:0046677","response to antibiotic","1/342","34/12706",0.0294117647058824,1.09270725834193,0.0900225900000618,0.605021374730424,0.735152210522555,0.636457532684744,"CRIP1",1
"GO:0051937","catecholamine transport","1/342","34/12706",0.0294117647058824,1.09270725834193,0.0900225900000618,0.605021374730424,0.735152210522555,0.636457532684744,"GRK2",1
"GO:0062125","regulation of mitochondrial gene expression","1/342","34/12706",0.0294117647058824,1.09270725834193,0.0900225900000618,0.605021374730424,0.735152210522555,0.636457532684744,"DDX3X",1
"GO:0070302","regulation of stress-activated protein kinase signaling cascade","1/342","34/12706",0.0294117647058824,1.09270725834193,0.0900225900000618,0.605021374730424,0.735152210522555,0.636457532684744,"TAOK1",1
"GO:0070498","interleukin-1-mediated signaling pathway","1/342","34/12706",0.0294117647058824,1.09270725834193,0.0900225900000618,0.605021374730424,0.735152210522555,0.636457532684744,"NFKBIA",1
"GO:0071711","basement membrane organization","1/342","34/12706",0.0294117647058824,1.09270725834193,0.0900225900000618,0.605021374730424,0.735152210522555,0.636457532684744,"CTSS",1
"GO:0086009","membrane repolarization","1/342","34/12706",0.0294117647058824,1.09270725834193,0.0900225900000618,0.605021374730424,0.735152210522555,0.636457532684744,"FLNA",1
"GO:0098815","modulation of excitatory postsynaptic potential","1/342","34/12706",0.0294117647058824,1.09270725834193,0.0900225900000618,0.605021374730424,0.735152210522555,0.636457532684744,"PTEN",1
"GO:1900744","regulation of p38MAPK cascade","1/342","34/12706",0.0294117647058824,1.09270725834193,0.0900225900000618,0.605021374730424,0.735152210522555,0.636457532684744,"DUSP1",1
"GO:1902110","positive regulation of mitochondrial membrane permeability involved in apoptotic process","1/342","34/12706",0.0294117647058824,1.09270725834193,0.0900225900000618,0.605021374730424,0.735152210522555,0.636457532684744,"HSPA1A",1
"GO:1903749","positive regulation of establishment of protein localization to mitochondrion","1/342","34/12706",0.0294117647058824,1.09270725834193,0.0900225900000618,0.605021374730424,0.735152210522555,0.636457532684744,"HUWE1",1
"GO:2000008","regulation of protein localization to cell surface","1/342","34/12706",0.0294117647058824,1.09270725834193,0.0900225900000618,0.605021374730424,0.735152210522555,0.636457532684744,"PICALM",1
"GO:0007269","neurotransmitter secretion","3/342","116/12706",0.0258620689655172,0.960828796128252,-0.070486174101986,0.608029018629572,0.738099083278937,0.639008785795077,"STXBP2/P2RX1/STXBP5",3
"GO:0030856","regulation of epithelial cell differentiation","3/342","116/12706",0.0258620689655172,0.960828796128252,-0.070486174101986,0.608029018629572,0.738099083278937,0.639008785795077,"NUMA1/ZFP36/IPO7",3
"GO:0099643","signal release from synapse","3/342","116/12706",0.0258620689655172,0.960828796128252,-0.070486174101986,0.608029018629572,0.738099083278937,0.639008785795077,"STXBP2/P2RX1/STXBP5",3
"GO:0030258","lipid modification","4/342","156/12706",0.0256410256410256,0.952616584195532,-0.0990347685608974,0.608796308582497,0.738794626629637,0.639610951983963,"RNF213/ETFB/DGKZ/PTEN",4
"GO:0050767","regulation of neurogenesis","7/342","274/12706",0.0255474452554745,0.949139881333504,-0.141547772488349,0.609279342914118,0.739128619403703,0.63990010600387,"MACF1/TGFB1/BTG2/ARHGAP4/QKI/PTEN/SORL1",7
"GO:0060271","cilium assembly","8/342","313/12706",0.0255591054313099,0.949573080731648,-0.15023366774543,0.609485380405047,0.739128619403703,0.63990010600387,"SEPTIN7/SEPTIN9/SEPTIN2/CCDC88A/CEP350/FLNA/DCTN1/SDCCAG8",8
"GO:0002260","lymphocyte homeostasis","2/342","76/12706",0.0263157894736842,0.977685441674361,-0.0324499704470487,0.610800430286212,0.739128619403703,0.63990010600387,"TGFB1/TSC22D3",2
"GO:0006626","protein targeting to mitochondrion","2/342","76/12706",0.0263157894736842,0.977685441674361,-0.0324499704470487,0.610800430286212,0.739128619403703,0.63990010600387,"PARL/HUWE1",2
"GO:0008088","axo-dendritic transport","2/342","76/12706",0.0263157894736842,0.977685441674361,-0.0324499704470487,0.610800430286212,0.739128619403703,0.63990010600387,"DYNC1H1/AP3D1",2
"GO:0001934","positive regulation of protein phosphorylation","5/342","196/12706",0.0255102040816327,0.947756295500656,-0.122589771258934,0.610970000541023,0.739128619403703,0.63990010600387,"CCDC88A/CD4/PLAUR/PIM1/RAF1",5
"GO:0007160","cell-matrix adhesion","5/342","196/12706",0.0255102040816327,0.947756295500656,-0.122589771258934,0.610970000541023,0.739128619403703,0.63990010600387,"TIMM10B/MACF1/ITGAM/PTEN/ITGB2",5
"GO:0005975","carbohydrate metabolic process","12/342","469/12706",0.0255863539445629,0.950585418770808,-0.181353085969884,0.613236936244632,0.739128619403703,0.63990010600387,"MAN2B1/TGFB1/CLTC/MANBA/SLC2A3/PFKL/PLEK/OGT/RANBP2/EP300/ZBTB7A/HK3",12
"GO:0006959","humoral immune response","4/342","157/12706",0.0254777070063694,0.946548962640146,-0.112078495974675,0.613835847442835,0.739128619403703,0.63990010600387,"S100A9/HLA-A/CD59/CFP",4
"GO:0046661","male sex differentiation","3/342","117/12706",0.0256410256410256,0.952616584195532,-0.0856336723381479,0.613852657332134,0.739128619403703,0.63990010600387,"FLNA/RARA/NASP",3
"GO:0001974","blood vessel remodeling","1/342","35/12706",0.0285714285714286,1.06148705096074,0.0605805386002483,0.615681309219234,0.739128619403703,0.63990010600387,"TGFB1",1
"GO:0002369","T cell cytokine production","1/342","35/12706",0.0285714285714286,1.06148705096074,0.0605805386002483,0.615681309219234,0.739128619403703,0.63990010600387,"HLA-A",1
"GO:0002724","regulation of T cell cytokine production","1/342","35/12706",0.0285714285714286,1.06148705096074,0.0605805386002483,0.615681309219234,0.739128619403703,0.63990010600387,"HLA-A",1
"GO:0006270","DNA replication initiation","1/342","35/12706",0.0285714285714286,1.06148705096074,0.0605805386002483,0.615681309219234,0.739128619403703,0.63990010600387,"MCM5",1
"GO:0006473","protein acetylation","1/342","35/12706",0.0285714285714286,1.06148705096074,0.0605805386002483,0.615681309219234,0.739128619403703,0.63990010600387,"EP300",1
"GO:0009167","purine ribonucleoside monophosphate metabolic process","1/342","35/12706",0.0285714285714286,1.06148705096074,0.0605805386002483,0.615681309219234,0.739128619403703,0.63990010600387,"IMPDH2",1
"GO:0009409","response to cold","1/342","35/12706",0.0285714285714286,1.06148705096074,0.0605805386002483,0.615681309219234,0.739128619403703,0.63990010600387,"NFKBIA",1
"GO:0032094","response to food","1/342","35/12706",0.0285714285714286,1.06148705096074,0.0605805386002483,0.615681309219234,0.739128619403703,0.63990010600387,"PLEC",1
"GO:0032147","activation of protein kinase activity","1/342","35/12706",0.0285714285714286,1.06148705096074,0.0605805386002483,0.615681309219234,0.739128619403703,0.63990010600387,"CCDC88A",1
"GO:0032735","positive regulation of interleukin-12 production","1/342","35/12706",0.0285714285714286,1.06148705096074,0.0605805386002483,0.615681309219234,0.739128619403703,0.63990010600387,"SYK",1
"GO:0032814","regulation of natural killer cell activation","1/342","35/12706",0.0285714285714286,1.06148705096074,0.0605805386002483,0.615681309219234,0.739128619403703,0.63990010600387,"FGR",1
"GO:0035272","exocrine system development","1/342","35/12706",0.0285714285714286,1.06148705096074,0.0605805386002483,0.615681309219234,0.739128619403703,0.63990010600387,"TGFB1",1
"GO:0043162","ubiquitin-dependent protein catabolic process via the multivesicular body sorting pathway","1/342","35/12706",0.0285714285714286,1.06148705096074,0.0605805386002483,0.615681309219234,0.739128619403703,0.63990010600387,"HGS",1
"GO:0043243","positive regulation of protein-containing complex disassembly","1/342","35/12706",0.0285714285714286,1.06148705096074,0.0605805386002483,0.615681309219234,0.739128619403703,0.63990010600387,"PLEK",1
"GO:0045324","late endosome to vacuole transport","1/342","35/12706",0.0285714285714286,1.06148705096074,0.0605805386002483,0.615681309219234,0.739128619403703,0.63990010600387,"HGS",1
"GO:0045920","negative regulation of exocytosis","1/342","35/12706",0.0285714285714286,1.06148705096074,0.0605805386002483,0.615681309219234,0.739128619403703,0.63990010600387,"CD84",1
"GO:0046825","regulation of protein export from nucleus","1/342","35/12706",0.0285714285714286,1.06148705096074,0.0605805386002483,0.615681309219234,0.739128619403703,0.63990010600387,"XPO1",1
"GO:0046839","phospholipid dephosphorylation","1/342","35/12706",0.0285714285714286,1.06148705096074,0.0605805386002483,0.615681309219234,0.739128619403703,0.63990010600387,"PTEN",1
"GO:0071027","nuclear RNA surveillance","1/342","35/12706",0.0285714285714286,1.06148705096074,0.0605805386002483,0.615681309219234,0.739128619403703,0.63990010600387,"WDR82",1
"GO:0071548","response to dexamethasone","1/342","35/12706",0.0285714285714286,1.06148705096074,0.0605805386002483,0.615681309219234,0.739128619403703,0.63990010600387,"TGFB1",1
"GO:0120009","intermembrane lipid transfer","1/342","35/12706",0.0285714285714286,1.06148705096074,0.0605805386002483,0.615681309219234,0.739128619403703,0.63990010600387,"NME4",1
"GO:0150077","regulation of neuroinflammatory response","1/342","35/12706",0.0285714285714286,1.06148705096074,0.0605805386002483,0.615681309219234,0.739128619403703,0.63990010600387,"GRN",1
"GO:1900101","regulation of endoplasmic reticulum unfolded protein response","1/342","35/12706",0.0285714285714286,1.06148705096074,0.0605805386002483,0.615681309219234,0.739128619403703,0.63990010600387,"PPP1R15A",1
"GO:1904707","positive regulation of vascular associated smooth muscle cell proliferation","1/342","35/12706",0.0285714285714286,1.06148705096074,0.0605805386002483,0.615681309219234,0.739128619403703,0.63990010600387,"JUN",1
"GO:0009101","glycoprotein biosynthetic process","6/342","237/12706",0.0253164556962025,0.940558146420905,-0.153628430472986,0.617898126147191,0.740198368195554,0.640826240302195,"PRKCSH/GALNT6/TMEM165/OGT/HS6ST1/COLGALT1",6
"GO:0072001","renal system development","6/342","237/12706",0.0253164556962025,0.940558146420905,-0.153628430472986,0.617898126147191,0.740198368195554,0.640826240302195,"TGFB1/BASP1/RARA/CNTRL/AP1B1/CTSH",6
"GO:0002720","positive regulation of cytokine production involved in immune response","2/342","77/12706",0.025974025974026,0.964988228146123,-0.0512502349044067,0.617935197436267,0.740198368195554,0.640826240302195,"HLA-A/SYK",2
"GO:0006641","triglyceride metabolic process","2/342","77/12706",0.025974025974026,0.964988228146123,-0.0512502349044067,0.617935197436267,0.740198368195554,0.640826240302195,"SORL1/APOC2",2
"GO:0008625","extrinsic apoptotic signaling pathway via death domain receptors","2/342","77/12706",0.025974025974026,0.964988228146123,-0.0512502349044067,0.617935197436267,0.740198368195554,0.640826240302195,"DDX3X/RAF1",2
"GO:0051588","regulation of neurotransmitter transport","2/342","77/12706",0.025974025974026,0.964988228146123,-0.0512502349044067,0.617935197436267,0.740198368195554,0.640826240302195,"P2RX1/STXBP5",2
"GO:0071774","response to fibroblast growth factor","2/342","77/12706",0.025974025974026,0.964988228146123,-0.0512502349044067,0.617935197436267,0.740198368195554,0.640826240302195,"IER2/ZFP36",2
"GO:0006937","regulation of muscle contraction","3/342","118/12706",0.0254237288135593,0.94454356229557,-0.100655032843537,0.619618028874886,0.74174677134204,0.64216676928668,"P2RX1/GRK2/ATP2B1",3
"GO:0018205","peptidyl-lysine modification","3/342","118/12706",0.0254237288135593,0.94454356229557,-0.100655032843537,0.619618028874886,0.74174677134204,0.64216676928668,"SENP6/RANBP2/EP300",3
"GO:0001659","temperature homeostasis","4/342","159/12706",0.0251572327044025,0.934642686380522,-0.137925223310149,0.623793998331033,0.744296027662544,0.644373786234607,"SYK/DYNC1H1/OGT/QKI",4
"GO:0006487","protein N-linked glycosylation","2/342","78/12706",0.0256410256410256,0.952616584195532,-0.0698115482104815,0.6249692323226,0.744296027662544,0.644373786234607,"PRKCSH/TMEM165",2
"GO:0014013","regulation of gliogenesis","2/342","78/12706",0.0256410256410256,0.952616584195532,-0.0698115482104815,0.6249692323226,0.744296027662544,0.644373786234607,"TGFB1/QKI",2
"GO:0099565","chemical synaptic transmission, postsynaptic","2/342","78/12706",0.0256410256410256,0.952616584195532,-0.0698115482104815,0.6249692323226,0.744296027662544,0.644373786234607,"P2RX1/PTEN",2
"GO:0106027","neuron projection organization","2/342","78/12706",0.0256410256410256,0.952616584195532,-0.0698115482104815,0.6249692323226,0.744296027662544,0.644373786234607,"DCTN1/PTEN",2
"GO:0071772","response to BMP","3/342","119/12706",0.0252100840336134,0.936606221435943,-0.115552645454598,0.625324862593923,0.744296027662544,0.644373786234607,"NUMA1/HIPK2/SORL1",3
"GO:0071773","cellular response to BMP stimulus","3/342","119/12706",0.0252100840336134,0.936606221435943,-0.115552645454598,0.625324862593923,0.744296027662544,0.644373786234607,"NUMA1/HIPK2/SORL1",3
"GO:0090174","organelle membrane fusion","3/342","119/12706",0.0252100840336134,0.936606221435943,-0.115552645454598,0.625324862593923,0.744296027662544,0.644373786234607,"RAB4B/STX10/GOSR2",3
"GO:0001658","branching involved in ureteric bud morphogenesis","1/342","36/12706",0.0277777777777778,1.03200129954516,0.0319780109924721,0.626054365193271,0.744296027662544,0.644373786234607,"TGFB1",1
"GO:0006479","protein methylation","1/342","36/12706",0.0277777777777778,1.03200129954516,0.0319780109924721,0.626054365193271,0.744296027662544,0.644373786234607,"ETF1",1
"GO:0007143","female meiotic nuclear division","1/342","36/12706",0.0277777777777778,1.03200129954516,0.0319780109924721,0.626054365193271,0.744296027662544,0.644373786234607,"PTEN",1
"GO:0008213","protein alkylation","1/342","36/12706",0.0277777777777778,1.03200129954516,0.0319780109924721,0.626054365193271,0.744296027662544,0.644373786234607,"ETF1",1
"GO:0009948","anterior/posterior axis specification","1/342","36/12706",0.0277777777777778,1.03200129954516,0.0319780109924721,0.626054365193271,0.744296027662544,0.644373786234607,"BASP1",1
"GO:0010770","positive regulation of cell morphogenesis","1/342","36/12706",0.0277777777777778,1.03200129954516,0.0319780109924721,0.626054365193271,0.744296027662544,0.644373786234607,"PRKDC",1
"GO:0034389","lipid droplet organization","1/342","36/12706",0.0277777777777778,1.03200129954516,0.0319780109924721,0.626054365193271,0.744296027662544,0.644373786234607,"RNF213",1
"GO:0048247","lymphocyte chemotaxis","1/342","36/12706",0.0277777777777778,1.03200129954516,0.0319780109924721,0.626054365193271,0.744296027662544,0.644373786234607,"PLEC",1
"GO:0070169","positive regulation of biomineral tissue development","1/342","36/12706",0.0277777777777778,1.03200129954516,0.0319780109924721,0.626054365193271,0.744296027662544,0.644373786234607,"ATP2B1",1
"GO:0090317","negative regulation of intracellular protein transport","1/342","36/12706",0.0277777777777778,1.03200129954516,0.0319780109924721,0.626054365193271,0.744296027662544,0.644373786234607,"NFKBIA",1
"GO:0098900","regulation of action potential","1/342","36/12706",0.0277777777777778,1.03200129954516,0.0319780109924721,0.626054365193271,0.744296027662544,0.644373786234607,"FLNA",1
"GO:1902686","mitochondrial outer membrane permeabilization involved in programmed cell death","1/342","36/12706",0.0277777777777778,1.03200129954516,0.0319780109924721,0.626054365193271,0.744296027662544,0.644373786234607,"HSPA1A",1
"GO:1990776","response to angiotensin","1/342","36/12706",0.0277777777777778,1.03200129954516,0.0319780109924721,0.626054365193271,0.744296027662544,0.644373786234607,"CYBA",1
"GO:2001222","regulation of neuron migration","1/342","36/12706",0.0277777777777778,1.03200129954516,0.0319780109924721,0.626054365193271,0.744296027662544,0.644373786234607,"FLNA",1
"GO:0055080","monoatomic cation homeostasis","12/342","475/12706",0.0252631578947368,0.938578024007387,-0.226913583905828,0.630815954911451,0.749674703071797,0.649030370858969,"RNASEK/GRN/P2RX1/TGFB1/SOD2/DMXL2/PICALM/FLNA/CYBA/TMEM165/CALR/ATP2B1",12
"GO:0098754","detoxification","3/342","120/12706",0.025,0.928801169590643,-0.130328833556349,0.63097292210146,0.749674703071797,0.649030370858969,"S100A9/SOD2/PIM1",3
"GO:0048041","focal adhesion assembly","2/342","79/12706",0.0253164556962025,0.940558146420905,-0.0881407392193518,0.631902772315456,0.750544936064781,0.649783774488377,"MACF1/PTEN",2
"GO:0000723","telomere maintenance","4/342","161/12706",0.0248447204968944,0.923032218226726,-0.163458483351555,0.633589004194084,0.752312740145506,0.651314249684375,"HNRNPA1/PRKDC/SMG1/HNRNPD",4
"GO:0051607","defense response to virus","7/342","281/12706",0.0249110320284698,0.925495827350107,-0.210042146144593,0.635708050225772,0.752531304440524,0.651503471576045,"IL10RB/DDX17/SPN/ADAR/UBE2W/LYST/IRF9",7
"GO:0001895","retina homeostasis","1/342","37/12706",0.027027027027027,1.00410937253043,0.00416318870868505,0.636148241049933,0.752531304440524,0.651503471576045,"ARAP1",1
"GO:0006301","postreplication repair","1/342","37/12706",0.027027027027027,1.00410937253043,0.00416318870868505,0.636148241049933,0.752531304440524,0.651503471576045,"UBE2V1",1
"GO:0032733","positive regulation of interleukin-10 production","1/342","37/12706",0.027027027027027,1.00410937253043,0.00416318870868505,0.636148241049933,0.752531304440524,0.651503471576045,"SYK",1
"GO:0045778","positive regulation of ossification","1/342","37/12706",0.027027027027027,1.00410937253043,0.00416318870868505,0.636148241049933,0.752531304440524,0.651503471576045,"ATP2B1",1
"GO:0048512","circadian behavior","1/342","37/12706",0.027027027027027,1.00410937253043,0.00416318870868505,0.636148241049933,0.752531304440524,0.651503471576045,"PTEN",1
"GO:0055008","cardiac muscle tissue morphogenesis","1/342","37/12706",0.027027027027027,1.00410937253043,0.00416318870868505,0.636148241049933,0.752531304440524,0.651503471576045,"TGFB1",1
"GO:0070266","necroptotic process","1/342","37/12706",0.027027027027027,1.00410937253043,0.00416318870868505,0.636148241049933,0.752531304440524,0.651503471576045,"OGT",1
"GO:0071827","plasma lipoprotein particle organization","1/342","37/12706",0.027027027027027,1.00410937253043,0.00416318870868505,0.636148241049933,0.752531304440524,0.651503471576045,"APOC2",1
"GO:0097106","postsynaptic density organization","1/342","37/12706",0.027027027027027,1.00410937253043,0.00416318870868505,0.636148241049933,0.752531304440524,0.651503471576045,"PTEN",1
"GO:0099563","modification of synaptic structure","1/342","37/12706",0.027027027027027,1.00410937253043,0.00416318870868505,0.636148241049933,0.752531304440524,0.651503471576045,"CTTNBP2",1
"GO:0120033","negative regulation of plasma membrane bounded cell projection assembly","1/342","37/12706",0.027027027027027,1.00410937253043,0.00416318870868505,0.636148241049933,0.752531304440524,0.651503471576045,"EVL",1
"GO:0008406","gonad development","4/342","162/12706",0.0246913580246914,0.917334488484586,-0.176110289717375,0.638424686289758,0.753015413541672,0.651922588705338,"FLNA/BASP1/RARA/NASP",4
"GO:0032200","telomere organization","4/342","162/12706",0.0246913580246914,0.917334488484586,-0.176110289717375,0.638424686289758,0.753015413541672,0.651922588705338,"HNRNPA1/PRKDC/SMG1/HNRNPD",4
"GO:0051606","detection of stimulus","4/342","162/12706",0.0246913580246914,0.917334488484586,-0.176110289717375,0.638424686289758,0.753015413541672,0.651922588705338,"HLA-B/HLA-A/SOD2/GNAQ",4
"GO:0019915","lipid storage","2/342","80/12706",0.025,0.928801169590643,-0.106244351506938,0.638736114853207,0.753015413541672,0.651922588705338,"RNF213/NFKBIA",2
"GO:0043547","positive regulation of GTPase activity","2/342","80/12706",0.025,0.928801169590643,-0.106244351506938,0.638736114853207,0.753015413541672,0.651922588705338,"DOCK8/ARAP1",2
"GO:0045833","negative regulation of lipid metabolic process","2/342","80/12706",0.025,0.928801169590643,-0.106244351506938,0.638736114853207,0.753015413541672,0.651922588705338,"SORL1/APOC2",2
"GO:0060996","dendritic spine development","2/342","80/12706",0.025,0.928801169590643,-0.106244351506938,0.638736114853207,0.753015413541672,0.651922588705338,"LLPH/PTEN",2
"GO:0072009","nephron epithelium development","2/342","80/12706",0.025,0.928801169590643,-0.106244351506938,0.638736114853207,0.753015413541672,0.651922588705338,"TGFB1/BASP1",2
"GO:0097581","lamellipodium organization","2/342","80/12706",0.025,0.928801169590643,-0.106244351506938,0.638736114853207,0.753015413541672,0.651922588705338,"CCDC88A/MYO9B",2
"GO:0170062","nutrient storage","2/342","80/12706",0.025,0.928801169590643,-0.106244351506938,0.638736114853207,0.753015413541672,0.651922588705338,"RNF213/NFKBIA",2
"GO:2000142","regulation of DNA-templated transcription initiation","2/342","80/12706",0.025,0.928801169590643,-0.106244351506938,0.638736114853207,0.753015413541672,0.651922588705338,"JUN/NFKBIA",2
"GO:0001894","tissue homeostasis","5/342","203/12706",0.0246305418719212,0.915075043931668,-0.202860328198309,0.641840972018561,0.755972545109842,0.654482723375087,"SYK/NFKBIZ/KMT2A/ARAP1/ACP5",5
"GO:0050708","regulation of protein secretion","5/342","203/12706",0.0246305418719212,0.915075043931668,-0.202860328198309,0.641840972018561,0.755972545109842,0.654482723375087,"IER3IP1/TGFB1/TARDBP/PFKL/RAB11FIP1",5
"GO:0060249","anatomical structure homeostasis","5/342","203/12706",0.0246305418719212,0.915075043931668,-0.202860328198309,0.641840972018561,0.755972545109842,0.654482723375087,"SYK/NFKBIZ/KMT2A/ARAP1/ACP5",5
"GO:0035148","tube formation","3/342","122/12706",0.0245901639344262,0.913574920908829,-0.159525911843539,0.64209193811067,0.756033926508755,0.654535864279984,"TGFB1/RARA/SDCCAG8",3
"GO:0002312","B cell activation involved in immune response","2/342","81/12706",0.0246913580246914,0.917334488484586,-0.124128658821621,0.645469614055681,0.756151345992827,0.654637520119486,"TGFB1/NFKBIZ",2
"GO:0009791","post-embryonic development","2/342","81/12706",0.0246913580246914,0.917334488484586,-0.124128658821621,0.645469614055681,0.756151345992827,0.654637520119486,"SOD2/KMT2A",2
"GO:0048565","digestive tract development","2/342","81/12706",0.0246913580246914,0.917334488484586,-0.124128658821621,0.645469614055681,0.756151345992827,0.654637520119486,"TGFB1/CHD8",2
"GO:0000966","RNA 5'-end processing","1/342","38/12706",0.0263157894736842,0.977685441674361,-0.0229111535366488,0.645970429191137,0.756151345992827,0.654637520119486,"RPP21",1
"GO:0002714","positive regulation of B cell mediated immunity","1/342","38/12706",0.0263157894736842,0.977685441674361,-0.0229111535366488,0.645970429191137,0.756151345992827,0.654637520119486,"TGFB1",1
"GO:0002891","positive regulation of immunoglobulin mediated immune response","1/342","38/12706",0.0263157894736842,0.977685441674361,-0.0229111535366488,0.645970429191137,0.756151345992827,0.654637520119486,"TGFB1",1
"GO:0006968","cellular defense response","1/342","38/12706",0.0263157894736842,0.977685441674361,-0.0229111535366488,0.645970429191137,0.756151345992827,0.654637520119486,"SPN",1
"GO:0009124","nucleoside monophosphate biosynthetic process","1/342","38/12706",0.0263157894736842,0.977685441674361,-0.0229111535366488,0.645970429191137,0.756151345992827,0.654637520119486,"IMPDH2",1
"GO:0009126","purine nucleoside monophosphate metabolic process","1/342","38/12706",0.0263157894736842,0.977685441674361,-0.0229111535366488,0.645970429191137,0.756151345992827,0.654637520119486,"IMPDH2",1
"GO:0009303","rRNA transcription","1/342","38/12706",0.0263157894736842,0.977685441674361,-0.0229111535366488,0.645970429191137,0.756151345992827,0.654637520119486,"NOP53",1
"GO:0031111","negative regulation of microtubule polymerization or depolymerization","1/342","38/12706",0.0263157894736842,0.977685441674361,-0.0229111535366488,0.645970429191137,0.756151345992827,0.654637520119486,"TAOK1",1
"GO:0035794","positive regulation of mitochondrial membrane permeability","1/342","38/12706",0.0263157894736842,0.977685441674361,-0.0229111535366488,0.645970429191137,0.756151345992827,0.654637520119486,"HSPA1A",1
"GO:0043277","apoptotic cell clearance","1/342","38/12706",0.0263157894736842,0.977685441674361,-0.0229111535366488,0.645970429191137,0.756151345992827,0.654637520119486,"RARA",1
"GO:0060443","mammary gland morphogenesis","1/342","38/12706",0.0263157894736842,0.977685441674361,-0.0229111535366488,0.645970429191137,0.756151345992827,0.654637520119486,"TGFB1",1
"GO:0071526","semaphorin-plexin signaling pathway","1/342","38/12706",0.0263157894736842,0.977685441674361,-0.0229111535366488,0.645970429191137,0.756151345992827,0.654637520119486,"FLNA",1
"GO:0071715","icosanoid transport","1/342","38/12706",0.0263157894736842,0.977685441674361,-0.0229111535366488,0.645970429191137,0.756151345992827,0.654637520119486,"SYK",1
"GO:0086002","cardiac muscle cell action potential involved in contraction","1/342","38/12706",0.0263157894736842,0.977685441674361,-0.0229111535366488,0.645970429191137,0.756151345992827,0.654637520119486,"FLNA",1
"GO:0089718","amino acid import across plasma membrane","1/342","38/12706",0.0263157894736842,0.977685441674361,-0.0229111535366488,0.645970429191137,0.756151345992827,0.654637520119486,"SEPTIN2",1
"GO:1902622","regulation of neutrophil migration","1/342","38/12706",0.0263157894736842,0.977685441674361,-0.0229111535366488,0.645970429191137,0.756151345992827,0.654637520119486,"RIPOR2",1
"GO:0007224","smoothened signaling pathway","3/342","123/12706",0.024390243902439,0.906147482527457,-0.173951137667195,0.647562583967313,0.757082701181957,0.655443840249171,"SEPTIN2/UBR5/HIPK2",3
"GO:0033674","positive regulation of kinase activity","3/342","123/12706",0.024390243902439,0.906147482527457,-0.173951137667195,0.647562583967313,0.757082701181957,0.655443840249171,"CCDC88A/CD4/PIM1",3
"GO:0050714","positive regulation of protein secretion","3/342","123/12706",0.024390243902439,0.906147482527457,-0.173951137667195,0.647562583967313,0.757082701181957,0.655443840249171,"IER3IP1/TGFB1/TARDBP",3
"GO:0050864","regulation of B cell activation","3/342","123/12706",0.024390243902439,0.906147482527457,-0.173951137667195,0.647562583967313,0.757082701181957,0.655443840249171,"IL2RG/SYK/TGFB1",3
"GO:0050673","epithelial cell proliferation","8/342","324/12706",0.0246913580246914,0.917334488484586,-0.250681538948775,0.648097573779481,0.757475246083488,0.65578368573412,"GRN/JUN/TGFB1/PRKDC/CYBA/NFKBIZ/ZFP36/RAF1",8
"GO:0050801","monoatomic ion homeostasis","12/342","482/12706",0.024896265560166,0.924947222828856,-0.27938591327412,0.650806807939446,0.758465702439872,0.656641172659675,"RNASEK/GRN/P2RX1/TGFB1/SOD2/DMXL2/PICALM/FLNA/CYBA/TMEM165/CALR/ATP2B1",12
"GO:0120031","plasma membrane bounded cell projection assembly","12/342","482/12706",0.024896265560166,0.924947222828856,-0.27938591327412,0.650806807939446,0.758465702439872,0.656641172659675,"SEPTIN7/SEPTIN9/SEPTIN2/AIF1/CCDC88A/CEP350/FLNA/DCTN1/ARAP1/SDCCAG8/EVL/RIPOR2",12
"GO:0001843","neural tube closure","2/342","82/12706",0.024390243902439,0.906147482527457,-0.141799679514522,0.652103677475378,0.758465702439872,0.656641172659675,"TGFB1/RARA",2
"GO:0019730","antimicrobial humoral response","2/342","82/12706",0.024390243902439,0.906147482527457,-0.141799679514522,0.652103677475378,0.758465702439872,0.656641172659675,"S100A9/HLA-A",2
"GO:1901879","regulation of protein depolymerization","2/342","82/12706",0.024390243902439,0.906147482527457,-0.141799679514522,0.652103677475378,0.758465702439872,0.656641172659675,"PLEK/TAOK1",2
"GO:0002064","epithelial cell development","4/342","165/12706",0.0242424242424242,0.900655679603048,-0.213618972042276,0.652681830044367,0.758465702439872,0.656641172659675,"TGFB1/FLNA/RARA/PLEC",4
"GO:0010508","positive regulation of autophagy","4/342","165/12706",0.0242424242424242,0.900655679603048,-0.213618972042276,0.652681830044367,0.758465702439872,0.656641172659675,"SYK/HUWE1/CSNK2A1/USP33",4
"GO:0045137","development of primary sexual characteristics","4/342","165/12706",0.0242424242424242,0.900655679603048,-0.213618972042276,0.652681830044367,0.758465702439872,0.656641172659675,"FLNA/BASP1/RARA/NASP",4
"GO:0062013","positive regulation of small molecule metabolic process","3/342","124/12706",0.0241935483870968,0.898839841539332,-0.188263614558445,0.652973832324736,0.758465702439872,0.656641172659675,"NDUFC2/QKI/APOC2",3
"GO:0001654","eye development","7/342","286/12706",0.0244755244755245,0.909315830368462,-0.25797319878618,0.653951286412015,0.758465702439872,0.656641172659675,"FOS/GRN/JUN/TGFB1/GNB1/RARA/HIPK2",7
"GO:0050808","synapse organization","10/342","405/12706",0.0246913580246914,0.917334488484586,-0.281191733617667,0.65493767495205,0.758465702439872,0.656641172659675,"GRN/CTTNBP2/MYCBP2/OGT/ARHGAP4/EIF4G1/DCTN1/ITGAM/PTEN/SNX27",10
"GO:0000387","spliceosomal snRNP assembly","1/342","39/12706",0.0256410256410256,0.952616584195532,-0.0492881676450337,0.655528221519573,0.758465702439872,0.656641172659675,"PRPF8",1
"GO:0002673","regulation of acute inflammatory response","1/342","39/12706",0.0256410256410256,0.952616584195532,-0.0492881676450337,0.655528221519573,0.758465702439872,0.656641172659675,"SPN",1
"GO:0003229","ventricular cardiac muscle tissue development","1/342","39/12706",0.0256410256410256,0.952616584195532,-0.0492881676450337,0.655528221519573,0.758465702439872,0.656641172659675,"TGFB1",1
"GO:0007622","rhythmic behavior","1/342","39/12706",0.0256410256410256,0.952616584195532,-0.0492881676450337,0.655528221519573,0.758465702439872,0.656641172659675,"PTEN",1
"GO:0016242","negative regulation of macroautophagy","1/342","39/12706",0.0256410256410256,0.952616584195532,-0.0492881676450337,0.655528221519573,0.758465702439872,0.656641172659675,"QSOX1",1
"GO:0021762","substantia nigra development","1/342","39/12706",0.0256410256410256,0.952616584195532,-0.0492881676450337,0.655528221519573,0.758465702439872,0.656641172659675,"BASP1",1
"GO:0030195","negative regulation of blood coagulation","1/342","39/12706",0.0256410256410256,0.952616584195532,-0.0492881676450337,0.655528221519573,0.758465702439872,0.656641172659675,"PLAUR",1
"GO:0030488","tRNA methylation","1/342","39/12706",0.0256410256410256,0.952616584195532,-0.0492881676450337,0.655528221519573,0.758465702439872,0.656641172659675,"TRMT5",1
"GO:0032205","negative regulation of telomere maintenance","1/342","39/12706",0.0256410256410256,0.952616584195532,-0.0492881676450337,0.655528221519573,0.758465702439872,0.656641172659675,"HNRNPA1",1
"GO:0032728","positive regulation of interferon-beta production","1/342","39/12706",0.0256410256410256,0.952616584195532,-0.0492881676450337,0.655528221519573,0.758465702439872,0.656641172659675,"DDX3X",1
"GO:0046686","response to cadmium ion","1/342","39/12706",0.0256410256410256,0.952616584195532,-0.0492881676450337,0.655528221519573,0.758465702439872,0.656641172659675,"SOD2",1
"GO:0060042","retina morphogenesis in camera-type eye","1/342","39/12706",0.0256410256410256,0.952616584195532,-0.0492881676450337,0.655528221519573,0.758465702439872,0.656641172659675,"HIPK2",1
"GO:0060338","regulation of type I interferon-mediated signaling pathway","1/342","39/12706",0.0256410256410256,0.952616584195532,-0.0492881676450337,0.655528221519573,0.758465702439872,0.656641172659675,"ADAR",1
"GO:0060986","endocrine hormone secretion","1/342","39/12706",0.0256410256410256,0.952616584195532,-0.0492881676450337,0.655528221519573,0.758465702439872,0.656641172659675,"RAB11FIP1",1
"GO:0060999","positive regulation of dendritic spine development","1/342","39/12706",0.0256410256410256,0.952616584195532,-0.0492881676450337,0.655528221519573,0.758465702439872,0.656641172659675,"LLPH",1
"GO:0071025","RNA surveillance","1/342","39/12706",0.0256410256410256,0.952616584195532,-0.0492881676450337,0.655528221519573,0.758465702439872,0.656641172659675,"WDR82",1
"GO:0071825","protein-lipid complex organization","1/342","39/12706",0.0256410256410256,0.952616584195532,-0.0492881676450337,0.655528221519573,0.758465702439872,0.656641172659675,"APOC2",1
"GO:0090329","regulation of DNA-templated DNA replication","1/342","39/12706",0.0256410256410256,0.952616584195532,-0.0492881676450337,0.655528221519573,0.758465702439872,0.656641172659675,"MCM5",1
"GO:1902229","regulation of intrinsic apoptotic signaling pathway in response to DNA damage","1/342","39/12706",0.0256410256410256,0.952616584195532,-0.0492881676450337,0.655528221519573,0.758465702439872,0.656641172659675,"RPL26",1
"GO:1903670","regulation of sprouting angiogenesis","1/342","39/12706",0.0256410256410256,0.952616584195532,-0.0492881676450337,0.655528221519573,0.758465702439872,0.656641172659675,"KLF2",1
"GO:1904646","cellular response to amyloid-beta","1/342","39/12706",0.0256410256410256,0.952616584195532,-0.0492881676450337,0.655528221519573,0.758465702439872,0.656641172659675,"SYK",1
"GO:1990000","amyloid fibril formation","1/342","39/12706",0.0256410256410256,0.952616584195532,-0.0492881676450337,0.655528221519573,0.758465702439872,0.656641172659675,"TARDBP",1
"GO:0043500","muscle adaptation","2/342","83/12706",0.0240963855421687,0.895230042978933,-0.159263190028546,0.658638762981624,0.761075294127965,0.658900424911583,"FOXP1/CYBA",2
"GO:0043535","regulation of blood vessel endothelial cell migration","2/342","83/12706",0.0240963855421687,0.895230042978933,-0.159263190028546,0.658638762981624,0.761075294127965,0.658900424911583,"CSNK2B/TGFB1",2
"GO:0060606","tube closure","2/342","83/12706",0.0240963855421687,0.895230042978933,-0.159263190028546,0.658638762981624,0.761075294127965,0.658900424911583,"TGFB1/RARA",2
"GO:0072384","organelle transport along microtubule","2/342","83/12706",0.0240963855421687,0.895230042978933,-0.159263190028546,0.658638762981624,0.761075294127965,0.658900424911583,"BORCS8/AP3D1",2
"GO:0015833","peptide transport","5/342","207/12706",0.0241545893719807,0.897392434387095,-0.24754138256264,0.658784532607873,0.761075294127965,0.658900424911583,"S100A8/TARDBP/RBM4/PFKL/RAF1",5
"GO:0023061","signal release","9/342","367/12706",0.0245231607629428,0.911085615947225,-0.287465654404627,0.659446194801867,0.761608272368377,0.659361850465382,"STXBP2/SYK/P2RX1/TARDBP/RBM4/PFKL/RAB11FIP1/STXBP5/RAF1",9
"GO:1903046","meiotic cell cycle process","4/342","167/12706",0.0239520958083832,0.88986938403894,-0.238262526217838,0.66197652507564,0.764298435571692,0.661690857452499,"MYH9/CALR/TOP2B/PTEN",4
"GO:0010976","positive regulation of neuron projection development","3/342","126/12706",0.0238095238095238,0.884572542467279,-0.216558368693515,0.663617843829527,0.764341933361573,0.661728515634884,"S100A9/GRN/EP300",3
"GO:2000241","regulation of reproductive process","3/342","126/12706",0.0238095238095238,0.884572542467279,-0.216558368693515,0.663617843829527,0.764341933361573,0.661728515634884,"DUSP1/MYH9/CALR",3
"GO:0010883","regulation of lipid storage","1/342","40/12706",0.025,0.928801169590643,-0.0750073812041681,0.664828714788722,0.764341933361573,0.661728515634884,"NFKBIA",1
"GO:0031124","mRNA 3'-end processing","1/342","40/12706",0.025,0.928801169590643,-0.0750073812041681,0.664828714788722,0.764341933361573,0.661728515634884,"PCF11",1
"GO:0034332","adherens junction organization","1/342","40/12706",0.025,0.928801169590643,-0.0750073812041681,0.664828714788722,0.764341933361573,0.661728515634884,"PLEC",1
"GO:0035850","epithelial cell differentiation involved in kidney development","1/342","40/12706",0.025,0.928801169590643,-0.0750073812041681,0.664828714788722,0.764341933361573,0.661728515634884,"BASP1",1
"GO:0042304","regulation of fatty acid biosynthetic process","1/342","40/12706",0.025,0.928801169590643,-0.0750073812041681,0.664828714788722,0.764341933361573,0.661728515634884,"APOC2",1
"GO:0045454","cell redox homeostasis","1/342","40/12706",0.025,0.928801169590643,-0.0750073812041681,0.664828714788722,0.764341933361573,0.661728515634884,"EGLN2",1
"GO:0048009","insulin-like growth factor receptor signaling pathway","1/342","40/12706",0.025,0.928801169590643,-0.0750073812041681,0.664828714788722,0.764341933361573,0.661728515634884,"RAF1",1
"GO:0050873","brown fat cell differentiation","1/342","40/12706",0.025,0.928801169590643,-0.0750073812041681,0.664828714788722,0.764341933361573,0.661728515634884,"PIM1",1
"GO:0060688","regulation of morphogenesis of a branching structure","1/342","40/12706",0.025,0.928801169590643,-0.0750073812041681,0.664828714788722,0.764341933361573,0.661728515634884,"TGFB1",1
"GO:0071622","regulation of granulocyte chemotaxis","1/342","40/12706",0.025,0.928801169590643,-0.0750073812041681,0.664828714788722,0.764341933361573,0.661728515634884,"RIPOR2",1
"GO:1900047","negative regulation of hemostasis","1/342","40/12706",0.025,0.928801169590643,-0.0750073812041681,0.664828714788722,0.764341933361573,0.661728515634884,"PLAUR",1
"GO:1990090","cellular response to nerve growth factor stimulus","1/342","40/12706",0.025,0.928801169590643,-0.0750073812041681,0.664828714788722,0.764341933361573,0.661728515634884,"BPTF",1
"GO:0032481","positive regulation of type I interferon production","2/342","84/12706",0.0238095238095238,0.884572542467279,-0.176524737518286,0.665075375772908,0.764394370824847,0.661773913333508,"SYK/DDX3X",2
"GO:0046330","positive regulation of JNK cascade","2/342","85/12706",0.0235294117647059,0.874165806673546,-0.193589651666556,0.67141406551277,0.76939557288638,0.666103700660514,"TAOK1/HIPK2",2
"GO:0048675","axon extension","2/342","85/12706",0.0235294117647059,0.874165806673546,-0.193589651666556,0.67141406551277,0.76939557288638,0.666103700660514,"MACF1/ARHGAP4",2
"GO:0060078","regulation of postsynaptic membrane potential","2/342","85/12706",0.0235294117647059,0.874165806673546,-0.193589651666556,0.67141406551277,0.76939557288638,0.666103700660514,"P2RX1/PTEN",2
"GO:0007281","germ cell development","6/342","251/12706",0.0239043824701195,0.888096735863563,-0.29780270560355,0.672710702688058,0.76939557288638,0.666103700660514,"RARA/SMARCA2/CELF1/QKI/EIF4G3/CTCF",6
"GO:0003016","respiratory system process","1/342","41/12706",0.024390243902439,0.906147482527457,-0.100105086980624,0.673878815810533,0.76939557288638,0.666103700660514,"HIPK2",1
"GO:0006749","glutathione metabolic process","1/342","41/12706",0.024390243902439,0.906147482527457,-0.100105086980624,0.673878815810533,0.76939557288638,0.666103700660514,"SOD2",1
"GO:0008089","anterograde axonal transport","1/342","41/12706",0.024390243902439,0.906147482527457,-0.100105086980624,0.673878815810533,0.76939557288638,0.666103700660514,"AP3D1",1
"GO:0008542","visual learning","1/342","41/12706",0.024390243902439,0.906147482527457,-0.100105086980624,0.673878815810533,0.76939557288638,0.666103700660514,"KMT2A",1
"GO:0009394","2'-deoxyribonucleotide metabolic process","1/342","41/12706",0.024390243902439,0.906147482527457,-0.100105086980624,0.673878815810533,0.76939557288638,0.666103700660514,"TYMP",1
"GO:0017004","cytochrome complex assembly","1/342","41/12706",0.024390243902439,0.906147482527457,-0.100105086980624,0.673878815810533,0.76939557288638,0.666103700660514,"CYBA",1
"GO:0031295","T cell costimulation","1/342","41/12706",0.024390243902439,0.906147482527457,-0.100105086980624,0.673878815810533,0.76939557288638,0.666103700660514,"SPN",1
"GO:0033628","regulation of cell adhesion mediated by integrin","1/342","41/12706",0.024390243902439,0.906147482527457,-0.100105086980624,0.673878815810533,0.76939557288638,0.666103700660514,"SYK",1
"GO:0046578","regulation of Ras protein signal transduction","1/342","41/12706",0.024390243902439,0.906147482527457,-0.100105086980624,0.673878815810533,0.76939557288638,0.666103700660514,"PICALM",1
"GO:0046627","negative regulation of insulin receptor signaling pathway","1/342","41/12706",0.024390243902439,0.906147482527457,-0.100105086980624,0.673878815810533,0.76939557288638,0.666103700660514,"PTPRE",1
"GO:0060675","ureteric bud morphogenesis","1/342","41/12706",0.024390243902439,0.906147482527457,-0.100105086980624,0.673878815810533,0.76939557288638,0.666103700660514,"TGFB1",1
"GO:0072171","mesonephric tubule morphogenesis","1/342","41/12706",0.024390243902439,0.906147482527457,-0.100105086980624,0.673878815810533,0.76939557288638,0.666103700660514,"TGFB1",1
"GO:0086065","cell communication involved in cardiac conduction","1/342","41/12706",0.024390243902439,0.906147482527457,-0.100105086980624,0.673878815810533,0.76939557288638,0.666103700660514,"FLNA",1
"GO:0120163","negative regulation of cold-induced thermogenesis","1/342","41/12706",0.024390243902439,0.906147482527457,-0.100105086980624,0.673878815810533,0.76939557288638,0.666103700660514,"QKI",1
"GO:1902108","regulation of mitochondrial membrane permeability involved in apoptotic process","1/342","41/12706",0.024390243902439,0.906147482527457,-0.100105086980624,0.673878815810533,0.76939557288638,0.666103700660514,"HSPA1A",1
"GO:1905710","positive regulation of membrane permeability","1/342","41/12706",0.024390243902439,0.906147482527457,-0.100105086980624,0.673878815810533,0.76939557288638,0.666103700660514,"HSPA1A",1
"GO:1990089","response to nerve growth factor","1/342","41/12706",0.024390243902439,0.906147482527457,-0.100105086980624,0.673878815810533,0.76939557288638,0.666103700660514,"BPTF",1
"GO:2000772","regulation of cellular senescence","1/342","41/12706",0.024390243902439,0.906147482527457,-0.100105086980624,0.673878815810533,0.76939557288638,0.666103700660514,"PTEN",1
"GO:0014020","primary neural tube formation","2/342","86/12706",0.0232558139534884,0.864001087991296,-0.210463055757633,0.67765542358482,0.773243073370193,0.669434671621195,"TGFB1/RARA",2
"GO:0034763","negative regulation of transmembrane transport","2/342","86/12706",0.0232558139534884,0.864001087991296,-0.210463055757633,0.67765542358482,0.773243073370193,0.669434671621195,"TGFB1/PPP3R1",2
"GO:0009262","deoxyribonucleotide metabolic process","1/342","42/12706",0.0238095238095238,0.884572542467279,-0.124614681999714,0.682685246524532,0.775491277946301,0.671381053223535,"TYMP",1
"GO:0009988","cell-cell recognition","1/342","42/12706",0.0238095238095238,0.884572542467279,-0.124614681999714,0.682685246524532,0.775491277946301,0.671381053223535,"DOCK8",1
"GO:0031294","lymphocyte costimulation","1/342","42/12706",0.0238095238095238,0.884572542467279,-0.124614681999714,0.682685246524532,0.775491277946301,0.671381053223535,"SPN",1
"GO:0032527","protein exit from endoplasmic reticulum","1/342","42/12706",0.0238095238095238,0.884572542467279,-0.124614681999714,0.682685246524532,0.775491277946301,0.671381053223535,"SORL1",1
"GO:0032790","ribosome disassembly","1/342","42/12706",0.0238095238095238,0.884572542467279,-0.124614681999714,0.682685246524532,0.775491277946301,0.671381053223535,"ETF1",1
"GO:0045665","negative regulation of neuron differentiation","1/342","42/12706",0.0238095238095238,0.884572542467279,-0.124614681999714,0.682685246524532,0.775491277946301,0.671381053223535,"CALR",1
"GO:0048645","animal organ formation","1/342","42/12706",0.0238095238095238,0.884572542467279,-0.124614681999714,0.682685246524532,0.775491277946301,0.671381053223535,"PIM1",1
"GO:0050819","negative regulation of coagulation","1/342","42/12706",0.0238095238095238,0.884572542467279,-0.124614681999714,0.682685246524532,0.775491277946301,0.671381053223535,"PLAUR",1
"GO:0051180","vitamin transport","1/342","42/12706",0.0238095238095238,0.884572542467279,-0.124614681999714,0.682685246524532,0.775491277946301,0.671381053223535,"SLC2A3",1
"GO:0060350","endochondral bone morphogenesis","1/342","42/12706",0.0238095238095238,0.884572542467279,-0.124614681999714,0.682685246524532,0.775491277946301,0.671381053223535,"RARA",1
"GO:0072528","pyrimidine-containing compound biosynthetic process","1/342","42/12706",0.0238095238095238,0.884572542467279,-0.124614681999714,0.682685246524532,0.775491277946301,0.671381053223535,"NME4",1
"GO:0090114","COPII-coated vesicle budding","1/342","42/12706",0.0238095238095238,0.884572542467279,-0.124614681999714,0.682685246524532,0.775491277946301,0.671381053223535,"TRAPPC5",1
"GO:0090181","regulation of cholesterol metabolic process","1/342","42/12706",0.0238095238095238,0.884572542467279,-0.124614681999714,0.682685246524532,0.775491277946301,0.671381053223535,"QKI",1
"GO:1900077","negative regulation of cellular response to insulin stimulus","1/342","42/12706",0.0238095238095238,0.884572542467279,-0.124614681999714,0.682685246524532,0.775491277946301,0.671381053223535,"PTPRE",1
"GO:1903539","protein localization to postsynaptic membrane","1/342","42/12706",0.0238095238095238,0.884572542467279,-0.124614681999714,0.682685246524532,0.775491277946301,0.671381053223535,"OGT",1
"GO:0098659","inorganic cation import across plasma membrane","2/342","87/12706",0.0229885057471264,0.85407004100289,-0.227149877062147,0.68380008046254,0.77629379095807,0.672075828324672,"P2RX1/PPP3R1",2
"GO:0099587","inorganic ion import across plasma membrane","2/342","87/12706",0.0229885057471264,0.85407004100289,-0.227149877062147,0.68380008046254,0.77629379095807,0.672075828324672,"P2RX1/PPP3R1",2
"GO:0098742","cell-cell adhesion via plasma-membrane adhesion molecules","3/342","130/12706",0.0230769230769231,0.857354925775978,-0.271880512972666,0.684191408634299,0.776506189739583,0.672259712427165,"CD84/ITGAM/ITGB2",3
"GO:0030031","cell projection assembly","12/342","495/12706",0.0242424242424242,0.900655679603048,-0.3749651595899,0.686345571800565,0.778718550876082,0.674175062595727,"SEPTIN7/SEPTIN9/SEPTIN2/AIF1/CCDC88A/CEP350/FLNA/DCTN1/ARAP1/SDCCAG8/EVL/RIPOR2",12
"GO:0048608","reproductive structure development","5/342","214/12706",0.0233644859813084,0.868038476252938,-0.323786777955085,0.687175539657124,0.779427625828278,0.674788943759524,"CRIP1/FLNA/BASP1/RARA/NASP",5
"GO:0051048","negative regulation of secretion","3/342","131/12706",0.0229007633587786,0.850810231686085,-0.285457580203254,0.689186146381005,0.780793165490076,0.675971158804913,"CD84/PFKL/RAB11FIP1",3
"GO:0060562","epithelial tube morphogenesis","6/342","256/12706",0.0234375,0.870751096491228,-0.347442598065501,0.691027171152514,0.780793165490076,0.675971158804913,"CSNK2B/TGFB1/FOXP1/PPP3R1/RARA/CTSH",6
"GO:0006826","iron ion transport","1/342","43/12706",0.0232558139534884,0.864001087991296,-0.148566963783592,0.691254548932034,0.780793165490076,0.675971158804913,"CLTC",1
"GO:0007131","reciprocal meiotic recombination","1/342","43/12706",0.0232558139534884,0.864001087991296,-0.148566963783592,0.691254548932034,0.780793165490076,0.675971158804913,"TOP2B",1
"GO:0009395","phospholipid catabolic process","1/342","43/12706",0.0232558139534884,0.864001087991296,-0.148566963783592,0.691254548932034,0.780793165490076,0.675971158804913,"APOC2",1
"GO:0046456","icosanoid biosynthetic process","1/342","43/12706",0.0232558139534884,0.864001087991296,-0.148566963783592,0.691254548932034,0.780793165490076,0.675971158804913,"SYK",1
"GO:0048260","positive regulation of receptor-mediated endocytosis","1/342","43/12706",0.0232558139534884,0.864001087991296,-0.148566963783592,0.691254548932034,0.780793165490076,0.675971158804913,"SYK",1
"GO:0061005","cell differentiation involved in kidney development","1/342","43/12706",0.0232558139534884,0.864001087991296,-0.148566963783592,0.691254548932034,0.780793165490076,0.675971158804913,"BASP1",1
"GO:0062237","protein localization to postsynapse","1/342","43/12706",0.0232558139534884,0.864001087991296,-0.148566963783592,0.691254548932034,0.780793165490076,0.675971158804913,"OGT",1
"GO:0099084","postsynaptic specialization organization","1/342","43/12706",0.0232558139534884,0.864001087991296,-0.148566963783592,0.691254548932034,0.780793165490076,0.675971158804913,"PTEN",1
"GO:0140527","reciprocal homologous recombination","1/342","43/12706",0.0232558139534884,0.864001087991296,-0.148566963783592,0.691254548932034,0.780793165490076,0.675971158804913,"TOP2B",1
"GO:1900225","regulation of NLRP3 inflammasome complex assembly","1/342","43/12706",0.0232558139534884,0.864001087991296,-0.148566963783592,0.691254548932034,0.780793165490076,0.675971158804913,"DDX3X",1
"GO:1905168","positive regulation of double-strand break repair via homologous recombination","1/342","43/12706",0.0232558139534884,0.864001087991296,-0.148566963783592,0.691254548932034,0.780793165490076,0.675971158804913,"ARID2",1
"GO:2001257","regulation of cation channel activity","1/342","43/12706",0.0232558139534884,0.864001087991296,-0.148566963783592,0.691254548932034,0.780793165490076,0.675971158804913,"CTSS",1
"GO:0044782","cilium organization","8/342","338/12706",0.0236686390532544,0.87933838541126,-0.373937167267623,0.693943633992565,0.783597771440372,0.678399244523393,"SEPTIN7/SEPTIN9/SEPTIN2/CCDC88A/CEP350/FLNA/DCTN1/SDCCAG8",8
"GO:0120039","plasma membrane bounded cell projection morphogenesis","12/342","498/12706",0.0240963855421687,0.895230042978933,-0.39668891641848,0.694239221254785,0.78369878836422,0.678486699857392,"MACF1/APLP2/CPNE1/PICALM/MYO9B/MYCBP2/TOP2B/ARHGAP4/LLPH/USP33/EVL/PTEN",12
"GO:0042327","positive regulation of phosphorylation","5/342","216/12706",0.0231481481481481,0.860001082954299,-0.345136763443014,0.694988039760951,0.784311228011617,0.679016919070939,"CCDC88A/CD4/PLAUR/PIM1/RAF1",5
"GO:0005976","polysaccharide metabolic process","2/342","89/12706",0.0224719101123595,0.834877455811814,-0.259982558214665,0.695801992967639,0.784531191359124,0.679207352191362,"TGFB1/CLTC",2
"GO:0031123","RNA 3'-end processing","2/342","89/12706",0.0224719101123595,0.834877455811814,-0.259982558214665,0.695801992967639,0.784531191359124,0.679207352191362,"PCF11/FBL",2
"GO:1905897","regulation of response to endoplasmic reticulum stress","2/342","89/12706",0.0224719101123595,0.834877455811814,-0.259982558214665,0.695801992967639,0.784531191359124,0.679207352191362,"PPP1R15A/HSPA1A",2
"GO:0048858","cell projection morphogenesis","12/342","500/12706",0.024,0.891649122807018,-0.411103941402132,0.699435586596036,0.786705982785024,0.681090176408198,"MACF1/APLP2/CPNE1/PICALM/MYO9B/MYCBP2/TOP2B/ARHGAP4/LLPH/USP33/EVL/PTEN",12
"GO:0003179","heart valve morphogenesis","1/342","44/12706",0.0227272727272727,0.844364699627858,-0.171990390032495,0.699593089899044,0.786705982785024,0.681090176408198,"TGFB1",1
"GO:0007019","microtubule depolymerization","1/342","44/12706",0.0227272727272727,0.844364699627858,-0.171990390032495,0.699593089899044,0.786705982785024,0.681090176408198,"TAOK1",1
"GO:0047496","vesicle transport along microtubule","1/342","44/12706",0.0227272727272727,0.844364699627858,-0.171990390032495,0.699593089899044,0.786705982785024,0.681090176408198,"AP3D1",1
"GO:0048168","regulation of neuronal synaptic plasticity","1/342","44/12706",0.0227272727272727,0.844364699627858,-0.171990390032495,0.699593089899044,0.786705982785024,0.681090176408198,"KMT2A",1
"GO:0060135","maternal process involved in female pregnancy","1/342","44/12706",0.0227272727272727,0.844364699627858,-0.171990390032495,0.699593089899044,0.786705982785024,0.681090176408198,"JUNB",1
"GO:0071300","cellular response to retinoic acid","1/342","44/12706",0.0227272727272727,0.844364699627858,-0.171990390032495,0.699593089899044,0.786705982785024,0.681090176408198,"RARA",1
"GO:0090148","membrane fission","1/342","44/12706",0.0227272727272727,0.844364699627858,-0.171990390032495,0.699593089899044,0.786705982785024,0.681090176408198,"HGS",1
"GO:1904645","response to amyloid-beta","1/342","44/12706",0.0227272727272727,0.844364699627858,-0.171990390032495,0.699593089899044,0.786705982785024,0.681090176408198,"SYK",1
"GO:0003206","cardiac chamber morphogenesis","2/342","90/12706",0.0222222222222222,0.825601039636127,-0.276137377339365,0.701660682844654,0.788138089591804,0.682330021914663,"TGFB1/RARA",2
"GO:0022612","gland morphogenesis","2/342","90/12706",0.0222222222222222,0.825601039636127,-0.276137377339365,0.701660682844654,0.788138089591804,0.682330021914663,"CRIP1/TGFB1",2
"GO:1904659","D-glucose transmembrane transport","2/342","90/12706",0.0222222222222222,0.825601039636127,-0.276137377339365,0.701660682844654,0.788138089591804,0.682330021914663,"RAB4B/SLC2A3",2
"GO:0090257","regulation of muscle system process","4/342","176/12706",0.0227272727272727,0.844364699627858,-0.345787903182241,0.701695800438784,0.788138089591804,0.682330021914663,"P2RX1/GRK2/FOXP1/ATP2B1",4
"GO:0061458","reproductive system development","5/342","218/12706",0.0229357798165138,0.852111164762058,-0.366300979331702,0.702666396421459,0.7889951681023,0.683072037059689,"CRIP1/FLNA/BASP1/RARA/NASP",5
"GO:0061138","morphogenesis of a branching epithelium","3/342","134/12706",0.0223880597014925,0.831762241424457,-0.325607632217518,0.703815067876056,0.79005163509441,0.683986672648805,"TGFB1/PPP3R1/CTSH",3
"GO:0002793","positive regulation of peptide secretion","2/342","91/12706",0.021978021978022,0.816528500739027,-0.292123548930213,0.707425535505196,0.791150327636193,0.684937864979201,"S100A8/TARDBP",2
"GO:0034243","regulation of transcription elongation by RNA polymerase II","2/342","91/12706",0.021978021978022,0.816528500739027,-0.292123548930213,0.707425535505196,0.791150327636193,0.684937864979201,"WDR43/WDR82",2
"GO:0001523","retinoid metabolic process","1/342","45/12706",0.0222222222222222,0.825601039636127,-0.194911306990481,0.707707065831324,0.791150327636193,0.684937864979201,"SCPEP1",1
"GO:0003208","cardiac ventricle morphogenesis","1/342","45/12706",0.0222222222222222,0.825601039636127,-0.194911306990481,0.707707065831324,0.791150327636193,0.684937864979201,"TGFB1",1
"GO:0007094","mitotic spindle assembly checkpoint signaling","1/342","45/12706",0.0222222222222222,0.825601039636127,-0.194911306990481,0.707707065831324,0.791150327636193,0.684937864979201,"DUSP1",1
"GO:0010824","regulation of centrosome duplication","1/342","45/12706",0.0222222222222222,0.825601039636127,-0.194911306990481,0.707707065831324,0.791150327636193,0.684937864979201,"XPO1",1
"GO:0060415","muscle tissue morphogenesis","1/342","45/12706",0.0222222222222222,0.825601039636127,-0.194911306990481,0.707707065831324,0.791150327636193,0.684937864979201,"TGFB1",1
"GO:0070830","bicellular tight junction assembly","1/342","45/12706",0.0222222222222222,0.825601039636127,-0.194911306990481,0.707707065831324,0.791150327636193,0.684937864979201,"RPS6",1
"GO:0071173","spindle assembly checkpoint signaling","1/342","45/12706",0.0222222222222222,0.825601039636127,-0.194911306990481,0.707707065831324,0.791150327636193,0.684937864979201,"DUSP1",1
"GO:0071174","mitotic spindle checkpoint signaling","1/342","45/12706",0.0222222222222222,0.825601039636127,-0.194911306990481,0.707707065831324,0.791150327636193,0.684937864979201,"DUSP1",1
"GO:1900181","negative regulation of protein localization to nucleus","1/342","45/12706",0.0222222222222222,0.825601039636127,-0.194911306990481,0.707707065831324,0.791150327636193,0.684937864979201,"NFKBIA",1
"GO:1901379","regulation of potassium ion transmembrane transport","1/342","45/12706",0.0222222222222222,0.825601039636127,-0.194911306990481,0.707707065831324,0.791150327636193,0.684937864979201,"FLNA",1
"GO:1901976","regulation of cell cycle checkpoint","1/342","45/12706",0.0222222222222222,0.825601039636127,-0.194911306990481,0.707707065831324,0.791150327636193,0.684937864979201,"DUSP1",1
"GO:2000351","regulation of endothelial cell apoptotic process","1/342","45/12706",0.0222222222222222,0.825601039636127,-0.194911306990481,0.707707065831324,0.791150327636193,0.684937864979201,"TGFB1",1
"GO:0019216","regulation of lipid metabolic process","6/342","261/12706",0.0229885057471264,0.85407004100289,-0.396175991198304,0.708657863601957,0.791980363731523,0.685656468171454,"RNF213/GPS2/OGT/QKI/SORL1/APOC2",6
"GO:0046474","glycerophospholipid biosynthetic process","4/342","178/12706",0.0224719101123595,0.834877455811814,-0.368974531415431,0.710051502709733,0.793304676256951,0.686802990851211,"SLC44A1/SMG1/DGKZ/PTEN",4
"GO:0044057","regulation of system process","9/342","384/12706",0.0234375,0.870751096491228,-0.427733008985974,0.710805637208986,0.793913934391471,0.687330455672119,"P2RX1/TYMP/GRK2/FOXP1/FLNA/CYBA/QKI/PTEN/ATP2B1",9
"GO:0001841","neural tube formation","2/342","92/12706",0.0217391304347826,0.807653190948385,-0.307945155165723,0.713097341153799,0.795501383742654,0.688704788882106,"TGFB1/RARA",2
"GO:0015914","phospholipid transport","2/342","92/12706",0.0217391304347826,0.807653190948385,-0.307945155165723,0.713097341153799,0.795501383742654,0.688704788882106,"NME4/APOC2",2
"GO:0055123","digestive system development","2/342","92/12706",0.0217391304347826,0.807653190948385,-0.307945155165723,0.713097341153799,0.795501383742654,0.688704788882106,"TGFB1/CHD8",2
"GO:0001764","neuron migration","3/342","136/12706",0.0220588235294118,0.81953044375645,-0.351905986787606,0.713273071325278,0.795501383742654,0.688704788882106,"FLNA/TOP2B/SDCCAG8",3
"GO:0021915","neural tube development","3/342","136/12706",0.0220588235294118,0.81953044375645,-0.351905986787606,0.713273071325278,0.795501383742654,0.688704788882106,"TGFB1/RARA/MARCKS",3
"GO:0007632","visual behavior","1/342","46/12706",0.0217391304347826,0.807653190948385,-0.217354150886006,0.715602507225028,0.796230826008064,0.689336303033644,"KMT2A",1
"GO:0009880","embryonic pattern specification","1/342","46/12706",0.0217391304347826,0.807653190948385,-0.217354150886006,0.715602507225028,0.796230826008064,0.689336303033644,"BASP1",1
"GO:0031577","spindle checkpoint signaling","1/342","46/12706",0.0217391304347826,0.807653190948385,-0.217354150886006,0.715602507225028,0.796230826008064,0.689336303033644,"DUSP1",1
"GO:0051403","stress-activated MAPK cascade","1/342","46/12706",0.0217391304347826,0.807653190948385,-0.217354150886006,0.715602507225028,0.796230826008064,0.689336303033644,"TAOK1",1
"GO:0072078","nephron tubule morphogenesis","1/342","46/12706",0.0217391304347826,0.807653190948385,-0.217354150886006,0.715602507225028,0.796230826008064,0.689336303033644,"TGFB1",1
"GO:0098927","vesicle-mediated transport between endosomal compartments","1/342","46/12706",0.0217391304347826,0.807653190948385,-0.217354150886006,0.715602507225028,0.796230826008064,0.689336303033644,"SORL1",1
"GO:0140894","endolysosomal toll-like receptor signaling pathway","1/342","46/12706",0.0217391304347826,0.807653190948385,-0.217354150886006,0.715602507225028,0.796230826008064,0.689336303033644,"DDX3X",1
"GO:0170041","non-proteinogenic amino acid metabolic process","1/342","46/12706",0.0217391304347826,0.807653190948385,-0.217354150886006,0.715602507225028,0.796230826008064,0.689336303033644,"EGLN2",1
"GO:1903522","regulation of blood circulation","4/342","180/12706",0.0222222222222222,0.825601039636127,-0.391917656950643,0.718235985584571,0.79892721392409,0.69167069906161,"P2RX1/GRK2/FLNA/ATP2B1",4
"GO:0001508","action potential","2/342","93/12706",0.021505376344086,0.798968748034962,-0.323606132607272,0.718676915491094,0.798950184999164,0.691690586254432,"P2RX1/FLNA",2
"GO:0008645","hexose transmembrane transport","2/342","93/12706",0.021505376344086,0.798968748034962,-0.323606132607272,0.718676915491094,0.798950184999164,0.691690586254432,"RAB4B/SLC2A3",2
"GO:0050678","regulation of epithelial cell proliferation","6/342","265/12706",0.0226415094339623,0.841178417742469,-0.434535937509858,0.722263398285487,0.801261843336758,0.693691902908176,"GRN/JUN/TGFB1/PRKDC/CYBA/ZFP36",6
"GO:0030072","peptide hormone secretion","4/342","181/12706",0.0220994475138122,0.82103970792543,-0.403299784156416,0.722264132279447,0.801261843336758,0.693691902908176,"TARDBP/RBM4/PFKL/RAF1",4
"GO:0007009","plasma membrane organization","3/342","138/12706",0.0217391304347826,0.807653190948385,-0.37784382813716,0.722497122898545,0.801261843336758,0.693691902908176,"MYH9/PLEC/PTEN",3
"GO:0006334","nucleosome assembly","1/342","47/12706",0.0212765957446809,0.790469080502675,-0.23934162614021,0.7232852830962,0.801261843336758,0.693691902908176,"NASP",1
"GO:0033046","negative regulation of sister chromatid segregation","1/342","47/12706",0.0212765957446809,0.790469080502675,-0.23934162614021,0.7232852830962,0.801261843336758,0.693691902908176,"DUSP1",1
"GO:0033048","negative regulation of mitotic sister chromatid segregation","1/342","47/12706",0.0212765957446809,0.790469080502675,-0.23934162614021,0.7232852830962,0.801261843336758,0.693691902908176,"DUSP1",1
"GO:0044546","NLRP3 inflammasome complex assembly","1/342","47/12706",0.0212765957446809,0.790469080502675,-0.23934162614021,0.7232852830962,0.801261843336758,0.693691902908176,"DDX3X",1
"GO:0045841","negative regulation of mitotic metaphase/anaphase transition","1/342","47/12706",0.0212765957446809,0.790469080502675,-0.23934162614021,0.7232852830962,0.801261843336758,0.693691902908176,"DUSP1",1
"GO:0046173","polyol biosynthetic process","1/342","47/12706",0.0212765957446809,0.790469080502675,-0.23934162614021,0.7232852830962,0.801261843336758,0.693691902908176,"PLEK",1
"GO:0048010","vascular endothelial growth factor receptor signaling pathway","1/342","47/12706",0.0212765957446809,0.790469080502675,-0.23934162614021,0.7232852830962,0.801261843336758,0.693691902908176,"HGS",1
"GO:0090303","positive regulation of wound healing","1/342","47/12706",0.0212765957446809,0.790469080502675,-0.23934162614021,0.7232852830962,0.801261843336758,0.693691902908176,"ARFGEF1",1
"GO:2000816","negative regulation of mitotic sister chromatid separation","1/342","47/12706",0.0212765957446809,0.790469080502675,-0.23934162614021,0.7232852830962,0.801261843336758,0.693691902908176,"DUSP1",1
"GO:0007029","endoplasmic reticulum organization","2/342","94/12706",0.0212765957446809,0.790469080502675,-0.339110278963484,0.724165097778236,0.80200282602763,0.694333408175309,"GET3/IER3IP1",2
"GO:0006986","response to unfolded protein","3/342","139/12706",0.0215827338129496,0.801842736337246,-0.390681169041396,0.727021973823786,0.804463778951698,0.696463976517057,"TMBIM4/PPP1R15A/HSPA1A",3
"GO:0055088","lipid homeostasis","3/342","139/12706",0.0215827338129496,0.801842736337246,-0.390681169041396,0.727021973823786,0.804463778951698,0.696463976517057,"DDX3X/TGFB1/APOC2",3
"GO:0070374","positive regulation of ERK1 and ERK2 cascade","3/342","139/12706",0.0215827338129496,0.801842736337246,-0.390681169041396,0.727021973823786,0.804463778951698,0.696463976517057,"CD4/JUN/TGFB1",3
"GO:0008037","cell recognition","2/342","95/12706",0.0210526315789474,0.782148353339489,-0.354461259470279,0.729562748986519,0.805553413256459,0.697407326684833,"DOCK8/CFP",2
"GO:0010927","cellular component assembly involved in morphogenesis","2/342","95/12706",0.0210526315789474,0.782148353339489,-0.354461259470279,0.729562748986519,0.805553413256459,0.697407326684833,"AKAP13/PLEC",2
"GO:0015749","monosaccharide transmembrane transport","2/342","95/12706",0.0210526315789474,0.782148353339489,-0.354461259470279,0.729562748986519,0.805553413256459,0.697407326684833,"RAB4B/SLC2A3",2
"GO:0032989","cellular anatomical entity morphogenesis","2/342","95/12706",0.0210526315789474,0.782148353339489,-0.354461259470279,0.729562748986519,0.805553413256459,0.697407326684833,"AKAP13/PLEC",2
"GO:0010611","regulation of cardiac muscle hypertrophy","1/342","48/12706",0.0208333333333333,0.774000974658869,-0.260894863461589,0.730761105292353,0.805553413256459,0.697407326684833,"FOXP1",1
"GO:0015909","long-chain fatty acid transport","1/342","48/12706",0.0208333333333333,0.774000974658869,-0.260894863461589,0.730761105292353,0.805553413256459,0.697407326684833,"SYK",1
"GO:0016101","diterpenoid metabolic process","1/342","48/12706",0.0208333333333333,0.774000974658869,-0.260894863461589,0.730761105292353,0.805553413256459,0.697407326684833,"SCPEP1",1
"GO:0071320","cellular response to cAMP","1/342","48/12706",0.0208333333333333,0.774000974658869,-0.260894863461589,0.730761105292353,0.805553413256459,0.697407326684833,"ATP5PO",1
"GO:0072088","nephron epithelium morphogenesis","1/342","48/12706",0.0208333333333333,0.774000974658869,-0.260894863461589,0.730761105292353,0.805553413256459,0.697407326684833,"TGFB1",1
"GO:1902100","negative regulation of metaphase/anaphase transition of cell cycle","1/342","48/12706",0.0208333333333333,0.774000974658869,-0.260894863461589,0.730761105292353,0.805553413256459,0.697407326684833,"DUSP1",1
"GO:1904888","cranial skeletal system development","1/342","48/12706",0.0208333333333333,0.774000974658869,-0.260894863461589,0.730761105292353,0.805553413256459,0.697407326684833,"TGFB1",1
"GO:1905819","negative regulation of chromosome separation","1/342","48/12706",0.0208333333333333,0.774000974658869,-0.260894863461589,0.730761105292353,0.805553413256459,0.697407326684833,"DUSP1",1
"GO:2000785","regulation of autophagosome assembly","1/342","48/12706",0.0208333333333333,0.774000974658869,-0.260894863461589,0.730761105292353,0.805553413256459,0.697407326684833,"USP33",1
"GO:0007286","spermatid development","3/342","140/12706",0.0214285714285714,0.796115288220551,-0.403432648419702,0.731489039356225,0.806122123951411,0.69789968758716,"SMARCA2/QKI/EIF4G3",3
"GO:0062014","negative regulation of small molecule metabolic process","2/342","96/12706",0.0208333333333333,0.774000974658869,-0.369662612912298,0.734870750029006,0.809614196351864,0.700922946923303,"PLEK/EP300",2
"GO:0030705","cytoskeleton-dependent intracellular transport","4/342","185/12706",0.0216216216216216,0.80328749802434,-0.448248874881472,0.737951094322652,0.810049392403163,0.701299717612529,"CCDC88A/BORCS8/DYNC1H1/AP3D1",4
"GO:0006518","peptide metabolic process","1/342","49/12706",0.0204081632653061,0.758205036400525,-0.282033560470847,0.738035532689258,0.810049392403163,0.701299717612529,"CTSH",1
"GO:0010718","positive regulation of epithelial to mesenchymal transition","1/342","49/12706",0.0204081632653061,0.758205036400525,-0.282033560470847,0.738035532689258,0.810049392403163,0.701299717612529,"TGFB1",1
"GO:0014743","regulation of muscle hypertrophy","1/342","49/12706",0.0204081632653061,0.758205036400525,-0.282033560470847,0.738035532689258,0.810049392403163,0.701299717612529,"FOXP1",1
"GO:0030834","regulation of actin filament depolymerization","1/342","49/12706",0.0204081632653061,0.758205036400525,-0.282033560470847,0.738035532689258,0.810049392403163,0.701299717612529,"PLEK",1
"GO:0031098","stress-activated protein kinase signaling cascade","1/342","49/12706",0.0204081632653061,0.758205036400525,-0.282033560470847,0.738035532689258,0.810049392403163,0.701299717612529,"TAOK1",1
"GO:0031100","animal organ regeneration","1/342","49/12706",0.0204081632653061,0.758205036400525,-0.282033560470847,0.738035532689258,0.810049392403163,0.701299717612529,"TGFB1",1
"GO:0050856","regulation of T cell receptor signaling pathway","1/342","49/12706",0.0204081632653061,0.758205036400525,-0.282033560470847,0.738035532689258,0.810049392403163,0.701299717612529,"DGKZ",1
"GO:0051985","negative regulation of chromosome segregation","1/342","49/12706",0.0204081632653061,0.758205036400525,-0.282033560470847,0.738035532689258,0.810049392403163,0.701299717612529,"DUSP1",1
"GO:0060997","dendritic spine morphogenesis","1/342","49/12706",0.0204081632653061,0.758205036400525,-0.282033560470847,0.738035532689258,0.810049392403163,0.701299717612529,"PTEN",1
"GO:0060998","regulation of dendritic spine development","1/342","49/12706",0.0204081632653061,0.758205036400525,-0.282033560470847,0.738035532689258,0.810049392403163,0.701299717612529,"LLPH",1
"GO:0072028","nephron morphogenesis","1/342","49/12706",0.0204081632653061,0.758205036400525,-0.282033560470847,0.738035532689258,0.810049392403163,0.701299717612529,"TGFB1",1
"GO:0180064","protein O-linked glycosylation via xylose","1/342","49/12706",0.0204081632653061,0.758205036400525,-0.282033560470847,0.738035532689258,0.810049392403163,0.701299717612529,"HS6ST1",1
"GO:0022412","cellular process involved in reproduction in multicellular organism","6/342","270/12706",0.0222222222222222,0.825601039636127,-0.481732898967929,0.738643294883577,0.810482484025212,0.701674666393543,"RARA/SMARCA2/CELF1/QKI/EIF4G3/CTCF",6
"GO:1902414","protein localization to cell junction","2/342","97/12706",0.0206185567010309,0.766021583167541,-0.384717757309421,0.740090000071133,0.811835597308266,0.702846123309878,"FLNA/OGT",2
"GO:0046854","phosphatidylinositol phosphate biosynthetic process","1/342","50/12706",0.02,0.743040935672515,-0.302776107105356,0.74511397527599,0.815699203570203,0.706191037837156,"SMG1",1
"GO:0048857","neural nucleus development","1/342","50/12706",0.02,0.743040935672515,-0.302776107105356,0.74511397527599,0.815699203570203,0.706191037837156,"BASP1",1
"GO:0050881","musculoskeletal movement","1/342","50/12706",0.02,0.743040935672515,-0.302776107105356,0.74511397527599,0.815699203570203,0.706191037837156,"HIPK2",1
"GO:0061333","renal tubule morphogenesis","1/342","50/12706",0.02,0.743040935672515,-0.302776107105356,0.74511397527599,0.815699203570203,0.706191037837156,"TGFB1",1
"GO:0071902","positive regulation of protein serine/threonine kinase activity","1/342","50/12706",0.02,0.743040935672515,-0.302776107105356,0.74511397527599,0.815699203570203,0.706191037837156,"PIM1",1
"GO:0072577","endothelial cell apoptotic process","1/342","50/12706",0.02,0.743040935672515,-0.302776107105356,0.74511397527599,0.815699203570203,0.706191037837156,"TGFB1",1
"GO:0120192","tight junction assembly","1/342","50/12706",0.02,0.743040935672515,-0.302776107105356,0.74511397527599,0.815699203570203,0.706191037837156,"RPS6",1
"GO:0046879","hormone secretion","5/342","230/12706",0.0217391304347826,0.807653190948385,-0.489589517267433,0.745908519455428,0.816333964009654,0.706740581261438,"TARDBP/RBM4/PFKL/RAB11FIP1/RAF1",5
"GO:0009411","response to UV","3/342","144/12706",0.0208333333333333,0.774000974658869,-0.45360653971757,0.748785039876961,0.819246250823657,0.709261891615375,"CRIP1/RPL26/EP300",3
"GO:0002028","regulation of sodium ion transport","1/342","51/12706",0.0196078431372549,0.728471505561289,-0.323139697723787,0.752001698131206,0.820640199855007,0.710468702053381,"TGFB1",1
"GO:0006890","retrograde vesicle-mediated transport, Golgi to endoplasmic reticulum","1/342","51/12706",0.0196078431372549,0.728471505561289,-0.323139697723787,0.752001698131206,0.820640199855007,0.710468702053381,"ARF3",1
"GO:0006984","ER-nucleus signaling pathway","1/342","51/12706",0.0196078431372549,0.728471505561289,-0.323139697723787,0.752001698131206,0.820640199855007,0.710468702053381,"PPP1R15A",1
"GO:0010812","negative regulation of cell-substrate adhesion","1/342","51/12706",0.0196078431372549,0.728471505561289,-0.323139697723787,0.752001698131206,0.820640199855007,0.710468702053381,"PTEN",1
"GO:0035825","homologous recombination","1/342","51/12706",0.0196078431372549,0.728471505561289,-0.323139697723787,0.752001698131206,0.820640199855007,0.710468702053381,"TOP2B",1
"GO:0043536","positive regulation of blood vessel endothelial cell migration","1/342","51/12706",0.0196078431372549,0.728471505561289,-0.323139697723787,0.752001698131206,0.820640199855007,0.710468702053381,"TGFB1",1
"GO:0046902","regulation of mitochondrial membrane permeability","1/342","51/12706",0.0196078431372549,0.728471505561289,-0.323139697723787,0.752001698131206,0.820640199855007,0.710468702053381,"HSPA1A",1
"GO:0048644","muscle organ morphogenesis","1/342","51/12706",0.0196078431372549,0.728471505561289,-0.323139697723787,0.752001698131206,0.820640199855007,0.710468702053381,"TGFB1",1
"GO:0050879","multicellular organismal movement","1/342","51/12706",0.0196078431372549,0.728471505561289,-0.323139697723787,0.752001698131206,0.820640199855007,0.710468702053381,"HIPK2",1
"GO:0032784","regulation of DNA-templated transcription elongation","2/342","100/12706",0.02,0.743040935672515,-0.429038415773249,0.755224476263762,0.823920648136247,0.713308747950399,"WDR43/WDR82",2
"GO:0007548","sex differentiation","4/342","190/12706",0.0210526315789474,0.782148353339489,-0.503182767862074,0.756609975877327,0.825195389640159,0.71441235455156,"FLNA/BASP1/RARA/NASP",4
"GO:0048812","neuron projection morphogenesis","11/342","483/12706",0.0227743271221532,0.846112866707832,-0.573466243155393,0.75687413325728,0.825246760723882,0.714456829032803,"MACF1/APLP2/CPNE1/PICALM/MYCBP2/TOP2B/ARHGAP4/LLPH/USP33/EVL/PTEN",11
"GO:0060411","cardiac septum morphogenesis","1/342","52/12706",0.0192307692307692,0.714462438146649,-0.343140431556187,0.758703825293523,0.827004571033823,0.715978652128455,"RARA",1
"GO:0001838","embryonic epithelial tube formation","2/342","101/12706",0.0198019801980198,0.735684094725262,-0.443540670952094,0.760098024055371,0.82804948064714,0.71688328192464,"TGFB1/RARA",2
"GO:0010977","negative regulation of neuron projection development","2/342","101/12706",0.0198019801980198,0.735684094725262,-0.443540670952094,0.760098024055371,0.82804948064714,0.71688328192464,"ARHGAP4/PTEN",2
"GO:0034329","cell junction assembly","8/342","361/12706",0.0221606648199446,0.823314056146831,-0.566410041655879,0.760622364430744,0.828262419484607,0.717067633580211,"RPS6/MACF1/MYCBP2/OGT/ARHGAP4/EIF4G1/PLEC/PTEN",8
"GO:0001763","morphogenesis of a branching structure","3/342","147/12706",0.0204081632653061,0.758205036400525,-0.490398662788035,0.761164885239142,0.828262419484607,0.717067633580211,"TGFB1/PPP3R1/CTSH",3
"GO:0008016","regulation of heart contraction","3/342","147/12706",0.0204081632653061,0.758205036400525,-0.490398662788035,0.761164885239142,0.828262419484607,0.717067633580211,"GRK2/FLNA/ATP2B1",3
"GO:0140013","meiotic nuclear division","3/342","147/12706",0.0204081632653061,0.758205036400525,-0.490398662788035,0.761164885239142,0.828262419484607,0.717067633580211,"CALR/TOP2B/PTEN",3
"GO:0006612","protein targeting to membrane","2/342","102/12706",0.0196078431372549,0.728471505561289,-0.457912173928768,0.764887536494937,0.830541466199436,0.719040716743442,"ITGAM/ITGB2",2
"GO:0010389","regulation of G2/M transition of mitotic cell cycle","2/342","102/12706",0.0196078431372549,0.728471505561289,-0.457912173928768,0.764887536494937,0.830541466199436,0.719040716743442,"NOP53/TAOK1",2
"GO:0060048","cardiac muscle contraction","2/342","102/12706",0.0196078431372549,0.728471505561289,-0.457912173928768,0.764887536494937,0.830541466199436,0.719040716743442,"GRK2/FLNA",2
"GO:0048515","spermatid differentiation","3/342","148/12706",0.0202702702702703,0.753082029397819,-0.502509419218963,0.765180524032056,0.830541466199436,0.719040716743442,"SMARCA2/QKI/EIF4G3",3
"GO:0002712","regulation of B cell mediated immunity","1/342","53/12706",0.0188679245283019,0.700982014785391,-0.362793402913481,0.765225343528834,0.830541466199436,0.719040716743442,"TGFB1",1
"GO:0002889","regulation of immunoglobulin mediated immune response","1/342","53/12706",0.0188679245283019,0.700982014785391,-0.362793402913481,0.765225343528834,0.830541466199436,0.719040716743442,"TGFB1",1
"GO:0015800","acidic amino acid transport","1/342","53/12706",0.0188679245283019,0.700982014785391,-0.362793402913481,0.765225343528834,0.830541466199436,0.719040716743442,"SEPTIN2",1
"GO:0030042","actin filament depolymerization","1/342","53/12706",0.0188679245283019,0.700982014785391,-0.362793402913481,0.765225343528834,0.830541466199436,0.719040716743442,"PLEK",1
"GO:0045669","positive regulation of osteoblast differentiation","1/342","53/12706",0.0188679245283019,0.700982014785391,-0.362793402913481,0.765225343528834,0.830541466199436,0.719040716743442,"JUND",1
"GO:0007411","axon guidance","3/342","149/12706",0.0201342281879195,0.74802778758978,-0.514545430660176,0.769141285485635,0.834077343815284,0.722101900415402,"MYCBP2/USP33/EVL",3
"GO:0031345","negative regulation of cell projection organization","3/342","149/12706",0.0201342281879195,0.74802778758978,-0.514545430660176,0.769141285485635,0.834077343815284,0.722101900415402,"ARHGAP4/EVL/PTEN",3
"GO:0046890","regulation of lipid biosynthetic process","3/342","149/12706",0.0201342281879195,0.74802778758978,-0.514545430660176,0.769141285485635,0.834077343815284,0.722101900415402,"OGT/QKI/APOC2",3
"GO:0008608","attachment of spindle microtubules to kinetochore","1/342","54/12706",0.0185185185185185,0.688000866363439,-0.382112782375333,0.771571105997271,0.835045074011279,0.722939712182859,"EML4",1
"GO:0043297","apical junction assembly","1/342","54/12706",0.0185185185185185,0.688000866363439,-0.382112782375333,0.771571105997271,0.835045074011279,0.722939712182859,"RPS6",1
"GO:0045839","negative regulation of mitotic nuclear division","1/342","54/12706",0.0185185185185185,0.688000866363439,-0.382112782375333,0.771571105997271,0.835045074011279,0.722939712182859,"DUSP1",1
"GO:0046605","regulation of centrosome cycle","1/342","54/12706",0.0185185185185185,0.688000866363439,-0.382112782375333,0.771571105997271,0.835045074011279,0.722939712182859,"XPO1",1
"GO:0048008","platelet-derived growth factor receptor signaling pathway","1/342","54/12706",0.0185185185185185,0.688000866363439,-0.382112782375333,0.771571105997271,0.835045074011279,0.722939712182859,"HGS",1
"GO:1902475","L-alpha-amino acid transmembrane transport","1/342","54/12706",0.0185185185185185,0.688000866363439,-0.382112782375333,0.771571105997271,0.835045074011279,0.722939712182859,"SEPTIN2",1
"GO:2000027","regulation of animal organ morphogenesis","1/342","54/12706",0.0185185185185185,0.688000866363439,-0.382112782375333,0.771571105997271,0.835045074011279,0.722939712182859,"TGFB1",1
"GO:0009914","hormone transport","5/342","238/12706",0.0210084033613445,0.780505184529952,-0.568506242445001,0.772057974224878,0.835334211156228,0.723190032471975,"TARDBP/RBM4/PFKL/RAB11FIP1/RAF1",5
"GO:0071897","DNA biosynthetic process","3/342","150/12706",0.02,0.743040935672515,-0.526507797897376,0.773047551786154,0.835929121698224,0.72370507587429,"DUSP1/HNRNPA1/HNRNPD",3
"GO:0097485","neuron projection guidance","3/342","150/12706",0.02,0.743040935672515,-0.526507797897376,0.773047551786154,0.835929121698224,0.72370507587429,"MYCBP2/USP33/EVL",3
"GO:0001936","regulation of endothelial cell proliferation","2/342","104/12706",0.0192307692307692,0.714462438146649,-0.486274021232544,0.774218372781516,0.836957137706944,0.724595080043638,"JUN/CYBA",2
"GO:0006836","neurotransmitter transport","3/342","151/12706",0.0198675496688742,0.738120134774021,-0.538397597662362,0.776899714803412,0.838624409471692,0.726038519454576,"STXBP2/P2RX1/STXBP5",3
"GO:0001708","cell fate specification","1/342","55/12706",0.0181818181818182,0.675491759702286,-0.401111890010272,0.777745835822511,0.838624409471692,0.726038519454576,"CHD3",1
"GO:0006695","cholesterol biosynthetic process","1/342","55/12706",0.0181818181818182,0.675491759702286,-0.401111890010272,0.777745835822511,0.838624409471692,0.726038519454576,"QKI",1
"GO:0007193","adenylate cyclase-inhibiting G protein-coupled receptor signaling pathway","1/342","55/12706",0.0181818181818182,0.675491759702286,-0.401111890010272,0.777745835822511,0.838624409471692,0.726038519454576,"FLNA",1
"GO:0030193","regulation of blood coagulation","1/342","55/12706",0.0181818181818182,0.675491759702286,-0.401111890010272,0.777745835822511,0.838624409471692,0.726038519454576,"PLAUR",1
"GO:0035567","non-canonical Wnt signaling pathway","1/342","55/12706",0.0181818181818182,0.675491759702286,-0.401111890010272,0.777745835822511,0.838624409471692,0.726038519454576,"RNF213",1
"GO:0071709","membrane assembly","1/342","55/12706",0.0181818181818182,0.675491759702286,-0.401111890010272,0.777745835822511,0.838624409471692,0.726038519454576,"PTEN",1
"GO:0099518","vesicle cytoskeletal trafficking","1/342","55/12706",0.0181818181818182,0.675491759702286,-0.401111890010272,0.777745835822511,0.838624409471692,0.726038519454576,"AP3D1",1
"GO:1902653","secondary alcohol biosynthetic process","1/342","55/12706",0.0181818181818182,0.675491759702286,-0.401111890010272,0.777745835822511,0.838624409471692,0.726038519454576,"QKI",1
"GO:0007189","adenylate cyclase-activating G protein-coupled receptor signaling pathway","2/342","105/12706",0.019047619047619,0.707658033973824,-0.500269696499261,0.778761675210177,0.83924373275201,0.726574698168702,"GNB1/GNAQ",2
"GO:0034219","carbohydrate transmembrane transport","2/342","105/12706",0.019047619047619,0.707658033973824,-0.500269696499261,0.778761675210177,0.83924373275201,0.726574698168702,"RAB4B/SLC2A3",2
"GO:0002791","regulation of peptide secretion","3/342","152/12706",0.0197368421052632,0.733264081255771,-0.550215883321454,0.780698175555295,0.84109222540698,0.72817502944368,"S100A8/TARDBP/PFKL",3
"GO:0071695","anatomical structure maturation","4/342","197/12706",0.0203045685279188,0.754356279870573,-0.577894248598538,0.780992017409957,0.841170439148061,0.728242742937509,"IER3IP1/TGFB1/KLF2/ZBTB7A",4
"GO:0001952","regulation of cell-matrix adhesion","2/342","106/12706",0.0188679245283019,0.700982014785391,-0.514145288605276,0.783224897194368,0.842474752787638,0.729371951595267,"MACF1/PTEN",2
"GO:0002009","morphogenesis of an epithelium","8/342","370/12706",0.0216216216216216,0.80328749802434,-0.638655318815324,0.783716517234865,0.842474752787638,0.729371951595267,"CSNK2B/TGFB1/FOXP1/FLNA/PPP3R1/RARA/PTEN/CTSH",8
"GO:0030199","collagen fibril organization","1/342","56/12706",0.0178571428571429,0.663429406850459,-0.419803261541891,0.783754129565986,0.842474752787638,0.729371951595267,"COLGALT1",1
"GO:0032968","positive regulation of transcription elongation by RNA polymerase II","1/342","56/12706",0.0178571428571429,0.663429406850459,-0.419803261541891,0.783754129565986,0.842474752787638,0.729371951595267,"WDR82",1
"GO:0043266","regulation of potassium ion transport","1/342","56/12706",0.0178571428571429,0.663429406850459,-0.419803261541891,0.783754129565986,0.842474752787638,0.729371951595267,"FLNA",1
"GO:0048864","stem cell development","1/342","56/12706",0.0178571428571429,0.663429406850459,-0.419803261541891,0.783754129565986,0.842474752787638,0.729371951595267,"MSI2",1
"GO:0050772","positive regulation of axonogenesis","1/342","56/12706",0.0178571428571429,0.663429406850459,-0.419803261541891,0.783754129565986,0.842474752787638,0.729371951595267,"MACF1",1
"GO:0006486","protein glycosylation","3/342","153/12706",0.0196078431372549,0.728471505561289,-0.561963685539721,0.784443343686996,0.842501014886429,0.729394687989663,"GALNT6/OGT/ARFGEF1",3
"GO:0043413","macromolecule glycosylation","3/342","153/12706",0.0196078431372549,0.728471505561289,-0.561963685539721,0.784443343686996,0.842501014886429,0.729394687989663,"GALNT6/OGT/ARFGEF1",3
"GO:0045216","cell-cell junction organization","3/342","153/12706",0.0196078431372549,0.728471505561289,-0.561963685539721,0.784443343686996,0.842501014886429,0.729394687989663,"RPS6/TGFB1/PLEC",3
"GO:0098771","inorganic ion homeostasis","9/342","413/12706",0.0217917675544794,0.809608767681917,-0.654205090920746,0.786254072563582,0.844207281526897,0.730871887188074,"P2RX1/TGFB1/SOD2/PICALM/FLNA/CYBA/TMEM165/CALR/ATP2B1",9
"GO:0009636","response to toxic substance","4/342","199/12706",0.0201005025125628,0.74677480972112,-0.598794439760333,0.787593092429611,0.845184753340765,0.731718132754664,"S100A9/FOS/SOD2/PIM1",4
"GO:0006661","phosphatidylinositol biosynthetic process","2/342","107/12706",0.0186915887850467,0.69443078100235,-0.527903260781177,0.787609042894879,0.845184753340765,0.731718132754664,"SMG1/PTEN",2
"GO:0090087","regulation of peptide transport","3/342","154/12706",0.0194805194805195,0.723741171109592,-0.573642012921976,0.788135636964702,0.845511199700845,0.73200075347173,"S100A8/TARDBP/PFKL",3
"GO:0042475","odontogenesis of dentin-containing tooth","1/342","57/12706",0.0175438596491228,0.651790294449574,-0.438198708255641,0.789600460608549,0.845889250840717,0.732328050992254,"TGFB1",1
"GO:0050688","regulation of defense response to virus","1/342","57/12706",0.0175438596491228,0.651790294449574,-0.438198708255641,0.789600460608549,0.845889250840717,0.732328050992254,"SPN",1
"GO:0086001","cardiac muscle cell action potential","1/342","57/12706",0.0175438596491228,0.651790294449574,-0.438198708255641,0.789600460608549,0.845889250840717,0.732328050992254,"FLNA",1
"GO:0140632","canonical inflammasome complex assembly","1/342","57/12706",0.0175438596491228,0.651790294449574,-0.438198708255641,0.789600460608549,0.845889250840717,0.732328050992254,"DDX3X",1
"GO:1900046","regulation of hemostasis","1/342","57/12706",0.0175438596491228,0.651790294449574,-0.438198708255641,0.789600460608549,0.845889250840717,0.732328050992254,"PLAUR",1
"GO:0043408","regulation of MAPK cascade","11/342","498/12706",0.0220883534136546,0.820627539397356,-0.679155256477503,0.79031093116981,0.846411876142991,0.732780513496812,"DUSP1/SYK/CD4/JUN/TGFB1/EIF3A/GPS2/TAOK1/SIRPA/HIPK2/RAF1",11
"GO:0043588","skin development","4/342","200/12706",0.02,0.743040935672515,-0.609172959678941,0.790833816670414,0.846733362709353,0.733058840275796,"NFKBIZ/PLEC/NUMA1/ZFP36",4
"GO:0042886","amide transport","5/342","245/12706",0.0204081632653061,0.758205036400525,-0.635586602709064,0.793217178894827,0.849046090697673,0.735061082978937,"S100A8/TARDBP/RBM4/PFKL/RAF1",5
"GO:0000959","mitochondrial RNA metabolic process","1/342","58/12706",0.0172413793103448,0.640552530752168,-0.456309371338812,0.795289182442044,0.849907615468009,0.735806947470435,"TRMT5",1
"GO:0010965","regulation of mitotic sister chromatid separation","1/342","58/12706",0.0172413793103448,0.640552530752168,-0.456309371338812,0.795289182442044,0.849907615468009,0.735806947470435,"DUSP1",1
"GO:0051784","negative regulation of nuclear division","1/342","58/12706",0.0172413793103448,0.640552530752168,-0.456309371338812,0.795289182442044,0.849907615468009,0.735806947470435,"DUSP1",1
"GO:0061180","mammary gland epithelium development","1/342","58/12706",0.0172413793103448,0.640552530752168,-0.456309371338812,0.795289182442044,0.849907615468009,0.735806947470435,"TGFB1",1
"GO:0086003","cardiac muscle cell contraction","1/342","58/12706",0.0172413793103448,0.640552530752168,-0.456309371338812,0.795289182442044,0.849907615468009,0.735806947470435,"FLNA",1
"GO:0007188","adenylate cyclase-modulating G protein-coupled receptor signaling pathway","3/342","156/12706",0.0192307692307692,0.714462438146649,-0.596794170987624,0.79536330768942,0.849907615468009,0.735806947470435,"GNB1/FLNA/GNAQ",3
"GO:0001776","leukocyte homeostasis","2/342","109/12706",0.018348623853211,0.681688931809647,-0.555075825940108,0.796144141669993,0.850025281277539,0.735908816566035,"TGFB1/TSC22D3",2
"GO:0008643","carbohydrate transport","2/342","109/12706",0.018348623853211,0.681688931809647,-0.555075825940108,0.796144141669993,0.850025281277539,0.735908816566035,"RAB4B/SLC2A3",2
"GO:0072006","nephron development","2/342","109/12706",0.018348623853211,0.681688931809647,-0.555075825940108,0.796144141669993,0.850025281277539,0.735908816566035,"TGFB1/BASP1",2
"GO:0003012","muscle system process","7/342","333/12706",0.021021021021021,0.780973956412553,-0.673598727553419,0.79717101170526,0.850882702555699,0.736651128461937,"P2RX1/GRK2/FOXP1/PABPN1/FLNA/CYBA/ATP2B1",7
"GO:0042391","regulation of membrane potential","6/342","291/12706",0.0206185567010309,0.766021583167541,-0.671536805103544,0.799884170775034,0.853539044986438,0.738950855137903,"NDUFC2/P2RX1/SOD2/FLNA/KMT2A/PTEN",6
"GO:0007631","feeding behavior","1/342","59/12706",0.0169491525423729,0.629695708197046,-0.474145771259005,0.800824531873165,0.853823575485635,0.739197187226551,"FOS",1
"GO:0021510","spinal cord development","1/342","59/12706",0.0169491525423729,0.629695708197046,-0.474145771259005,0.800824531873165,0.853823575485635,0.739197187226551,"DCTN1",1
"GO:0032835","glomerulus development","1/342","59/12706",0.0169491525423729,0.629695708197046,-0.474145771259005,0.800824531873165,0.853823575485635,0.739197187226551,"BASP1",1
"GO:0046165","alcohol biosynthetic process","2/342","111/12706",0.018018018018018,0.669406248353617,-0.581805649393437,0.80437507024844,0.856443929422663,0.741465756888249,"PLEK/QKI",2
"GO:0072175","epithelial tube formation","2/342","111/12706",0.018018018018018,0.669406248353617,-0.581805649393437,0.80437507024844,0.856443929422663,0.741465756888249,"TGFB1/RARA",2
"GO:0006261","DNA-templated DNA replication","3/342","159/12706",0.0188679245283019,0.700982014785391,-0.631025360445418,0.805819109997995,0.856443929422663,0.741465756888249,"PRKDC/BOD1L1/MCM5",3
"GO:0006721","terpenoid metabolic process","1/342","60/12706",0.0166666666666667,0.619200779727095,-0.491717852711396,0.806210632141955,0.856443929422663,0.741465756888249,"SCPEP1",1
"GO:0007156","homophilic cell adhesion via plasma membrane adhesion molecules","1/342","60/12706",0.0166666666666667,0.619200779727095,-0.491717852711396,0.806210632141955,0.856443929422663,0.741465756888249,"CD84",1
"GO:0030032","lamellipodium assembly","1/342","60/12706",0.0166666666666667,0.619200779727095,-0.491717852711396,0.806210632141955,0.856443929422663,0.741465756888249,"CCDC88A",1
"GO:0035019","somatic stem cell population maintenance","1/342","60/12706",0.0166666666666667,0.619200779727095,-0.491717852711396,0.806210632141955,0.856443929422663,0.741465756888249,"RAF1",1
"GO:0045670","regulation of osteoclast differentiation","1/342","60/12706",0.0166666666666667,0.619200779727095,-0.491717852711396,0.806210632141955,0.856443929422663,0.741465756888249,"FOS",1
"GO:0050810","regulation of steroid biosynthetic process","1/342","60/12706",0.0166666666666667,0.619200779727095,-0.491717852711396,0.806210632141955,0.856443929422663,0.741465756888249,"QKI",1
"GO:0051058","negative regulation of small GTPase mediated signal transduction","1/342","60/12706",0.0166666666666667,0.619200779727095,-0.491717852711396,0.806210632141955,0.856443929422663,0.741465756888249,"RIPOR2",1
"GO:0060612","adipose tissue development","1/342","60/12706",0.0166666666666667,0.619200779727095,-0.491717852711396,0.806210632141955,0.856443929422663,0.741465756888249,"SORL1",1
"GO:0061844","antimicrobial humoral immune response mediated by antimicrobial peptide","1/342","60/12706",0.0166666666666667,0.619200779727095,-0.491717852711396,0.806210632141955,0.856443929422663,0.741465756888249,"S100A9",1
"GO:0072080","nephron tubule development","1/342","60/12706",0.0166666666666667,0.619200779727095,-0.491717852711396,0.806210632141955,0.856443929422663,0.741465756888249,"TGFB1",1
"GO:1902749","regulation of cell cycle G2/M phase transition","2/342","112/12706",0.0178571428571429,0.663429406850459,-0.595009944865372,0.808379008537739,0.858507539234772,0.743252325697592,"NOP53/TAOK1",2
"GO:0010970","transport along microtubule","3/342","160/12706",0.01875,0.696600877192982,-0.642306859484578,0.809203321764145,0.859142985017392,0.743802462457262,"BORCS8/DYNC1H1/AP3D1",3
"GO:0007080","mitotic metaphase chromosome alignment","1/342","61/12706",0.0163934426229508,0.609049947272553,-0.509035025600458,0.811451495957189,0.860328663588743,0.744828962884354,"EML4",1
"GO:0010660","regulation of muscle cell apoptotic process","1/342","61/12706",0.0163934426229508,0.609049947272553,-0.509035025600458,0.811451495957189,0.860328663588743,0.744828962884354,"SOD2",1
"GO:0016126","sterol biosynthetic process","1/342","61/12706",0.0163934426229508,0.609049947272553,-0.509035025600458,0.811451495957189,0.860328663588743,0.744828962884354,"QKI",1
"GO:0051306","mitotic sister chromatid separation","1/342","61/12706",0.0163934426229508,0.609049947272553,-0.509035025600458,0.811451495957189,0.860328663588743,0.744828962884354,"DUSP1",1
"GO:0097352","autophagosome maturation","1/342","61/12706",0.0163934426229508,0.609049947272553,-0.509035025600458,0.811451495957189,0.860328663588743,0.744828962884354,"TBC1D25",1
"GO:0048813","dendrite morphogenesis","2/342","113/12706",0.0176991150442478,0.657558350152668,-0.608109923232391,0.812309950268373,0.860998726211418,0.74540906915006,"PICALM/PTEN",2
"GO:0043410","positive regulation of MAPK cascade","7/342","340/12706",0.0205882352941176,0.764895080839353,-0.730814983779878,0.814062244924814,0.862615567225235,0.746808848172239,"SYK/CD4/JUN/TGFB1/TAOK1/HIPK2/RAF1",7
"GO:0045017","glycerolipid biosynthetic process","4/342","208/12706",0.0192307692307692,0.714462438146649,-0.690550658417204,0.815355638054204,0.863087853814351,0.747217729969677,"SLC44A1/SMG1/DGKZ/PTEN",4
"GO:0006879","intracellular iron ion homeostasis","1/342","62/12706",0.0161290322580645,0.599226561026222,-0.526106202466027,0.816551028450873,0.863087853814351,0.747217729969677,"PICALM",1
"GO:0007606","sensory perception of chemical stimulus","1/342","62/12706",0.0161290322580645,0.599226561026222,-0.526106202466027,0.816551028450873,0.863087853814351,0.747217729969677,"GNB1",1
"GO:0043543","protein acylation","1/342","62/12706",0.0161290322580645,0.599226561026222,-0.526106202466027,0.816551028450873,0.863087853814351,0.747217729969677,"EP300",1
"GO:0044091","membrane biogenesis","1/342","62/12706",0.0161290322580645,0.599226561026222,-0.526106202466027,0.816551028450873,0.863087853814351,0.747217729969677,"PTEN",1
"GO:0046470","phosphatidylcholine metabolic process","1/342","62/12706",0.0161290322580645,0.599226561026222,-0.526106202466027,0.816551028450873,0.863087853814351,0.747217729969677,"SLC44A1",1
"GO:0046513","ceramide biosynthetic process","1/342","62/12706",0.0161290322580645,0.599226561026222,-0.526106202466027,0.816551028450873,0.863087853814351,0.747217729969677,"P2RX1",1
"GO:0060261","positive regulation of transcription initiation by RNA polymerase II","1/342","62/12706",0.0161290322580645,0.599226561026222,-0.526106202466027,0.816551028450873,0.863087853814351,0.747217729969677,"NFKBIA",1
"GO:0090559","regulation of membrane permeability","1/342","62/12706",0.0161290322580645,0.599226561026222,-0.526106202466027,0.816551028450873,0.863087853814351,0.747217729969677,"HSPA1A",1
"GO:0003158","endothelium development","2/342","115/12706",0.0173913043478261,0.646122552758708,-0.634004854865382,0.819956901089998,0.865965593873381,0.749709131493691,"CSNK2B/FOXP1",2
"GO:0016064","immunoglobulin mediated immune response","2/342","115/12706",0.0173913043478261,0.646122552758708,-0.634004854865382,0.819956901089998,0.865965593873381,0.749709131493691,"TGFB1/NFKBIZ",2
"GO:0016331","morphogenesis of embryonic epithelium","2/342","115/12706",0.0173913043478261,0.646122552758708,-0.634004854865382,0.819956901089998,0.865965593873381,0.749709131493691,"TGFB1/RARA",2
"GO:0006903","vesicle targeting","1/342","63/12706",0.0158730158730159,0.589715028311519,-0.542939832715239,0.82151303005399,0.866886633434712,0.750506520875535,"TRAPPC5",1
"GO:0009798","axis specification","1/342","63/12706",0.0158730158730159,0.589715028311519,-0.542939832715239,0.82151303005399,0.866886633434712,0.750506520875535,"BASP1",1
"GO:0032786","positive regulation of DNA-templated transcription, elongation","1/342","63/12706",0.0158730158730159,0.589715028311519,-0.542939832715239,0.82151303005399,0.866886633434712,0.750506520875535,"WDR82",1
"GO:0006936","muscle contraction","5/342","256/12706",0.01953125,0.72562591374269,-0.737563281259231,0.823333610379542,0.868566699961992,0.751961037343544,"P2RX1/GRK2/PABPN1/FLNA/ATP2B1",5
"GO:0030902","hindbrain development","2/342","116/12706",0.0172413793103448,0.640552530752168,-0.646803631077426,0.823674934115619,0.868685741888373,0.752064097811385,"FLNA/HNRNPD",2
"GO:0048667","cell morphogenesis involved in neuron differentiation","9/342","431/12706",0.0208816705336427,0.775796800586152,-0.78757256650346,0.82529480055068,0.870152754213446,0.753334162746877,"MACF1/APLP2/PICALM/MYCBP2/TOP2B/ARHGAP4/USP33/EVL/PTEN",9
"GO:0007585","respiratory gaseous exchange by respiratory system","1/342","64/12706",0.015625,0.580500730994152,-0.559543933979944,0.826341199295589,0.87029064812239,0.753453544305965,"HIPK2",1
"GO:0043502","regulation of muscle adaptation","1/342","64/12706",0.015625,0.580500730994152,-0.559543933979944,0.826341199295589,0.87029064812239,0.753453544305965,"FOXP1",1
"GO:0061326","renal tubule development","1/342","64/12706",0.015625,0.580500730994152,-0.559543933979944,0.826341199295589,0.87029064812239,0.753453544305965,"TGFB1",1
"GO:0099068","postsynapse assembly","1/342","64/12706",0.015625,0.580500730994152,-0.559543933979944,0.826341199295589,0.87029064812239,0.753453544305965,"PTEN",1
"GO:0019724","B cell mediated immunity","2/342","118/12706",0.0169491525423729,0.629695708197046,-0.672112962830122,0.830905154919687,0.874269726971411,0.756898429147983,"TGFB1/NFKBIZ",2
"GO:0009593","detection of chemical stimulus","1/342","65/12706",0.0153846153846154,0.571569950517319,-0.575926120882683,0.831039135527269,0.874269726971411,0.756898429147983,"SOD2",1
"GO:0035249","synaptic transmission, glutamatergic","1/342","65/12706",0.0153846153846154,0.571569950517319,-0.575926120882683,0.831039135527269,0.874269726971411,0.756898429147983,"P2RX1",1
"GO:0051899","membrane depolarization","1/342","65/12706",0.0153846153846154,0.571569950517319,-0.575926120882683,0.831039135527269,0.874269726971411,0.756898429147983,"KMT2A",1
"GO:0070085","glycosylation","3/342","167/12706",0.0179640718562874,0.667402038029205,-0.719560405092853,0.831525825902586,0.874539748293674,0.757132199926442,"GALNT6/OGT/ARFGEF1",3
"GO:0140053","mitochondrial gene expression","3/342","168/12706",0.0178571428571429,0.663429406850459,-0.73036098515284,0.834525197274942,0.877451548683443,0.759653089158926,"DDX3X/OXA1L/TRMT5",3
"GO:0051865","protein autoubiquitination","1/342","66/12706",0.0151515151515152,0.562909799751905,-0.592093631462473,0.835610341575025,0.877864194160885,0.760010336703975,"RNF213",1
"GO:0097120","receptor localization to synapse","1/342","66/12706",0.0151515151515152,0.562909799751905,-0.592093631462473,0.835610341575025,0.877864194160885,0.760010336703975,"OGT",1
"GO:0140374","antiviral innate immune response","1/342","66/12706",0.0151515151515152,0.562909799751905,-0.592093631462473,0.835610341575025,0.877864194160885,0.760010336703975,"UBE2W",1
"GO:0003300","cardiac muscle hypertrophy","1/342","67/12706",0.0149253731343284,0.554508160949638,-0.60805335148384,0.840058226320384,0.880833253301186,0.762580797661289,"FOXP1",1
"GO:0007589","body fluid secretion","1/342","67/12706",0.0149253731343284,0.554508160949638,-0.60805335148384,0.840058226320384,0.880833253301186,0.762580797661289,"CYBA",1
"GO:0010657","muscle cell apoptotic process","1/342","67/12706",0.0149253731343284,0.554508160949638,-0.60805335148384,0.840058226320384,0.880833253301186,0.762580797661289,"SOD2",1
"GO:0030901","midbrain development","1/342","67/12706",0.0149253731343284,0.554508160949638,-0.60805335148384,0.840058226320384,0.880833253301186,0.762580797661289,"BASP1",1
"GO:0032412","regulation of monoatomic ion transmembrane transporter activity","1/342","67/12706",0.0149253731343284,0.554508160949638,-0.60805335148384,0.840058226320384,0.880833253301186,0.762580797661289,"CTSS",1
"GO:0140115","export across plasma membrane","1/342","67/12706",0.0149253731343284,0.554508160949638,-0.60805335148384,0.840058226320384,0.880833253301186,0.762580797661289,"ATP2B1",1
"GO:1901880","negative regulation of protein depolymerization","1/342","67/12706",0.0149253731343284,0.554508160949638,-0.60805335148384,0.840058226320384,0.880833253301186,0.762580797661289,"TAOK1",1
"GO:0007292","female gamete generation","2/342","121/12706",0.0165289256198347,0.614083417911169,-0.709382392192909,0.841250879653574,0.881840596758447,0.76345290458309,"ETV6/PTEN",2
"GO:0006414","translational elongation","1/342","68/12706",0.0147058823529412,0.546353629170967,-0.623811836828164,0.844386107212735,0.883371632106004,0.764778397407313,"EEF1G",1
"GO:0006635","fatty acid beta-oxidation","1/342","68/12706",0.0147058823529412,0.546353629170967,-0.623811836828164,0.844386107212735,0.883371632106004,0.764778397407313,"ETFB",1
"GO:0014897","striated muscle hypertrophy","1/342","68/12706",0.0147058823529412,0.546353629170967,-0.623811836828164,0.844386107212735,0.883371632106004,0.764778397407313,"FOXP1",1
"GO:0015807","L-amino acid transport","1/342","68/12706",0.0147058823529412,0.546353629170967,-0.623811836828164,0.844386107212735,0.883371632106004,0.764778397407313,"SEPTIN2",1
"GO:0032370","positive regulation of lipid transport","1/342","68/12706",0.0147058823529412,0.546353629170967,-0.623811836828164,0.844386107212735,0.883371632106004,0.764778397407313,"GPS2",1
"GO:0035418","protein localization to synapse","1/342","68/12706",0.0147058823529412,0.546353629170967,-0.623811836828164,0.844386107212735,0.883371632106004,0.764778397407313,"OGT",1
"GO:0048488","synaptic vesicle endocytosis","1/342","68/12706",0.0147058823529412,0.546353629170967,-0.623811836828164,0.844386107212735,0.883371632106004,0.764778397407313,"AP3D1",1
"GO:0051783","regulation of nuclear division","2/342","122/12706",0.0163934426229508,0.609049947272553,-0.721626920130838,0.844570195345955,0.883371632106004,0.764778397407313,"DUSP1/CALR",2
"GO:0001935","endothelial cell proliferation","2/342","123/12706",0.016260162601626,0.604098321684971,-0.733784763604221,0.847826519500974,0.886533670831327,0.767515930310794,"JUN/CYBA",2
"GO:0001942","hair follicle development","1/342","69/12706",0.0144927536231884,0.538435460632257,-0.639375334144977,0.848597212714654,0.886851732474193,0.767791291964562,"NUMA1",1
"GO:0030166","proteoglycan biosynthetic process","1/342","69/12706",0.0144927536231884,0.538435460632257,-0.639375334144977,0.848597212714654,0.886851732474193,0.767791291964562,"HS6ST1",1
"GO:0060047","heart contraction","3/342","173/12706",0.0173410404624277,0.644255146536862,-0.783528949348723,0.848842823344323,0.88686463708577,0.767802464123371,"GRK2/FLNA/ATP2B1",3
"GO:0046486","glycerolipid metabolic process","6/342","313/12706",0.0191693290734824,0.712179810548736,-0.857484124349145,0.851543192401363,0.889441543271973,0.770033418923963,"SLC44A1/SMG1/DGKZ/PTEN/SORL1/APOC2",6
"GO:0006942","regulation of striated muscle contraction","1/342","70/12706",0.0142857142857143,0.530743525480368,-0.654749799922084,0.852694684682018,0.889910840285763,0.770439712498569,"GRK2",1
"GO:0060337","type I interferon-mediated signaling pathway","1/342","70/12706",0.0142857142857143,0.530743525480368,-0.654749799922084,0.852694684682018,0.889910840285763,0.770439712498569,"ADAR",1
"GO:0097061","dendritic spine organization","1/342","70/12706",0.0142857142857143,0.530743525480368,-0.654749799922084,0.852694684682018,0.889910840285763,0.770439712498569,"PTEN",1
"GO:0050769","positive regulation of neurogenesis","3/342","175/12706",0.0171428571428571,0.636892230576441,-0.804419501249661,0.854262092663884,0.891301996791462,0.771644105309367,"MACF1/TGFB1/QKI",3
"GO:0022404","molting cycle process","1/342","71/12706",0.0140845070422535,0.523268264558109,-0.669940918116762,0.856681580680653,0.892601635995572,0.772769267077758,"NUMA1",1
"GO:0022405","hair cycle process","1/342","71/12706",0.0140845070422535,0.523268264558109,-0.669940918116762,0.856681580680653,0.892601635995572,0.772769267077758,"NUMA1",1
"GO:0045132","meiotic chromosome segregation","1/342","71/12706",0.0140845070422535,0.523268264558109,-0.669940918116762,0.856681580680653,0.892601635995572,0.772769267077758,"PTEN",1
"GO:0060260","regulation of transcription initiation by RNA polymerase II","1/342","71/12706",0.0140845070422535,0.523268264558109,-0.669940918116762,0.856681580680653,0.892601635995572,0.772769267077758,"NFKBIA",1
"GO:0071357","cellular response to type I interferon","1/342","71/12706",0.0140845070422535,0.523268264558109,-0.669940918116762,0.856681580680653,0.892601635995572,0.772769267077758,"ADAR",1
"GO:0050796","regulation of insulin secretion","2/342","127/12706",0.015748031496063,0.585071602891744,-0.781578942119187,0.860241274088877,0.89606502029751,0.775767689711873,"TARDBP/PFKL",2
"GO:0032024","positive regulation of insulin secretion","1/342","72/12706",0.0138888888888889,0.51600064977258,-0.684954116475661,0.860560876241177,0.896152410700891,0.775843347894927,"TARDBP",1
"GO:0007423","sensory organ development","8/342","407/12706",0.0196560196560197,0.730261361840309,-0.919869785240651,0.861572473153826,0.896960170572521,0.776542665461467,"FOS/GRN/JUN/TGFB1/SMCHD1/GNB1/RARA/HIPK2",8
"GO:0008654","phospholipid biosynthetic process","4/342","226/12706",0.0176991150442478,0.657558350152668,-0.86388194456743,0.861974505101689,0.8971330600593,0.776692344418569,"SLC44A1/SMG1/DGKZ/PTEN",4
"GO:0008589","regulation of smoothened signaling pathway","1/342","73/12706",0.0136986301369863,0.5089321477209,-0.699794581658077,0.864335467053708,0.89885214598966,0.778180641908599,"UBR5",1
"GO:0042632","cholesterol homeostasis","1/342","73/12706",0.0136986301369863,0.5089321477209,-0.699794581658077,0.864335467053708,0.89885214598966,0.778180641908599,"APOC2",1
"GO:0044344","cellular response to fibroblast growth factor stimulus","1/342","73/12706",0.0136986301369863,0.5089321477209,-0.699794581658077,0.864335467053708,0.89885214598966,0.778180641908599,"ZFP36",1
"GO:0008033","tRNA processing","2/342","129/12706",0.0155038759689922,0.576000725327531,-0.804993415186085,0.866095689257132,0.900190216116899,0.779339075222886,"RPP21/TRMT5",2
"GO:0032543","mitochondrial translation","2/342","129/12706",0.0155038759689922,0.576000725327531,-0.804993415186085,0.866095689257132,0.900190216116899,0.779339075222886,"DDX3X/OXA1L",2
"GO:0006720","isoprenoid metabolic process","1/342","74/12706",0.0135135135135135,0.502054686265213,-0.714467273265809,0.868008171104023,0.90168499085724,0.780633175450757,"SCPEP1",1
"GO:0055092","sterol homeostasis","1/342","74/12706",0.0135135135135135,0.502054686265213,-0.714467273265809,0.868008171104023,0.90168499085724,0.780633175450757,"APOC2",1
"GO:0003015","heart process","3/342","181/12706",0.0165745856353591,0.615779780944073,-0.865867671635331,0.86951605138143,0.903004651011253,0.781775670343085,"GRK2/FLNA/ATP2B1",3
"GO:0022600","digestive system process","1/342","75/12706",0.0133333333333333,0.495360623781677,-0.728976936872589,0.871581730752727,0.904557222650454,0.783119808197339,"TYMP",1
"GO:1903008","organelle disassembly","1/342","75/12706",0.0133333333333333,0.495360623781677,-0.728976936872589,0.871581730752727,0.904557222650454,0.783119808197339,"ETF1",1
"GO:0046488","phosphatidylinositol metabolic process","2/342","131/12706",0.0152671755725191,0.567206821124057,-0.828100311212013,0.8717247932118,0.904557222650454,0.783119808197339,"SMG1/PTEN",2
"GO:0048736","appendage development","2/342","132/12706",0.0151515151515152,0.562909799751905,-0.839541553569568,0.874457150262082,0.906897459164331,0.785145866388013,"MBNL1/RARA",2
"GO:0060173","limb development","2/342","132/12706",0.0151515151515152,0.562909799751905,-0.839541553569568,0.874457150262082,0.906897459164331,0.785145866388013,"MBNL1/RARA",2
"GO:0043242","negative regulation of protein-containing complex disassembly","1/342","76/12706",0.0131578947368421,0.488842720837181,-0.74332811613705,0.875058814758947,0.907273960652718,0.785471822298804,"TAOK1",1
"GO:0071466","cellular response to xenobiotic stimulus","2/342","133/12706",0.0150375939849624,0.558677395242492,-0.850909603152241,0.877135918283467,0.909179596868523,0.787121625573209,"VKORC1/CD69",2
"GO:0003333","amino acid transmembrane transport","1/342","77/12706",0.012987012987013,0.482494114073061,-0.757525164075112,0.878442020250035,0.909293918048089,0.787220599057664,"SEPTIN2",1
"GO:0006835","dicarboxylic acid transport","1/342","77/12706",0.012987012987013,0.482494114073061,-0.757525164075112,0.878442020250035,0.909293918048089,0.787220599057664,"SEPTIN2",1
"GO:0009581","detection of external stimulus","1/342","77/12706",0.012987012987013,0.482494114073061,-0.757525164075112,0.878442020250035,0.909293918048089,0.787220599057664,"GNAQ",1
"GO:0034340","response to type I interferon","1/342","77/12706",0.012987012987013,0.482494114073061,-0.757525164075112,0.878442020250035,0.909293918048089,0.787220599057664,"ADAR",1
"GO:0036465","synaptic vesicle recycling","1/342","77/12706",0.012987012987013,0.482494114073061,-0.757525164075112,0.878442020250035,0.909293918048089,0.787220599057664,"AP3D1",1
"GO:0000086","G2/M transition of mitotic cell cycle","2/342","134/12706",0.0149253731343284,0.554508160949638,-0.862205631563274,0.879761991774489,0.910412382342571,0.788188908769683,"NOP53/TAOK1",2
"GO:0009582","detection of abiotic stimulus","1/342","78/12706",0.0128205128205128,0.476308292097766,-0.771572253560466,0.881733874638703,0.911956526489758,0.789525750528384,"GNAQ",1
"GO:0050773","regulation of dendrite development","1/342","78/12706",0.0128205128205128,0.476308292097766,-0.771572253560466,0.881733874638703,0.911956526489758,0.789525750528384,"PREX1",1
"GO:0006633","fatty acid biosynthetic process","2/342","136/12706",0.0147058823529412,0.546353629170967,-0.884586171219738,0.884859587185635,0.914771575892654,0.791962877658941,"QKI/APOC2",2
"GO:0021549","cerebellum development","1/342","79/12706",0.0126582278481013,0.470279073210452,-0.785473387115419,0.884936837489001,0.914771575892654,0.791962877658941,"HNRNPD",1
"GO:0046883","regulation of hormone secretion","3/342","188/12706",0.0159574468085106,0.592851810377006,-0.935373040855192,0.885521109910597,0.915126735493366,0.792270356844806,"TARDBP/PFKL/RAB11FIP1",3
"GO:0008544","epidermis development","4/342","238/12706",0.0168067226890756,0.624404147623962,-0.972818361358366,0.887151994361012,0.916498006370286,0.79345753368584,"NFKBIZ/PLEC/NUMA1/ZFP36",4
"GO:0030326","embryonic limb morphogenesis","1/342","80/12706",0.0125,0.464400584795322,-0.799232406048597,0.888053302332492,0.916498006370286,0.79345753368584,"MBNL1",1
"GO:0035113","embryonic appendage morphogenesis","1/342","80/12706",0.0125,0.464400584795322,-0.799232406048597,0.888053302332492,0.916498006370286,0.79345753368584,"MBNL1",1
"GO:0042303","molting cycle","1/342","80/12706",0.0125,0.464400584795322,-0.799232406048597,0.888053302332492,0.916498006370286,0.79345753368584,"NUMA1",1
"GO:0042633","hair cycle","1/342","80/12706",0.0125,0.464400584795322,-0.799232406048597,0.888053302332492,0.916498006370286,0.79345753368584,"NUMA1",1
"GO:0006805","xenobiotic metabolic process","1/342","81/12706",0.0123456790123457,0.458667244242293,-0.812852998990842,0.891085598435952,0.919377868454136,0.795950772351417,"VKORC1",1
"GO:0099111","microtubule-based transport","3/342","192/12706",0.015625,0.580500730994152,-0.974102452893343,0.893861260245861,0.92142175211933,0.797720263262312,"BORCS8/DYNC1H1/AP3D1",3
"GO:0032465","regulation of cytokinesis","1/342","82/12706",0.0121951219512195,0.453073741263728,-0.826338709876042,0.894035992521885,0.92142175211933,0.797720263262312,"BIRC6",1
"GO:0042476","odontogenesis","1/342","82/12706",0.0121951219512195,0.453073741263728,-0.826338709876042,0.894035992521885,0.92142175211933,0.797720263262312,"TGFB1",1
"GO:1905954","positive regulation of lipid localization","1/342","82/12706",0.0121951219512195,0.453073741263728,-0.826338709876042,0.894035992521885,0.92142175211933,0.797720263262312,"GPS2",1
"GO:0006941","striated muscle contraction","2/342","140/12706",0.0142857142857143,0.530743525480368,-0.928531524758642,0.894460766490052,0.921609711164005,0.797882988679046,"GRK2/FLNA",2
"GO:0002526","acute inflammatory response","1/342","83/12706",0.0120481927710843,0.447615021489467,-0.839692945409418,0.896906690443108,0.923129192491796,0.799198478618413,"SPN",1
"GO:0015695","organic cation transport","1/342","83/12706",0.0120481927710843,0.447615021489467,-0.839692945409418,0.896906690443108,0.923129192491796,0.799198478618413,"SLC44A1",1
"GO:0015908","fatty acid transport","1/342","83/12706",0.0120481927710843,0.447615021489467,-0.839692945409418,0.896906690443108,0.923129192491796,0.799198478618413,"SYK",1
"GO:0019217","regulation of fatty acid metabolic process","1/342","83/12706",0.0120481927710843,0.447615021489467,-0.839692945409418,0.896906690443108,0.923129192491796,0.799198478618413,"APOC2",1
"GO:0007586","digestion","1/342","84/12706",0.0119047619047619,0.44228627123364,-0.852918982062118,0.899699838812628,0.92525257970398,0.801036799671736,"TYMP",1
"GO:0019218","regulation of steroid metabolic process","1/342","84/12706",0.0119047619047619,0.44228627123364,-0.852918982062118,0.899699838812628,0.92525257970398,0.801036799671736,"QKI",1
"GO:0042100","B cell proliferation","1/342","84/12706",0.0119047619047619,0.44228627123364,-0.852918982062118,0.899699838812628,0.92525257970398,0.801036799671736,"NFKBIZ",1
"GO:0048593","camera-type eye morphogenesis","1/342","85/12706",0.0117647058823529,0.437082903336773,-0.866019972627533,0.902417526590008,0.927796494347001,0.803239192065968,"HIPK2",1
"GO:0019751","polyol metabolic process","1/342","86/12706",0.0116279069767442,0.432000543995648,-0.878998952371754,0.905061786625363,0.930012138580981,0.805157384573971,"PLEK",1
"GO:0022037","metencephalon development","1/342","86/12706",0.0116279069767442,0.432000543995648,-0.878998952371754,0.905061786625363,0.930012138580981,0.805157384573971,"HNRNPD",1
"GO:0006575","modified amino acid metabolic process","2/342","145/12706",0.0137931034482759,0.512442024601734,-0.982017094368307,0.905417345773956,0.930126114194158,0.805256058884557,"EGLN2/SOD2",2
"GO:0001676","long-chain fatty acid metabolic process","1/342","87/12706",0.0114942528735632,0.427035020501445,-0.891858844807802,0.90763459716214,0.931397230340204,0.806356526834579,"QKI",1
"GO:0006400","tRNA modification","1/342","87/12706",0.0114942528735632,0.427035020501445,-0.891858844807802,0.90763459716214,0.931397230340204,0.806356526834579,"TRMT5",1
"GO:0007613","memory","1/342","87/12706",0.0114942528735632,0.427035020501445,-0.891858844807802,0.90763459716214,0.931397230340204,0.806356526834579,"FOS",1
"GO:0009063","amino acid catabolic process","1/342","87/12706",0.0114942528735632,0.427035020501445,-0.891858844807802,0.90763459716214,0.931397230340204,0.806356526834579,"ETFB",1
"GO:0015748","organophosphate ester transport","2/342","147/12706",0.0136054421768707,0.505470024267017,-1.00298548488287,0.909495495827986,0.933055012179709,0.80779175034911,"NME4/APOC2",2
"GO:0006690","icosanoid metabolic process","1/342","88/12706",0.0113636363636364,0.422182349813929,-0.904602467120815,0.910137883299754,0.933462161398884,0.808144239512254,"SYK",1
"GO:0044839","cell cycle G2/M phase transition","2/342","148/12706",0.0135135135135135,0.502054686265213,-1.0133819332689,0.911472413249848,0.934578779713032,0.809110951068039,"NOP53/TAOK1",2
"GO:0001578","microtubule bundle formation","1/342","89/12706",0.0112359550561798,0.417438727905907,-0.917232535269089,0.912573518417164,0.934699492732235,0.809215458283369,"NUMA1",1
"GO:0006839","mitochondrial transport","1/342","89/12706",0.0112359550561798,0.417438727905907,-0.917232535269089,0.912573518417164,0.934699492732235,0.809215458283369,"HSPA1A",1
"GO:0007368","determination of left/right symmetry","1/342","89/12706",0.0112359550561798,0.417438727905907,-0.917232535269089,0.912573518417164,0.934699492732235,0.809215458283369,"AP1B1",1
"GO:0090277","positive regulation of peptide hormone secretion","1/342","89/12706",0.0112359550561798,0.417438727905907,-0.917232535269089,0.912573518417164,0.934699492732235,0.809215458283369,"TARDBP",1
"GO:0006650","glycerophospholipid metabolic process","4/342","253/12706",0.0158102766798419,0.587384138871553,-1.10252913423864,0.912931147140096,0.93479962429639,0.809302147117808,"SLC44A1/SMG1/DGKZ/PTEN",4
"GO:0048167","regulation of synaptic plasticity","2/342","149/12706",0.0134228187919463,0.49868519172652,-1.02372099467639,0.913408891178613,0.93479962429639,0.809302147117808,"RARA/KMT2A",2
"GO:0090276","regulation of peptide hormone secretion","2/342","149/12706",0.0134228187919463,0.49868519172652,-1.02372099467639,0.913408891178613,0.93479962429639,0.809302147117808,"TARDBP/PFKL",2
"GO:0048598","embryonic morphogenesis","8/342","444/12706",0.018018018018018,0.669406248353617,-1.17930559686309,0.915137833462626,0.936317019059446,0.810615830615158,"DUSP1/TGFB1/MBNL1/RARA/MYH9/EP300/HIPK2/ITGB2",8
"GO:0050804","modulation of chemical synaptic transmission","6/342","353/12706",0.0169971671388102,0.631479548730183,-1.1678407247193,0.917460669320754,0.938441072035918,0.812454728053466,"P2RX1/PPP3R1/RARA/KMT2A/STXBP5/PTEN",6
"GO:0099177","regulation of trans-synaptic signaling","6/342","354/12706",0.0169491525423729,0.629695708197046,-1.1752022778687,0.918717476107542,0.939436461017153,0.813316485395675,"P2RX1/PPP3R1/RARA/KMT2A/STXBP5/PTEN",6
"GO:0051962","positive regulation of nervous system development","3/342","206/12706",0.0145631067961165,0.541049225004258,-1.10449969622207,0.918927984882376,0.939436461017153,0.813316485395675,"MACF1/TGFB1/QKI",3
"GO:0048729","tissue morphogenesis","8/342","448/12706",0.0178571428571429,0.663429406850459,-1.20621925292697,0.919701670362575,0.939974664171642,0.813782434415329,"CSNK2B/TGFB1/FOXP1/FLNA/PPP3R1/RARA/PTEN/CTSH",8
"GO:0006672","ceramide metabolic process","1/342","93/12706",0.010752688172043,0.399484374017481,-0.96666830353439,0.921675282610525,0.941485605718757,0.81509053104531,"P2RX1",1
"GO:0009062","fatty acid catabolic process","1/342","93/12706",0.010752688172043,0.399484374017481,-0.96666830353439,0.921675282610525,0.941485605718757,0.81509053104531,"ETFB",1
"GO:0007127","meiosis I","1/342","94/12706",0.0106382978723404,0.395234540251338,-0.978768118112834,0.923799048038829,0.9431482225144,0.81652994041987,"TOP2B",1
"GO:0060972","left/right pattern formation","1/342","94/12706",0.0106382978723404,0.395234540251338,-0.978768118112834,0.923799048038829,0.9431482225144,0.81652994041987,"AP1B1",1
"GO:0032787","monocarboxylic acid metabolic process","9/342","498/12706",0.0180722891566265,0.6714225322342,-1.24408793659555,0.924282297772447,0.943388267417676,0.816737759133718,"PFKL/ETFB/OGT/SCPEP1/EP300/ZBTB7A/QKI/HK3/APOC2",9
"GO:0019395","fatty acid oxidation","1/342","95/12706",0.0105263157894737,0.391074176669745,-0.990768798722803,0.925865391645768,0.944750461362644,0.817917077627007,"ETFB",1
"GO:0007498","mesoderm development","1/342","96/12706",0.0104166666666667,0.387000487329435,-1.00267247270524,0.927875861557524,0.945786602048715,0.818814115730316,"HCK",1
"GO:0009799","specification of symmetry","1/342","96/12706",0.0104166666666667,0.387000487329435,-1.00267247270524,0.927875861557524,0.945786602048715,0.818814115730316,"AP1B1",1
"GO:0009855","determination of bilateral symmetry","1/342","96/12706",0.0104166666666667,0.387000487329435,-1.00267247270524,0.927875861557524,0.945786602048715,0.818814115730316,"AP1B1",1
"GO:0030148","sphingolipid biosynthetic process","1/342","96/12706",0.0104166666666667,0.387000487329435,-1.00267247270524,0.927875861557524,0.945786602048715,0.818814115730316,"P2RX1",1
"GO:0003014","renal system process","1/342","97/12706",0.0103092783505155,0.38301079158377,-1.01448119770797,0.92983196428134,0.947526434788972,0.820320374757085,"CYBA",1
"GO:0010817","regulation of hormone levels","6/342","365/12706",0.0164383561643836,0.61071857726508,-1.25503496239658,0.931478891530976,0.948703026366392,0.821339008125283,"TARDBP/RBM4/PFKL/RAB11FIP1/SCPEP1/RAF1",6
"GO:0007338","single fertilization","1/342","98/12706",0.0102040816326531,0.379102518200263,-1.02619696470773,0.931735165821175,0.948703026366392,0.821339008125283,"MYH9",1
"GO:0044272","sulfur compound biosynthetic process","1/342","98/12706",0.0102040816326531,0.379102518200263,-1.02619696470773,0.931735165821175,0.948703026366392,0.821339008125283,"MAT2A",1
"GO:0006790","sulfur compound metabolic process","3/342","217/12706",0.0138248847926267,0.513622766593904,-1.20187738033368,0.934704480558514,0.951471602431987,0.823735900995272,"SQOR/SOD2/MAT2A",3
"GO:0035107","appendage morphogenesis","1/342","100/12706",0.01,0.371520467836257,-1.04935727226106,0.935388533334231,0.951658336563218,0.823897565944014,"MBNL1",1
"GO:0035108","limb morphogenesis","1/342","100/12706",0.01,0.371520467836257,-1.04935727226106,0.935388533334231,0.951658336563218,0.823897565944014,"MBNL1",1
"GO:0006644","phospholipid metabolic process","5/342","323/12706",0.0154798761609907,0.57510908333786,-1.28643148587959,0.938653042287227,0.954665953394639,0.826501408196527,"SLC44A1/SMG1/DGKZ/PTEN/APOC2",5
"GO:0061982","meiosis I cell cycle process","1/342","102/12706",0.00980392156862745,0.364235752780644,-1.07216809474158,0.938846922604565,0.954665953394639,0.826501408196527,"TOP2B",1
"GO:0006260","DNA replication","4/342","273/12706",0.0146520146520147,0.544352333826018,-1.26573676919274,0.939119145156803,0.954687430450847,0.826520001943519,"PRKDC/BOD1L1/NASP/MCM5",4
"GO:0007043","cell-cell junction assembly","1/342","103/12706",0.00970873786407767,0.360699483336172,-1.08344679489643,0.940506265072768,0.955586536559772,0.827298402453669,"RPS6",1
"GO:0034440","lipid oxidation","1/342","103/12706",0.00970873786407767,0.360699483336172,-1.08344679489643,0.940506265072768,0.955586536559772,0.827298402453669,"ETFB",1
"GO:0050680","negative regulation of epithelial cell proliferation","1/342","104/12706",0.00961538461538462,0.357231219073324,-1.09464323290847,0.942120710628994,0.956971130593491,0.828497113808756,"TGFB1",1
"GO:0007088","regulation of mitotic nuclear division","1/342","105/12706",0.00952380952380952,0.353829016986912,-1.10575900529328,0.943691470584944,0.958054731952993,0.829435240958224,"DUSP1",1
"GO:0072329","monocarboxylic acid catabolic process","1/342","105/12706",0.00952380952380952,0.353829016986912,-1.10575900529328,0.943691470584944,0.958054731952993,0.829435240958224,"ETFB",1
"GO:0036503","ERAD pathway","1/342","106/12706",0.00943396226415094,0.350491007392696,-1.11679566102397,0.945219723664855,0.959350077248739,0.830556685278332,"CALR",1
"GO:0048592","eye morphogenesis","1/342","107/12706",0.00934579439252336,0.347215390501175,-1.12775470341091,0.946706616879666,0.960602764178406,0.831641198146648,"HIPK2",1
"GO:0007601","visual perception","1/342","108/12706",0.00925925925925926,0.34400043318172,-1.13863759188953,0.948153266377813,0.96104471308143,0.83202381511272,"TGFBI",1
"GO:0007605","sensory perception of sound","1/342","108/12706",0.00925925925925926,0.34400043318172,-1.13863759188953,0.948153266377813,0.96104471308143,0.83202381511272,"RIPOR2",1
"GO:0010565","regulation of ketone metabolic process","1/342","108/12706",0.00925925925925926,0.34400043318172,-1.13863759188953,0.948153266377813,0.96104471308143,0.83202381511272,"APOC2",1
"GO:0030879","mammary gland development","1/342","108/12706",0.00925925925925926,0.34400043318172,-1.13863759188953,0.948153266377813,0.96104471308143,0.83202381511272,"TGFB1",1
"GO:0050953","sensory perception of light stimulus","1/342","110/12706",0.00909090909090909,0.337745879851143,-1.16018053561477,0.950930149451357,0.963602459545325,0.834238182396587,"TGFBI",1
"GO:0046887","positive regulation of hormone secretion","1/342","111/12706",0.00900900900900901,0.334703124176808,-1.17084330526539,0.952262468353202,0.964695418246436,0.83518441065827,"TARDBP",1
"GO:0006869","lipid transport","5/342","339/12706",0.0147492625368732,0.54796529179389,-1.4030086234958,0.953366247342334,0.965494071168948,0.835875843889726,"SYK/GPS2/NME4/NFKBIA/APOC2",5
"GO:0006275","regulation of DNA replication","1/342","112/12706",0.00892857142857143,0.33171470342523,-1.1814353528284,0.953558715738927,0.965494071168948,0.835875843889726,"MCM5",1
"GO:0042180","ketone metabolic process","2/342","177/12706",0.0112994350282486,0.419797138798031,-1.29279357255211,0.95392738133329,0.965610198037584,0.835976380648281,"VKORC1/APOC2",2
"GO:0007204","positive regulation of cytosolic calcium ion concentration","1/342","113/12706",0.00884955752212389,0.328779175076334,-1.19195794231889,0.954819865430628,0.966152316452217,0.836445719301775,"CD4",1
"GO:0006399","tRNA metabolic process","2/342","178/12706",0.0112359550561798,0.417438727905907,-1.30176211521258,0.954971174441723,0.966152316452217,0.836445719301775,"RPP21/TRMT5",2
"GO:0072330","monocarboxylic acid biosynthetic process","2/342","180/12706",0.0111111111111111,0.412800519818064,-1.31958266239305,0.956991443947734,0.967675857628099,0.837764724051902,"QKI/APOC2",2
"GO:0006865","amino acid transport","1/342","115/12706",0.00869565217391304,0.323061276379354,-1.21279963040207,0.957240636648943,0.967675857628099,0.837764724051902,"SEPTIN2",1
"GO:1905039","carboxylic acid transmembrane transport","1/342","115/12706",0.00869565217391304,0.323061276379354,-1.21279963040207,0.957240636648943,0.967675857628099,0.837764724051902,"SEPTIN2",1
"GO:0015718","monocarboxylic acid transport","1/342","118/12706",0.00847457627118644,0.314847854098523,-1.24357089281671,0.96063143608352,0.970587488703041,0.840285466700188,"SYK",1
"GO:1903825","organic acid transmembrane transport","1/342","118/12706",0.00847457627118644,0.314847854098523,-1.24357089281671,0.96063143608352,0.970587488703041,0.840285466700188,"SEPTIN2",1
"GO:0008203","cholesterol metabolic process","1/342","119/12706",0.00840336134453781,0.312202073811981,-1.25370141533531,0.961701030050746,0.971152009628934,0.840774200312765,"QKI",1
"GO:0071805","potassium ion transmembrane transport","1/342","119/12706",0.00840336134453781,0.312202073811981,-1.25370141533531,0.961701030050746,0.971152009628934,0.840774200312765,"FLNA",1
"GO:0010876","lipid localization","5/342","355/12706",0.0140845070422535,0.523268264558109,-1.51515850690532,0.964803555349537,0.974026319022555,0.843262631740505,"SYK/GPS2/NME4/NFKBIA/APOC2",5
"GO:0009566","fertilization","1/342","123/12706",0.00813008130081301,0.302049160842486,-1.29361838954125,0.965697360457592,0.97466986048839,0.843819777332483,"MYH9",1
"GO:0006694","steroid biosynthetic process","1/342","124/12706",0.00806451612903226,0.299613280513111,-1.30345125398949,0.966629690007263,0.975093149749964,0.844186239726498,"QKI",1
"GO:0048839","inner ear development","1/342","124/12706",0.00806451612903226,0.299613280513111,-1.30345125398949,0.966629690007263,0.975093149749964,0.844186239726498,"TGFB1",1
"GO:0050954","sensory perception of mechanical stimulus","1/342","125/12706",0.008,0.297216374269006,-1.31322744098444,0.96753675136615,0.975749264905597,0.844754270981977,"RIPOR2",1
"GO:1902652","secondary alcohol metabolic process","1/342","126/12706",0.00793650793650794,0.29485751415576,-1.32294784702878,0.968419227404046,0.976380244653987,0.845300541275511,"QKI",1
"GO:0016125","sterol metabolic process","1/342","128/12706",0.0078125,0.290250365497076,-1.3422247931506,0.970113063482205,0.977828702905447,0.846554543034229,"QKI",1
"GO:0046394","carboxylic acid biosynthetic process","3/342","258/12706",0.0116279069767442,0.432000543995648,-1.53295311566604,0.971762618284191,0.979231771724488,0.847769248922305,"SYK/QKI/APOC2",3
"GO:0046467","membrane lipid biosynthetic process","1/342","131/12706",0.00763358778625954,0.283603410562028,-1.37074304222077,0.972485467426768,0.979700515939739,0.848175063911947,"P2RX1",1
"GO:0016053","organic acid biosynthetic process","3/342","260/12706",0.0115384615384615,0.428677462887989,-1.54801092481678,0.97292478634996,0.979883453696039,0.848333442151642,"SYK/QKI/APOC2",3
"GO:0170033","L-amino acid metabolic process","1/342","132/12706",0.00757575757575758,0.281454899875953,-1.38014640759627,0.973233775191384,0.979935067075647,0.848378126400384,"EGLN2",1
"GO:0016042","lipid catabolic process","3/342","263/12706",0.0114068441064639,0.423787605896871,-1.57043081627995,0.974583555064237,0.981034333162359,0.849329815276917,"ETFB/SORL1/APOC2",3
"GO:0006520","amino acid metabolic process","2/342","208/12706",0.00961538461538462,0.357231219073324,-1.55448691933184,0.977590559953975,0.983800769969564,0.851724856085392,"EGLN2/ETFB",2
"GO:0043583","ear development","1/342","141/12706",0.00709219858156028,0.263489693500892,-1.46260828102975,0.979118173266081,0.985077347117661,0.852830051894273,"TGFB1",1
"GO:0006665","sphingolipid metabolic process","1/342","142/12706",0.00704225352112676,0.261634132279054,-1.47154216357288,0.979686544515027,0.985127808052402,0.852873738414646,"P2RX1",1
"GO:0006813","potassium ion transport","1/342","142/12706",0.00704225352112676,0.261634132279054,-1.47154216357288,0.979686544515027,0.985127808052402,0.852873738414646,"FLNA",1
"GO:0042445","hormone metabolic process","1/342","143/12706",0.00699300699300699,0.259804522962418,-1.48043265261271,0.980239489578371,0.985212441777526,0.85294701000535,"SCPEP1",1
"GO:0044283","small molecule biosynthetic process","7/342","491/12706",0.0142566191446029,0.529662581436619,-1.76776459339346,0.980288970869116,0.985212441777526,0.85294701000535,"SYK/PLEK/OGT/RANBP2/EP300/QKI/APOC2",7
"GO:0006814","sodium ion transport","1/342","146/12706",0.00684931506849315,0.25446607386045,-1.50684960599414,0.981809886507065,0.986480229518991,0.854044596391341,"TGFB1",1
"GO:0043603","amide metabolic process","5/342","398/12706",0.0125628140703518,0.4667342560757,-1.79767992256833,0.98399731985719,0.988416858678213,0.8557212317857,"P2RX1/SOD2/PICALM/SORL1/CTSH",5
"GO:1901605","alpha-amino acid metabolic process","1/342","153/12706",0.0065359477124183,0.242823835187096,-1.56707497333078,0.985007003280765,0.989169737578835,0.856373036188437,"EGLN2",1
"GO:0043604","amide biosynthetic process","1/342","155/12706",0.00645161290322581,0.239690624410489,-1.5839370580487,0.985812859107213,0.989717583925435,0.856847333795187,"P2RX1",1
"GO:0044282","small molecule catabolic process","3/342","299/12706",0.0100334448160535,0.372763011206947,-1.82538616160297,0.988282472407451,0.991935047543065,0.858767101433363,"PFKL/ETFB/HK3",3
"GO:0046942","carboxylic acid transport","2/342","243/12706",0.00823045267489712,0.305778162828195,-1.81723460924398,0.990283440728081,0.993651650246492,0.860253249071342,"SEPTIN2/SYK",2
"GO:0015849","organic acid transport","2/342","244/12706",0.00819672131147541,0.304524973636277,-1.82433028973316,0.990515453559759,0.993651650246492,0.860253249071342,"SEPTIN2/SYK",2
"GO:0090596","sensory organ morphogenesis","1/342","179/12706",0.00558659217877095,0.207553333986736,-1.77579941622948,0.992694173412886,0.995463384315157,0.861821756624905,"HIPK2",1
"GO:0006631","fatty acid metabolic process","3/342","322/12706",0.0093167701863354,0.346137081835022,-1.97653751657484,0.992951402969782,0.995463384315157,0.861821756624905,"ETFB/QKI/APOC2",3
"GO:0015711","organic anion transport","3/342","323/12706",0.00928792569659443,0.345065450002716,-1.98292877834533,0.993106948108203,0.995463384315157,0.861821756624905,"SEPTIN2/SYK/SLC2A3",3
"GO:0006643","membrane lipid metabolic process","1/342","184/12706",0.00543478260869565,0.201913297737096,-1.81360634260759,0.993638611681502,0.995733790620208,0.862055860701955,"P2RX1",1
"GO:0048562","embryonic organ morphogenesis","1/342","188/12706",0.00531914893617021,0.197617270125669,-1.84337593313925,0.994305699024941,0.995877309718869,0.862180112265263,"HIPK2",1
"GO:0099173","postsynapse organization","1/342","188/12706",0.00531914893617021,0.197617270125669,-1.84337593313925,0.994305699024941,0.995877309718869,0.862180112265263,"PTEN",1
"GO:0007600","sensory perception","3/342","338/12706",0.00887573964497041,0.329751894529222,-2.07713678273307,0.995077789207521,0.995973581620564,0.862263459599519,"GNB1/TGFBI/RIPOR2",3
"GO:0006066","alcohol metabolic process","2/342","271/12706",0.00738007380073801,0.274184847111629,-2.00867035888236,0.99508769036841,0.995973581620564,0.862263459599519,"PLEK/QKI",2
"GO:0007018","microtubule-based movement","3/342","339/12706",0.00884955752212389,0.328779175076334,-2.08331039307821,0.995187700309448,0.995973581620564,0.862263459599519,"BORCS8/DYNC1H1/AP3D1",3
"GO:0016054","organic acid catabolic process","1/342","201/12706",0.00497512437810945,0.184836053649879,-1.93741221406737,0.996028355605252,0.996290399371526,0.862537744354706,"ETFB",1
"GO:0046395","carboxylic acid catabolic process","1/342","201/12706",0.00497512437810945,0.184836053649879,-1.93741221406737,0.996028355605252,0.996290399371526,0.862537744354706,"ETFB",1
"GO:0008202","steroid metabolic process","1/342","240/12706",0.00416666666666667,0.154800194931774,-2.19847907973665,0.998655475705959,0.998655475705959,0.864585307603348,"QKI",1
